[debug] [2025-05-17T21:06:53.899Z] ----------------------------------------------------------------------
[debug] [2025-05-17T21:06:53.901Z] Command:       C:\Program Files\nodejs\node.exe C:\Users\mrsha\AppData\Roaming\npm\node_modules\firebase-tools\lib\bin\firebase.js deploy --only functions
[debug] [2025-05-17T21:06:53.901Z] CLI Version:   14.4.0
[debug] [2025-05-17T21:06:53.901Z] Platform:      win32
[debug] [2025-05-17T21:06:53.902Z] Node Version:  v22.15.0
[debug] [2025-05-17T21:06:53.902Z] Time:          Sat May 17 2025 17:06:53 GMT-0400 (Eastern Daylight Time)
[debug] [2025-05-17T21:06:53.902Z] ----------------------------------------------------------------------
[debug] 
[debug] [2025-05-17T21:06:54.043Z] > command requires scopes: ["email","openid","https://www.googleapis.com/auth/cloudplatformprojects.readonly","https://www.googleapis.com/auth/firebase","https://www.googleapis.com/auth/cloud-platform"]
[debug] [2025-05-17T21:06:54.043Z] > authorizing via signed-in user (srose@norwalkls.com)
[debug] [2025-05-17T21:06:54.043Z] [iam] checking project tranzitti-90210 for permissions ["cloudfunctions.functions.create","cloudfunctions.functions.delete","cloudfunctions.functions.get","cloudfunctions.functions.list","cloudfunctions.functions.update","cloudfunctions.operations.get","firebase.projects.get"]
[debug] [2025-05-17T21:06:54.044Z] Checked if tokens are valid: true, expires at: 1747518830326
[debug] [2025-05-17T21:06:54.044Z] Checked if tokens are valid: true, expires at: 1747518830326
[debug] [2025-05-17T21:06:54.045Z] >>> [apiv2][query] POST https://cloudresourcemanager.googleapis.com/v1/projects/tranzitti-90210:testIamPermissions [none]
[debug] [2025-05-17T21:06:54.045Z] >>> [apiv2][(partial)header] POST https://cloudresourcemanager.googleapis.com/v1/projects/tranzitti-90210:testIamPermissions x-goog-quota-user=projects/tranzitti-90210
[debug] [2025-05-17T21:06:54.045Z] >>> [apiv2][body] POST https://cloudresourcemanager.googleapis.com/v1/projects/tranzitti-90210:testIamPermissions {"permissions":["cloudfunctions.functions.create","cloudfunctions.functions.delete","cloudfunctions.functions.get","cloudfunctions.functions.list","cloudfunctions.functions.update","cloudfunctions.operations.get","firebase.projects.get"]}
[debug] [2025-05-17T21:06:54.398Z] <<< [apiv2][status] POST https://cloudresourcemanager.googleapis.com/v1/projects/tranzitti-90210:testIamPermissions 200
[debug] [2025-05-17T21:06:54.398Z] <<< [apiv2][body] POST https://cloudresourcemanager.googleapis.com/v1/projects/tranzitti-90210:testIamPermissions {"permissions":["cloudfunctions.functions.create","cloudfunctions.functions.delete","cloudfunctions.functions.get","cloudfunctions.functions.list","cloudfunctions.functions.update","cloudfunctions.operations.get","firebase.projects.get"]}
[debug] [2025-05-17T21:06:54.399Z] Checked if tokens are valid: true, expires at: 1747518830326
[debug] [2025-05-17T21:06:54.399Z] Checked if tokens are valid: true, expires at: 1747518830326
[debug] [2025-05-17T21:06:54.399Z] >>> [apiv2][query] POST https://iam.googleapis.com/v1/projects/tranzitti-90210/serviceAccounts/tranzitti-90210@appspot.gserviceaccount.com:testIamPermissions [none]
[debug] [2025-05-17T21:06:54.399Z] >>> [apiv2][body] POST https://iam.googleapis.com/v1/projects/tranzitti-90210/serviceAccounts/tranzitti-90210@appspot.gserviceaccount.com:testIamPermissions {"permissions":["iam.serviceAccounts.actAs"]}
[debug] [2025-05-17T21:06:54.683Z] <<< [apiv2][status] POST https://iam.googleapis.com/v1/projects/tranzitti-90210/serviceAccounts/tranzitti-90210@appspot.gserviceaccount.com:testIamPermissions 200
[debug] [2025-05-17T21:06:54.683Z] <<< [apiv2][body] POST https://iam.googleapis.com/v1/projects/tranzitti-90210/serviceAccounts/tranzitti-90210@appspot.gserviceaccount.com:testIamPermissions {"permissions":["iam.serviceAccounts.actAs"]}
[info] 
[info] === Deploying to 'tranzitti-90210'...
[info] 
[info] i  deploying functions 
[info] Running command: npm --prefix "$RESOURCE_DIR" run lint
[info] Running command: npm --prefix "$RESOURCE_DIR" run build
[info] +  functions: Finished running predeploy script. 
[info] Running command: npm --prefix "$RESOURCE_DIR" run lint
[info] Running command: npm --prefix "$RESOURCE_DIR" run build
[info] +  functions: Finished running predeploy script. 
[debug] [2025-05-17T21:07:06.307Z] Checked if tokens are valid: true, expires at: 1747518830326
[debug] [2025-05-17T21:07:06.307Z] Checked if tokens are valid: true, expires at: 1747518830326
[debug] [2025-05-17T21:07:06.307Z] >>> [apiv2][query] GET https://serviceusage.googleapis.com/v1/projects/tranzitti-90210/services/cloudresourcemanager.googleapis.com [none]
[debug] [2025-05-17T21:07:06.307Z] >>> [apiv2][(partial)header] GET https://serviceusage.googleapis.com/v1/projects/tranzitti-90210/services/cloudresourcemanager.googleapis.com x-goog-quota-user=projects/tranzitti-90210
[debug] [2025-05-17T21:07:06.841Z] <<< [apiv2][status] GET https://serviceusage.googleapis.com/v1/projects/tranzitti-90210/services/cloudresourcemanager.googleapis.com 200
[debug] [2025-05-17T21:07:06.842Z] <<< [apiv2][body] GET https://serviceusage.googleapis.com/v1/projects/tranzitti-90210/services/cloudresourcemanager.googleapis.com [omitted]
[debug] [2025-05-17T21:07:06.842Z] Checked if tokens are valid: true, expires at: 1747518830326
[debug] [2025-05-17T21:07:06.842Z] Checked if tokens are valid: true, expires at: 1747518830326
[debug] [2025-05-17T21:07:06.842Z] >>> [apiv2][query] GET https://cloudresourcemanager.googleapis.com/v1/projects/tranzitti-90210 [none]
[debug] [2025-05-17T21:07:07.160Z] <<< [apiv2][status] GET https://cloudresourcemanager.googleapis.com/v1/projects/tranzitti-90210 200
[debug] [2025-05-17T21:07:07.160Z] <<< [apiv2][body] GET https://cloudresourcemanager.googleapis.com/v1/projects/tranzitti-90210 {"projectNumber":"243323136379","projectId":"tranzitti-90210","lifecycleState":"ACTIVE","name":"Tranzitti","labels":{"firebase":"enabled","firebase-core":"disabled"},"createTime":"2025-05-17T01:54:36.787915Z","parent":{"type":"organization","id":"439686569459"}}
[info] i  functions: preparing codebase default for deployment 
[info] i  functions: preparing codebase auth-functions for deployment 
[info] i  functions: ensuring required API cloudfunctions.googleapis.com is enabled... 
[debug] [2025-05-17T21:07:07.162Z] Checked if tokens are valid: true, expires at: 1747518830326
[debug] [2025-05-17T21:07:07.162Z] Checked if tokens are valid: true, expires at: 1747518830326
[debug] [2025-05-17T21:07:07.162Z] Checked if tokens are valid: true, expires at: 1747518830326
[debug] [2025-05-17T21:07:07.162Z] Checked if tokens are valid: true, expires at: 1747518830326
[info] i  functions: ensuring required API cloudbuild.googleapis.com is enabled... 
[debug] [2025-05-17T21:07:07.163Z] Checked if tokens are valid: true, expires at: 1747518830326
[debug] [2025-05-17T21:07:07.163Z] Checked if tokens are valid: true, expires at: 1747518830326
[info] i  artifactregistry: ensuring required API artifactregistry.googleapis.com is enabled... 
[debug] [2025-05-17T21:07:07.163Z] Checked if tokens are valid: true, expires at: 1747518830326
[debug] [2025-05-17T21:07:07.163Z] Checked if tokens are valid: true, expires at: 1747518830326
[debug] [2025-05-17T21:07:07.164Z] >>> [apiv2][query] GET https://serviceusage.googleapis.com/v1/projects/tranzitti-90210/services/cloudfunctions.googleapis.com [none]
[debug] [2025-05-17T21:07:07.164Z] >>> [apiv2][(partial)header] GET https://serviceusage.googleapis.com/v1/projects/tranzitti-90210/services/cloudfunctions.googleapis.com x-goog-quota-user=projects/tranzitti-90210
[debug] [2025-05-17T21:07:07.164Z] >>> [apiv2][query] GET https://serviceusage.googleapis.com/v1/projects/tranzitti-90210/services/runtimeconfig.googleapis.com [none]
[debug] [2025-05-17T21:07:07.164Z] >>> [apiv2][(partial)header] GET https://serviceusage.googleapis.com/v1/projects/tranzitti-90210/services/runtimeconfig.googleapis.com x-goog-quota-user=projects/tranzitti-90210
[debug] [2025-05-17T21:07:07.166Z] >>> [apiv2][query] GET https://serviceusage.googleapis.com/v1/projects/tranzitti-90210/services/cloudbuild.googleapis.com [none]
[debug] [2025-05-17T21:07:07.166Z] >>> [apiv2][(partial)header] GET https://serviceusage.googleapis.com/v1/projects/tranzitti-90210/services/cloudbuild.googleapis.com x-goog-quota-user=projects/tranzitti-90210
[debug] [2025-05-17T21:07:07.167Z] >>> [apiv2][query] GET https://serviceusage.googleapis.com/v1/projects/tranzitti-90210/services/artifactregistry.googleapis.com [none]
[debug] [2025-05-17T21:07:07.167Z] >>> [apiv2][(partial)header] GET https://serviceusage.googleapis.com/v1/projects/tranzitti-90210/services/artifactregistry.googleapis.com x-goog-quota-user=projects/tranzitti-90210
[debug] [2025-05-17T21:07:07.544Z] <<< [apiv2][status] GET https://serviceusage.googleapis.com/v1/projects/tranzitti-90210/services/cloudfunctions.googleapis.com 200
[debug] [2025-05-17T21:07:07.544Z] <<< [apiv2][body] GET https://serviceusage.googleapis.com/v1/projects/tranzitti-90210/services/cloudfunctions.googleapis.com [omitted]
[info] +  functions: required API cloudfunctions.googleapis.com is enabled 
[debug] [2025-05-17T21:07:07.607Z] <<< [apiv2][status] GET https://serviceusage.googleapis.com/v1/projects/tranzitti-90210/services/artifactregistry.googleapis.com 200
[debug] [2025-05-17T21:07:07.608Z] <<< [apiv2][body] GET https://serviceusage.googleapis.com/v1/projects/tranzitti-90210/services/artifactregistry.googleapis.com [omitted]
[info] +  artifactregistry: required API artifactregistry.googleapis.com is enabled 
[debug] [2025-05-17T21:07:07.624Z] <<< [apiv2][status] GET https://serviceusage.googleapis.com/v1/projects/tranzitti-90210/services/cloudbuild.googleapis.com 200
[debug] [2025-05-17T21:07:07.624Z] <<< [apiv2][body] GET https://serviceusage.googleapis.com/v1/projects/tranzitti-90210/services/cloudbuild.googleapis.com [omitted]
[info] +  functions: required API cloudbuild.googleapis.com is enabled 
[debug] [2025-05-17T21:07:07.675Z] <<< [apiv2][status] GET https://serviceusage.googleapis.com/v1/projects/tranzitti-90210/services/runtimeconfig.googleapis.com 200
[debug] [2025-05-17T21:07:07.675Z] <<< [apiv2][body] GET https://serviceusage.googleapis.com/v1/projects/tranzitti-90210/services/runtimeconfig.googleapis.com [omitted]
[debug] [2025-05-17T21:07:07.675Z] Checked if tokens are valid: true, expires at: 1747518830326
[debug] [2025-05-17T21:07:07.676Z] Checked if tokens are valid: true, expires at: 1747518830326
[debug] [2025-05-17T21:07:07.676Z] >>> [apiv2][query] GET https://firebase.googleapis.com/v1beta1/projects/tranzitti-90210/adminSdkConfig [none]
[debug] [2025-05-17T21:07:08.104Z] <<< [apiv2][status] GET https://firebase.googleapis.com/v1beta1/projects/tranzitti-90210/adminSdkConfig 200
[debug] [2025-05-17T21:07:08.104Z] <<< [apiv2][body] GET https://firebase.googleapis.com/v1beta1/projects/tranzitti-90210/adminSdkConfig {"projectId":"tranzitti-90210","storageBucket":"tranzitti-90210.firebasestorage.app"}
[debug] [2025-05-17T21:07:08.105Z] Checked if tokens are valid: true, expires at: 1747518830326
[debug] [2025-05-17T21:07:08.105Z] Checked if tokens are valid: true, expires at: 1747518830326
[debug] [2025-05-17T21:07:08.106Z] >>> [apiv2][query] GET https://runtimeconfig.googleapis.com/v1beta1/projects/tranzitti-90210/configs [none]
[debug] [2025-05-17T21:07:08.436Z] <<< [apiv2][status] GET https://runtimeconfig.googleapis.com/v1beta1/projects/tranzitti-90210/configs 200
[debug] [2025-05-17T21:07:08.436Z] <<< [apiv2][body] GET https://runtimeconfig.googleapis.com/v1beta1/projects/tranzitti-90210/configs {}
[debug] [2025-05-17T21:07:08.439Z] Validating nodejs source
[debug] [2025-05-17T21:07:09.322Z] > [functions] package.json contents: {
  "name": "functions",
  "scripts": {
    "lint": "eslint --ext .js,.ts .",
    "build": "tsc",
    "build:watch": "tsc --watch",
    "serve": "npm run build && firebase emulators:start --only functions",
    "shell": "npm run build && firebase functions:shell",
    "start": "npm run shell",
    "deploy": "firebase deploy --only functions",
    "logs": "firebase functions:log"
  },
  "engines": {
    "node": "22"
  },
  "main": "lib/index.js",
  "dependencies": {
    "firebase-admin": "^12.6.0",
    "firebase-functions": "^6.0.1"
  },
  "devDependencies": {
    "@typescript-eslint/eslint-plugin": "^5.12.0",
    "@typescript-eslint/parser": "^5.12.0",
    "eslint": "^8.9.0",
    "eslint-config-google": "^0.14.0",
    "eslint-plugin-import": "^2.25.4",
    "firebase-functions-test": "^3.1.0",
    "typescript": "^4.9.0"
  },
  "private": true
}
[debug] [2025-05-17T21:07:09.323Z] Building nodejs source
[info] i  functions: Loading and analyzing source code for codebase default to determine what to deploy 
[debug] [2025-05-17T21:07:09.324Z] Could not find functions.yaml. Must use http discovery
[debug] [2025-05-17T21:07:09.330Z] Found firebase-functions binary at 'C:\Users\mrsha\Desktop\Tranzit.ioNew\functions\node_modules\.bin\firebase-functions'
[info] Serving at port 8620

[debug] [2025-05-17T21:07:09.793Z] Got response from /__/functions.yaml {"endpoints":{"helloWorld":{"availableMemoryMb":null,"timeoutSeconds":null,"minInstances":null,"maxInstances":null,"ingressSettings":null,"concurrency":null,"serviceAccountEmail":null,"vpc":null,"platform":"gcfv2","labels":{},"httpsTrigger":{},"entryPoint":"helloWorld"}},"specVersion":"v1alpha1","requiredAPIs":[],"extensions":{}}
[debug] [2025-05-17T21:07:13.840Z] Validating nodejs source
[debug] [2025-05-17T21:07:14.645Z] > [functions] package.json contents: {
  "name": "functions",
  "scripts": {
    "lint": "eslint --ext .js,.ts .",
    "build": "tsc",
    "build:watch": "tsc --watch",
    "serve": "npm run build && firebase emulators:start --only functions",
    "shell": "npm run build && firebase functions:shell",
    "start": "npm run shell",
    "deploy": "firebase deploy --only functions",
    "logs": "firebase functions:log"
  },
  "engines": {
    "node": "22"
  },
  "main": "lib/index.js",
  "dependencies": {
    "firebase-admin": "^12.7.0",
    "firebase-functions": "^6.3.2"
  },
  "devDependencies": {
    "@typescript-eslint/eslint-plugin": "^5.12.0",
    "@typescript-eslint/parser": "^5.12.0",
    "eslint": "^8.9.0",
    "eslint-config-google": "^0.14.0",
    "eslint-plugin-import": "^2.25.4",
    "firebase-functions-test": "^3.1.0",
    "typescript": "^4.9.0"
  },
  "private": true
}
[debug] [2025-05-17T21:07:14.645Z] Building nodejs source
[info] i  functions: Loading and analyzing source code for codebase auth-functions to determine what to deploy 
[debug] [2025-05-17T21:07:14.646Z] Could not find functions.yaml. Must use http discovery
[debug] [2025-05-17T21:07:14.651Z] Found firebase-functions binary at 'C:\Users\mrsha\Desktop\Tranzit.ioNew\auth-functions\node_modules\.bin\firebase-functions'
[info] Serving at port 8335

[debug] [2025-05-17T21:07:15.018Z] Got response from /__/functions.yaml {"endpoints":{"setUserRole":{"availableMemoryMb":null,"timeoutSeconds":null,"minInstances":null,"maxInstances":null,"ingressSettings":null,"concurrency":null,"serviceAccountEmail":null,"vpc":null,"platform":"gcfv2","labels":{},"callableTrigger":{},"entryPoint":"setUserRole"},"getUserRole":{"availableMemoryMb":null,"timeoutSeconds":null,"minInstances":null,"maxInstances":null,"ingressSettings":null,"concurrency":null,"serviceAccountEmail":null,"vpc":null,"platform":"gcfv2","labels":{},"callableTrigger":{},"entryPoint":"getUserRole"}},"specVersion":"v1alpha1","requiredAPIs":[],"extensions":{}}
[info] i  extensions: ensuring required API firebaseextensions.googleapis.com is enabled... 
[debug] [2025-05-17T21:07:19.052Z] Checked if tokens are valid: true, expires at: 1747518830326
[debug] [2025-05-17T21:07:19.052Z] Checked if tokens are valid: true, expires at: 1747518830326
[debug] [2025-05-17T21:07:19.052Z] >>> [apiv2][query] GET https://serviceusage.googleapis.com/v1/projects/tranzitti-90210/services/firebaseextensions.googleapis.com [none]
[debug] [2025-05-17T21:07:19.052Z] >>> [apiv2][(partial)header] GET https://serviceusage.googleapis.com/v1/projects/tranzitti-90210/services/firebaseextensions.googleapis.com x-goog-quota-user=projects/tranzitti-90210
[debug] [2025-05-17T21:07:19.485Z] <<< [apiv2][status] GET https://serviceusage.googleapis.com/v1/projects/tranzitti-90210/services/firebaseextensions.googleapis.com 200
[debug] [2025-05-17T21:07:19.485Z] <<< [apiv2][body] GET https://serviceusage.googleapis.com/v1/projects/tranzitti-90210/services/firebaseextensions.googleapis.com [omitted]
[info] +  extensions: required API firebaseextensions.googleapis.com is enabled 
[debug] [2025-05-17T21:07:19.486Z] > command requires scopes: ["email","openid","https://www.googleapis.com/auth/cloudplatformprojects.readonly","https://www.googleapis.com/auth/firebase","https://www.googleapis.com/auth/cloud-platform"]
[debug] [2025-05-17T21:07:19.486Z] > authorizing via signed-in user (srose@norwalkls.com)
[debug] [2025-05-17T21:07:19.486Z] [iam] checking project tranzitti-90210 for permissions ["firebase.projects.get","firebaseextensions.instances.list"]
[debug] [2025-05-17T21:07:19.487Z] Checked if tokens are valid: true, expires at: 1747518830326
[debug] [2025-05-17T21:07:19.487Z] Checked if tokens are valid: true, expires at: 1747518830326
[debug] [2025-05-17T21:07:19.487Z] >>> [apiv2][query] POST https://cloudresourcemanager.googleapis.com/v1/projects/tranzitti-90210:testIamPermissions [none]
[debug] [2025-05-17T21:07:19.487Z] >>> [apiv2][(partial)header] POST https://cloudresourcemanager.googleapis.com/v1/projects/tranzitti-90210:testIamPermissions x-goog-quota-user=projects/tranzitti-90210
[debug] [2025-05-17T21:07:19.487Z] >>> [apiv2][body] POST https://cloudresourcemanager.googleapis.com/v1/projects/tranzitti-90210:testIamPermissions {"permissions":["firebase.projects.get","firebaseextensions.instances.list"]}
[debug] [2025-05-17T21:07:19.789Z] <<< [apiv2][status] POST https://cloudresourcemanager.googleapis.com/v1/projects/tranzitti-90210:testIamPermissions 200
[debug] [2025-05-17T21:07:19.789Z] <<< [apiv2][body] POST https://cloudresourcemanager.googleapis.com/v1/projects/tranzitti-90210:testIamPermissions {"permissions":["firebase.projects.get","firebaseextensions.instances.list"]}
[debug] [2025-05-17T21:07:19.790Z] Checked if tokens are valid: true, expires at: 1747518830326
[debug] [2025-05-17T21:07:19.790Z] Checked if tokens are valid: true, expires at: 1747518830326
[debug] [2025-05-17T21:07:19.790Z] >>> [apiv2][query] GET https://firebaseextensions.googleapis.com/v1beta/projects/tranzitti-90210/instances pageSize=100&pageToken=
[debug] [2025-05-17T21:07:20.265Z] <<< [apiv2][status] GET https://firebaseextensions.googleapis.com/v1beta/projects/tranzitti-90210/instances 200
[debug] [2025-05-17T21:07:20.266Z] <<< [apiv2][body] GET https://firebaseextensions.googleapis.com/v1beta/projects/tranzitti-90210/instances {}
[info] i  functions: preparing functions directory for uploading... 
[info] i  functions: packaged C:\Users\mrsha\Desktop\Tranzit.ioNew\functions (87.09 KB) for uploading 
[info] i  functions: preparing auth-functions directory for uploading... 
[info] i  functions: packaged C:\Users\mrsha\Desktop\Tranzit.ioNew\auth-functions (92.48 KB) for uploading 
[debug] [2025-05-17T21:07:20.345Z] Checked if tokens are valid: true, expires at: 1747518830326
[debug] [2025-05-17T21:07:20.345Z] Checked if tokens are valid: true, expires at: 1747518830326
[debug] [2025-05-17T21:07:20.345Z] >>> [apiv2][query] GET https://cloudfunctions.googleapis.com/v1/projects/tranzitti-90210/locations/-/functions [none]
[debug] [2025-05-17T21:07:21.861Z] <<< [apiv2][status] GET https://cloudfunctions.googleapis.com/v1/projects/tranzitti-90210/locations/-/functions 200
[debug] [2025-05-17T21:07:21.861Z] <<< [apiv2][body] GET https://cloudfunctions.googleapis.com/v1/projects/tranzitti-90210/locations/-/functions {}
[debug] [2025-05-17T21:07:21.862Z] Checked if tokens are valid: true, expires at: 1747518830326
[debug] [2025-05-17T21:07:21.862Z] Checked if tokens are valid: true, expires at: 1747518830326
[debug] [2025-05-17T21:07:21.862Z] >>> [apiv2][query] GET https://cloudfunctions.googleapis.com/v2/projects/tranzitti-90210/locations/-/functions filter=environment%3D%22GEN_2%22
[debug] [2025-05-17T21:07:22.368Z] <<< [apiv2][status] GET https://cloudfunctions.googleapis.com/v2/projects/tranzitti-90210/locations/-/functions 200
[debug] [2025-05-17T21:07:22.368Z] <<< [apiv2][body] GET https://cloudfunctions.googleapis.com/v2/projects/tranzitti-90210/locations/-/functions {"functions":[{"name":"projects/tranzitti-90210/locations/us-central1/functions/setUserRole","buildConfig":{"build":"projects/243323136379/locations/us-central1/builds/4cf1decc-885c-4e85-9087-fe41aa46811f","runtime":"nodejs22","entryPoint":"setUserRole","source":{"storageSource":{"bucket":"gcf-v2-sources-243323136379-us-central1","object":"setUserRole/function-source.zip","generation":"1747513027713761"}},"environmentVariables":{"GOOGLE_NODE_RUN_SCRIPTS":""},"dockerRepository":"projects/tranzitti-90210/locations/us-central1/repositories/gcf-artifacts","sourceProvenance":{"resolvedStorageSource":{"bucket":"gcf-v2-sources-243323136379-us-central1","object":"setUserRole/function-source.zip","generation":"1747513027713761"}},"dockerRegistry":"ARTIFACT_REGISTRY","serviceAccount":"projects/tranzitti-90210/serviceAccounts/243323136379-compute@developer.gserviceaccount.com","automaticUpdatePolicy":{}},"state":"FAILED","updateTime":"2025-05-17T20:17:28.567629582Z","labels":{"deployment-tool":"cli-firebase","deployment-callable":"true","firebase-functions-codebase":"auth-functions","firebase-functions-hash":"36194583dc557d328f00fd9a3ccda0184a8005eb"},"stateMessages":[{"severity":"ERROR","type":"CloudRunServiceNotFound","message":"Cloud Run service projects/tranzitti-90210/locations/us-central1/services/setuserrole for the function was not found. The function will not work correctly. Please redeploy."}],"environment":"GEN_2","url":"https://us-central1-tranzitti-90210.cloudfunctions.net/setUserRole","createTime":"2025-05-17T20:17:07.939636552Z","satisfiesPzi":true},{"name":"projects/tranzitti-90210/locations/us-central1/functions/getUserRole","buildConfig":{"build":"projects/243323136379/locations/us-central1/builds/6ec1635f-1cf6-4a8e-afbb-f40b90b22333","runtime":"nodejs22","entryPoint":"getUserRole","source":{"storageSource":{"bucket":"gcf-v2-sources-243323136379-us-central1","object":"getUserRole/function-source.zip","generation":"1747513055989719"}},"environmentVariables":{"GOOGLE_NODE_RUN_SCRIPTS":""},"dockerRepository":"projects/tranzitti-90210/locations/us-central1/repositories/gcf-artifacts","sourceProvenance":{"resolvedStorageSource":{"bucket":"gcf-v2-sources-243323136379-us-central1","object":"getUserRole/function-source.zip","generation":"1747513055989719"}},"dockerRegistry":"ARTIFACT_REGISTRY","serviceAccount":"projects/tranzitti-90210/serviceAccounts/243323136379-compute@developer.gserviceaccount.com","automaticUpdatePolicy":{}},"state":"FAILED","updateTime":"2025-05-17T20:17:54.427746349Z","labels":{"deployment-tool":"cli-firebase","deployment-callable":"true","firebase-functions-codebase":"auth-functions","firebase-functions-hash":"36194583dc557d328f00fd9a3ccda0184a8005eb"},"stateMessages":[{"severity":"ERROR","type":"CloudRunServiceNotFound","message":"Cloud Run service projects/tranzitti-90210/locations/us-central1/services/getuserrole for the function was not found. The function will not work correctly. Please redeploy."}],"environment":"GEN_2","url":"https://us-central1-tranzitti-90210.cloudfunctions.net/getUserRole","createTime":"2025-05-17T20:17:36.226669149Z","satisfiesPzi":true}]}
[info] i  functions: ensuring required API run.googleapis.com is enabled... 
[debug] [2025-05-17T21:07:22.373Z] Checked if tokens are valid: true, expires at: 1747518830326
[debug] [2025-05-17T21:07:22.373Z] Checked if tokens are valid: true, expires at: 1747518830326
[info] i  functions: ensuring required API eventarc.googleapis.com is enabled... 
[debug] [2025-05-17T21:07:22.374Z] Checked if tokens are valid: true, expires at: 1747518830326
[debug] [2025-05-17T21:07:22.374Z] Checked if tokens are valid: true, expires at: 1747518830326
[info] i  functions: ensuring required API pubsub.googleapis.com is enabled... 
[debug] [2025-05-17T21:07:22.375Z] Checked if tokens are valid: true, expires at: 1747518830326
[debug] [2025-05-17T21:07:22.375Z] Checked if tokens are valid: true, expires at: 1747518830326
[info] i  functions: ensuring required API storage.googleapis.com is enabled... 
[debug] [2025-05-17T21:07:22.375Z] Checked if tokens are valid: true, expires at: 1747518830326
[debug] [2025-05-17T21:07:22.375Z] Checked if tokens are valid: true, expires at: 1747518830326
[debug] [2025-05-17T21:07:22.376Z] >>> [apiv2][query] GET https://serviceusage.googleapis.com/v1/projects/243323136379/services/run.googleapis.com [none]
[debug] [2025-05-17T21:07:22.376Z] >>> [apiv2][(partial)header] GET https://serviceusage.googleapis.com/v1/projects/243323136379/services/run.googleapis.com x-goog-quota-user=projects/243323136379
[debug] [2025-05-17T21:07:22.377Z] >>> [apiv2][query] GET https://serviceusage.googleapis.com/v1/projects/243323136379/services/eventarc.googleapis.com [none]
[debug] [2025-05-17T21:07:22.377Z] >>> [apiv2][(partial)header] GET https://serviceusage.googleapis.com/v1/projects/243323136379/services/eventarc.googleapis.com x-goog-quota-user=projects/243323136379
[debug] [2025-05-17T21:07:22.379Z] >>> [apiv2][query] GET https://serviceusage.googleapis.com/v1/projects/243323136379/services/pubsub.googleapis.com [none]
[debug] [2025-05-17T21:07:22.379Z] >>> [apiv2][(partial)header] GET https://serviceusage.googleapis.com/v1/projects/243323136379/services/pubsub.googleapis.com x-goog-quota-user=projects/243323136379
[debug] [2025-05-17T21:07:22.380Z] >>> [apiv2][query] GET https://serviceusage.googleapis.com/v1/projects/243323136379/services/storage.googleapis.com [none]
[debug] [2025-05-17T21:07:22.380Z] >>> [apiv2][(partial)header] GET https://serviceusage.googleapis.com/v1/projects/243323136379/services/storage.googleapis.com x-goog-quota-user=projects/243323136379
[debug] [2025-05-17T21:07:22.806Z] <<< [apiv2][status] GET https://serviceusage.googleapis.com/v1/projects/243323136379/services/pubsub.googleapis.com 200
[debug] [2025-05-17T21:07:22.806Z] <<< [apiv2][body] GET https://serviceusage.googleapis.com/v1/projects/243323136379/services/pubsub.googleapis.com [omitted]
[info] +  functions: required API pubsub.googleapis.com is enabled 
[debug] [2025-05-17T21:07:22.807Z] <<< [apiv2][status] GET https://serviceusage.googleapis.com/v1/projects/243323136379/services/eventarc.googleapis.com 200
[debug] [2025-05-17T21:07:22.807Z] <<< [apiv2][body] GET https://serviceusage.googleapis.com/v1/projects/243323136379/services/eventarc.googleapis.com [omitted]
[info] +  functions: required API eventarc.googleapis.com is enabled 
[debug] [2025-05-17T21:07:22.828Z] <<< [apiv2][status] GET https://serviceusage.googleapis.com/v1/projects/243323136379/services/storage.googleapis.com 200
[debug] [2025-05-17T21:07:22.828Z] <<< [apiv2][body] GET https://serviceusage.googleapis.com/v1/projects/243323136379/services/storage.googleapis.com [omitted]
[info] +  functions: required API storage.googleapis.com is enabled 
[debug] [2025-05-17T21:07:22.853Z] <<< [apiv2][status] GET https://serviceusage.googleapis.com/v1/projects/243323136379/services/run.googleapis.com 200
[debug] [2025-05-17T21:07:22.853Z] <<< [apiv2][body] GET https://serviceusage.googleapis.com/v1/projects/243323136379/services/run.googleapis.com [omitted]
[info] +  functions: required API run.googleapis.com is enabled 
[info] i  functions: generating the service identity for pubsub.googleapis.com... 
[debug] [2025-05-17T21:07:22.855Z] Checked if tokens are valid: true, expires at: 1747518830326
[debug] [2025-05-17T21:07:22.855Z] Checked if tokens are valid: true, expires at: 1747518830326
[info] i  functions: generating the service identity for eventarc.googleapis.com... 
[debug] [2025-05-17T21:07:22.855Z] Checked if tokens are valid: true, expires at: 1747518830326
[debug] [2025-05-17T21:07:22.855Z] Checked if tokens are valid: true, expires at: 1747518830326
[debug] [2025-05-17T21:07:22.855Z] >>> [apiv2][query] POST https://serviceusage.googleapis.com/v1beta1/projects/243323136379/services/pubsub.googleapis.com:generateServiceIdentity [none]
[debug] [2025-05-17T21:07:22.855Z] >>> [apiv2][query] POST https://serviceusage.googleapis.com/v1beta1/projects/243323136379/services/eventarc.googleapis.com:generateServiceIdentity [none]
[debug] [2025-05-17T21:07:23.154Z] <<< [apiv2][status] POST https://serviceusage.googleapis.com/v1beta1/projects/243323136379/services/eventarc.googleapis.com:generateServiceIdentity 200
[debug] [2025-05-17T21:07:23.154Z] <<< [apiv2][body] POST https://serviceusage.googleapis.com/v1beta1/projects/243323136379/services/eventarc.googleapis.com:generateServiceIdentity {"name":"operations/finished.DONE_OPERATION","done":true,"response":{"@type":"type.googleapis.com/google.api.serviceusage.v1beta1.ServiceIdentity","email":"service-243323136379@gcp-sa-eventarc.iam.gserviceaccount.com","uniqueId":"114225264947352681424"}}
[debug] [2025-05-17T21:07:23.378Z] <<< [apiv2][status] POST https://serviceusage.googleapis.com/v1beta1/projects/243323136379/services/pubsub.googleapis.com:generateServiceIdentity 200
[debug] [2025-05-17T21:07:23.378Z] <<< [apiv2][body] POST https://serviceusage.googleapis.com/v1beta1/projects/243323136379/services/pubsub.googleapis.com:generateServiceIdentity {"name":"operations/finished.DONE_OPERATION","done":true,"response":{"@type":"type.googleapis.com/google.api.serviceusage.v1beta1.ServiceIdentity","email":"service-243323136379@gcp-sa-pubsub.iam.gserviceaccount.com","uniqueId":"114267368831450114871"}}
[debug] [2025-05-17T21:07:23.381Z] Checked if tokens are valid: true, expires at: 1747518830326
[debug] [2025-05-17T21:07:23.381Z] Checked if tokens are valid: true, expires at: 1747518830326
[debug] [2025-05-17T21:07:23.382Z] >>> [apiv2][query] GET https://serviceusage.googleapis.com/v1/projects/tranzitti-90210/services/cloudresourcemanager.googleapis.com [none]
[debug] [2025-05-17T21:07:23.382Z] >>> [apiv2][(partial)header] GET https://serviceusage.googleapis.com/v1/projects/tranzitti-90210/services/cloudresourcemanager.googleapis.com x-goog-quota-user=projects/tranzitti-90210
[debug] [2025-05-17T21:07:23.733Z] <<< [apiv2][status] GET https://serviceusage.googleapis.com/v1/projects/tranzitti-90210/services/cloudresourcemanager.googleapis.com 200
[debug] [2025-05-17T21:07:23.733Z] <<< [apiv2][body] GET https://serviceusage.googleapis.com/v1/projects/tranzitti-90210/services/cloudresourcemanager.googleapis.com [omitted]
[debug] [2025-05-17T21:07:23.733Z] Checked if tokens are valid: true, expires at: 1747518830326
[debug] [2025-05-17T21:07:23.734Z] Checked if tokens are valid: true, expires at: 1747518830326
[debug] [2025-05-17T21:07:23.734Z] >>> [apiv2][query] GET https://cloudresourcemanager.googleapis.com/v1/projects/tranzitti-90210 [none]
[debug] [2025-05-17T21:07:23.899Z] <<< [apiv2][status] GET https://cloudresourcemanager.googleapis.com/v1/projects/tranzitti-90210 200
[debug] [2025-05-17T21:07:23.900Z] <<< [apiv2][body] GET https://cloudresourcemanager.googleapis.com/v1/projects/tranzitti-90210 {"projectNumber":"243323136379","projectId":"tranzitti-90210","lifecycleState":"ACTIVE","name":"Tranzitti","labels":{"firebase":"enabled","firebase-core":"disabled"},"createTime":"2025-05-17T01:54:36.787915Z","parent":{"type":"organization","id":"439686569459"}}
[debug] [2025-05-17T21:07:23.900Z] Checked if tokens are valid: true, expires at: 1747518830326
[debug] [2025-05-17T21:07:23.900Z] Checked if tokens are valid: true, expires at: 1747518830326
[debug] [2025-05-17T21:07:23.900Z] >>> [apiv2][query] GET https://compute.googleapis.com/compute/v1/projects/243323136379 [none]
[debug] [2025-05-17T21:07:24.181Z] <<< [apiv2][status] GET https://compute.googleapis.com/compute/v1/projects/243323136379 403
[debug] [2025-05-17T21:07:24.182Z] <<< [apiv2][body] GET https://compute.googleapis.com/compute/v1/projects/243323136379 {"error":{"code":403,"message":"Compute Engine API has not been used in project 243323136379 before or it is disabled. Enable it by visiting https://console.developers.google.com/apis/api/compute.googleapis.com/overview?project=243323136379 then retry. If you enabled this API recently, wait a few minutes for the action to propagate to our systems and retry.","errors":[{"message":"Compute Engine API has not been used in project 243323136379 before or it is disabled. Enable it by visiting https://console.developers.google.com/apis/api/compute.googleapis.com/overview?project=243323136379 then retry. If you enabled this API recently, wait a few minutes for the action to propagate to our systems and retry.","domain":"usageLimits","reason":"accessNotConfigured","extendedHelp":"https://console.developers.google.com"}],"status":"PERMISSION_DENIED","details":[{"@type":"type.googleapis.com/google.rpc.ErrorInfo","reason":"SERVICE_DISABLED","domain":"googleapis.com","metadata":{"serviceTitle":"Compute Engine API","consumer":"projects/243323136379","activationUrl":"https://console.developers.google.com/apis/api/compute.googleapis.com/overview?project=243323136379","service":"compute.googleapis.com","containerInfo":"243323136379"}},{"@type":"type.googleapis.com/google.rpc.LocalizedMessage","locale":"en-US","message":"Compute Engine API has not been used in project 243323136379 before or it is disabled. Enable it by visiting https://console.developers.google.com/apis/api/compute.googleapis.com/overview?project=243323136379 then retry. If you enabled this API recently, wait a few minutes for the action to propagate to our systems and retry."},{"@type":"type.googleapis.com/google.rpc.Help","links":[{"description":"Google developers console API activation","url":"https://console.developers.google.com/apis/api/compute.googleapis.com/overview?project=243323136379"}]}]}}
[debug] [2025-05-17T21:07:24.182Z] unable to look up default compute service account. Falling back to 243323136379-compute@developer.gserviceaccount.com. Error: {"name":"FirebaseError","children":[],"context":{"body":{"error":{"code":403,"message":"Compute Engine API has not been used in project 243323136379 before or it is disabled. Enable it by visiting https://console.developers.google.com/apis/api/compute.googleapis.com/overview?project=243323136379 then retry. If you enabled this API recently, wait a few minutes for the action to propagate to our systems and retry.","errors":[{"message":"Compute Engine API has not been used in project 243323136379 before or it is disabled. Enable it by visiting https://console.developers.google.com/apis/api/compute.googleapis.com/overview?project=243323136379 then retry. If you enabled this API recently, wait a few minutes for the action to propagate to our systems and retry.","domain":"usageLimits","reason":"accessNotConfigured","extendedHelp":"https://console.developers.google.com"}],"status":"PERMISSION_DENIED","details":[{"@type":"type.googleapis.com/google.rpc.ErrorInfo","reason":"SERVICE_DISABLED","domain":"googleapis.com","metadata":{"serviceTitle":"Compute Engine API","consumer":"projects/243323136379","activationUrl":"https://console.developers.google.com/apis/api/compute.googleapis.com/overview?project=243323136379","service":"compute.googleapis.com","containerInfo":"243323136379"}},{"@type":"type.googleapis.com/google.rpc.LocalizedMessage","locale":"en-US","message":"Compute Engine API has not been used in project 243323136379 before or it is disabled. Enable it by visiting https://console.developers.google.com/apis/api/compute.googleapis.com/overview?project=243323136379 then retry. If you enabled this API recently, wait a few minutes for the action to propagate to our systems and retry."},{"@type":"type.googleapis.com/google.rpc.Help","links":[{"description":"Google developers console API activation","url":"https://console.developers.google.com/apis/api/compute.googleapis.com/overview?project=243323136379"}]}]}},"response":{"statusCode":403}},"exit":1,"message":"Request to https://compute.googleapis.com/compute/v1/projects/243323136379 had HTTP Error: 403, Compute Engine API has not been used in project 243323136379 before or it is disabled. Enable it by visiting https://console.developers.google.com/apis/api/compute.googleapis.com/overview?project=243323136379 then retry. If you enabled this API recently, wait a few minutes for the action to propagate to our systems and retry.","status":403}
[debug] [2025-05-17T21:07:24.183Z] Checked if tokens are valid: true, expires at: 1747518830326
[debug] [2025-05-17T21:07:24.183Z] Checked if tokens are valid: true, expires at: 1747518830326
[debug] [2025-05-17T21:07:24.183Z] >>> [apiv2][query] GET https://compute.googleapis.com/compute/v1/projects/243323136379 [none]
[debug] [2025-05-17T21:07:24.323Z] <<< [apiv2][status] GET https://compute.googleapis.com/compute/v1/projects/243323136379 403
[debug] [2025-05-17T21:07:24.324Z] <<< [apiv2][body] GET https://compute.googleapis.com/compute/v1/projects/243323136379 {"error":{"code":403,"message":"Compute Engine API has not been used in project 243323136379 before or it is disabled. Enable it by visiting https://console.developers.google.com/apis/api/compute.googleapis.com/overview?project=243323136379 then retry. If you enabled this API recently, wait a few minutes for the action to propagate to our systems and retry.","errors":[{"message":"Compute Engine API has not been used in project 243323136379 before or it is disabled. Enable it by visiting https://console.developers.google.com/apis/api/compute.googleapis.com/overview?project=243323136379 then retry. If you enabled this API recently, wait a few minutes for the action to propagate to our systems and retry.","domain":"usageLimits","reason":"accessNotConfigured","extendedHelp":"https://console.developers.google.com"}],"status":"PERMISSION_DENIED","details":[{"@type":"type.googleapis.com/google.rpc.ErrorInfo","reason":"SERVICE_DISABLED","domain":"googleapis.com","metadata":{"containerInfo":"243323136379","consumer":"projects/243323136379","activationUrl":"https://console.developers.google.com/apis/api/compute.googleapis.com/overview?project=243323136379","service":"compute.googleapis.com","serviceTitle":"Compute Engine API"}},{"@type":"type.googleapis.com/google.rpc.LocalizedMessage","locale":"en-US","message":"Compute Engine API has not been used in project 243323136379 before or it is disabled. Enable it by visiting https://console.developers.google.com/apis/api/compute.googleapis.com/overview?project=243323136379 then retry. If you enabled this API recently, wait a few minutes for the action to propagate to our systems and retry."},{"@type":"type.googleapis.com/google.rpc.Help","links":[{"description":"Google developers console API activation","url":"https://console.developers.google.com/apis/api/compute.googleapis.com/overview?project=243323136379"}]}]}}
[debug] [2025-05-17T21:07:24.324Z] unable to look up default compute service account. Falling back to 243323136379-compute@developer.gserviceaccount.com. Error: {"name":"FirebaseError","children":[],"context":{"body":{"error":{"code":403,"message":"Compute Engine API has not been used in project 243323136379 before or it is disabled. Enable it by visiting https://console.developers.google.com/apis/api/compute.googleapis.com/overview?project=243323136379 then retry. If you enabled this API recently, wait a few minutes for the action to propagate to our systems and retry.","errors":[{"message":"Compute Engine API has not been used in project 243323136379 before or it is disabled. Enable it by visiting https://console.developers.google.com/apis/api/compute.googleapis.com/overview?project=243323136379 then retry. If you enabled this API recently, wait a few minutes for the action to propagate to our systems and retry.","domain":"usageLimits","reason":"accessNotConfigured","extendedHelp":"https://console.developers.google.com"}],"status":"PERMISSION_DENIED","details":[{"@type":"type.googleapis.com/google.rpc.ErrorInfo","reason":"SERVICE_DISABLED","domain":"googleapis.com","metadata":{"containerInfo":"243323136379","consumer":"projects/243323136379","activationUrl":"https://console.developers.google.com/apis/api/compute.googleapis.com/overview?project=243323136379","service":"compute.googleapis.com","serviceTitle":"Compute Engine API"}},{"@type":"type.googleapis.com/google.rpc.LocalizedMessage","locale":"en-US","message":"Compute Engine API has not been used in project 243323136379 before or it is disabled. Enable it by visiting https://console.developers.google.com/apis/api/compute.googleapis.com/overview?project=243323136379 then retry. If you enabled this API recently, wait a few minutes for the action to propagate to our systems and retry."},{"@type":"type.googleapis.com/google.rpc.Help","links":[{"description":"Google developers console API activation","url":"https://console.developers.google.com/apis/api/compute.googleapis.com/overview?project=243323136379"}]}]}},"response":{"statusCode":403}},"exit":1,"message":"Request to https://compute.googleapis.com/compute/v1/projects/243323136379 had HTTP Error: 403, Compute Engine API has not been used in project 243323136379 before or it is disabled. Enable it by visiting https://console.developers.google.com/apis/api/compute.googleapis.com/overview?project=243323136379 then retry. If you enabled this API recently, wait a few minutes for the action to propagate to our systems and retry.","status":403}
[debug] [2025-05-17T21:07:24.324Z] Checked if tokens are valid: true, expires at: 1747518830326
[debug] [2025-05-17T21:07:24.324Z] Checked if tokens are valid: true, expires at: 1747518830326
[debug] [2025-05-17T21:07:24.324Z] >>> [apiv2][query] GET https://compute.googleapis.com/compute/v1/projects/243323136379 [none]
[debug] [2025-05-17T21:07:24.423Z] <<< [apiv2][status] GET https://compute.googleapis.com/compute/v1/projects/243323136379 403
[debug] [2025-05-17T21:07:24.423Z] <<< [apiv2][body] GET https://compute.googleapis.com/compute/v1/projects/243323136379 {"error":{"code":403,"message":"Compute Engine API has not been used in project 243323136379 before or it is disabled. Enable it by visiting https://console.developers.google.com/apis/api/compute.googleapis.com/overview?project=243323136379 then retry. If you enabled this API recently, wait a few minutes for the action to propagate to our systems and retry.","errors":[{"message":"Compute Engine API has not been used in project 243323136379 before or it is disabled. Enable it by visiting https://console.developers.google.com/apis/api/compute.googleapis.com/overview?project=243323136379 then retry. If you enabled this API recently, wait a few minutes for the action to propagate to our systems and retry.","domain":"usageLimits","reason":"accessNotConfigured","extendedHelp":"https://console.developers.google.com"}],"status":"PERMISSION_DENIED","details":[{"@type":"type.googleapis.com/google.rpc.ErrorInfo","reason":"SERVICE_DISABLED","domain":"googleapis.com","metadata":{"activationUrl":"https://console.developers.google.com/apis/api/compute.googleapis.com/overview?project=243323136379","service":"compute.googleapis.com","containerInfo":"243323136379","serviceTitle":"Compute Engine API","consumer":"projects/243323136379"}},{"@type":"type.googleapis.com/google.rpc.LocalizedMessage","locale":"en-US","message":"Compute Engine API has not been used in project 243323136379 before or it is disabled. Enable it by visiting https://console.developers.google.com/apis/api/compute.googleapis.com/overview?project=243323136379 then retry. If you enabled this API recently, wait a few minutes for the action to propagate to our systems and retry."},{"@type":"type.googleapis.com/google.rpc.Help","links":[{"description":"Google developers console API activation","url":"https://console.developers.google.com/apis/api/compute.googleapis.com/overview?project=243323136379"}]}]}}
[debug] [2025-05-17T21:07:24.423Z] unable to look up default compute service account. Falling back to 243323136379-compute@developer.gserviceaccount.com. Error: {"name":"FirebaseError","children":[],"context":{"body":{"error":{"code":403,"message":"Compute Engine API has not been used in project 243323136379 before or it is disabled. Enable it by visiting https://console.developers.google.com/apis/api/compute.googleapis.com/overview?project=243323136379 then retry. If you enabled this API recently, wait a few minutes for the action to propagate to our systems and retry.","errors":[{"message":"Compute Engine API has not been used in project 243323136379 before or it is disabled. Enable it by visiting https://console.developers.google.com/apis/api/compute.googleapis.com/overview?project=243323136379 then retry. If you enabled this API recently, wait a few minutes for the action to propagate to our systems and retry.","domain":"usageLimits","reason":"accessNotConfigured","extendedHelp":"https://console.developers.google.com"}],"status":"PERMISSION_DENIED","details":[{"@type":"type.googleapis.com/google.rpc.ErrorInfo","reason":"SERVICE_DISABLED","domain":"googleapis.com","metadata":{"activationUrl":"https://console.developers.google.com/apis/api/compute.googleapis.com/overview?project=243323136379","service":"compute.googleapis.com","containerInfo":"243323136379","serviceTitle":"Compute Engine API","consumer":"projects/243323136379"}},{"@type":"type.googleapis.com/google.rpc.LocalizedMessage","locale":"en-US","message":"Compute Engine API has not been used in project 243323136379 before or it is disabled. Enable it by visiting https://console.developers.google.com/apis/api/compute.googleapis.com/overview?project=243323136379 then retry. If you enabled this API recently, wait a few minutes for the action to propagate to our systems and retry."},{"@type":"type.googleapis.com/google.rpc.Help","links":[{"description":"Google developers console API activation","url":"https://console.developers.google.com/apis/api/compute.googleapis.com/overview?project=243323136379"}]}]}},"response":{"statusCode":403}},"exit":1,"message":"Request to https://compute.googleapis.com/compute/v1/projects/243323136379 had HTTP Error: 403, Compute Engine API has not been used in project 243323136379 before or it is disabled. Enable it by visiting https://console.developers.google.com/apis/api/compute.googleapis.com/overview?project=243323136379 then retry. If you enabled this API recently, wait a few minutes for the action to propagate to our systems and retry.","status":403}
[debug] [2025-05-17T21:07:24.423Z] Checked if tokens are valid: true, expires at: 1747518830326
[debug] [2025-05-17T21:07:24.423Z] Checked if tokens are valid: true, expires at: 1747518830326
[debug] [2025-05-17T21:07:24.423Z] >>> [apiv2][query] GET https://compute.googleapis.com/compute/v1/projects/243323136379 [none]
[debug] [2025-05-17T21:07:24.534Z] <<< [apiv2][status] GET https://compute.googleapis.com/compute/v1/projects/243323136379 403
[debug] [2025-05-17T21:07:24.535Z] <<< [apiv2][body] GET https://compute.googleapis.com/compute/v1/projects/243323136379 {"error":{"code":403,"message":"Compute Engine API has not been used in project 243323136379 before or it is disabled. Enable it by visiting https://console.developers.google.com/apis/api/compute.googleapis.com/overview?project=243323136379 then retry. If you enabled this API recently, wait a few minutes for the action to propagate to our systems and retry.","errors":[{"message":"Compute Engine API has not been used in project 243323136379 before or it is disabled. Enable it by visiting https://console.developers.google.com/apis/api/compute.googleapis.com/overview?project=243323136379 then retry. If you enabled this API recently, wait a few minutes for the action to propagate to our systems and retry.","domain":"usageLimits","reason":"accessNotConfigured","extendedHelp":"https://console.developers.google.com"}],"status":"PERMISSION_DENIED","details":[{"@type":"type.googleapis.com/google.rpc.ErrorInfo","reason":"SERVICE_DISABLED","domain":"googleapis.com","metadata":{"activationUrl":"https://console.developers.google.com/apis/api/compute.googleapis.com/overview?project=243323136379","serviceTitle":"Compute Engine API","consumer":"projects/243323136379","service":"compute.googleapis.com","containerInfo":"243323136379"}},{"@type":"type.googleapis.com/google.rpc.LocalizedMessage","locale":"en-US","message":"Compute Engine API has not been used in project 243323136379 before or it is disabled. Enable it by visiting https://console.developers.google.com/apis/api/compute.googleapis.com/overview?project=243323136379 then retry. If you enabled this API recently, wait a few minutes for the action to propagate to our systems and retry."},{"@type":"type.googleapis.com/google.rpc.Help","links":[{"description":"Google developers console API activation","url":"https://console.developers.google.com/apis/api/compute.googleapis.com/overview?project=243323136379"}]}]}}
[debug] [2025-05-17T21:07:24.535Z] unable to look up default compute service account. Falling back to 243323136379-compute@developer.gserviceaccount.com. Error: {"name":"FirebaseError","children":[],"context":{"body":{"error":{"code":403,"message":"Compute Engine API has not been used in project 243323136379 before or it is disabled. Enable it by visiting https://console.developers.google.com/apis/api/compute.googleapis.com/overview?project=243323136379 then retry. If you enabled this API recently, wait a few minutes for the action to propagate to our systems and retry.","errors":[{"message":"Compute Engine API has not been used in project 243323136379 before or it is disabled. Enable it by visiting https://console.developers.google.com/apis/api/compute.googleapis.com/overview?project=243323136379 then retry. If you enabled this API recently, wait a few minutes for the action to propagate to our systems and retry.","domain":"usageLimits","reason":"accessNotConfigured","extendedHelp":"https://console.developers.google.com"}],"status":"PERMISSION_DENIED","details":[{"@type":"type.googleapis.com/google.rpc.ErrorInfo","reason":"SERVICE_DISABLED","domain":"googleapis.com","metadata":{"activationUrl":"https://console.developers.google.com/apis/api/compute.googleapis.com/overview?project=243323136379","serviceTitle":"Compute Engine API","consumer":"projects/243323136379","service":"compute.googleapis.com","containerInfo":"243323136379"}},{"@type":"type.googleapis.com/google.rpc.LocalizedMessage","locale":"en-US","message":"Compute Engine API has not been used in project 243323136379 before or it is disabled. Enable it by visiting https://console.developers.google.com/apis/api/compute.googleapis.com/overview?project=243323136379 then retry. If you enabled this API recently, wait a few minutes for the action to propagate to our systems and retry."},{"@type":"type.googleapis.com/google.rpc.Help","links":[{"description":"Google developers console API activation","url":"https://console.developers.google.com/apis/api/compute.googleapis.com/overview?project=243323136379"}]}]}},"response":{"statusCode":403}},"exit":1,"message":"Request to https://compute.googleapis.com/compute/v1/projects/243323136379 had HTTP Error: 403, Compute Engine API has not been used in project 243323136379 before or it is disabled. Enable it by visiting https://console.developers.google.com/apis/api/compute.googleapis.com/overview?project=243323136379 then retry. If you enabled this API recently, wait a few minutes for the action to propagate to our systems and retry.","status":403}
[debug] [2025-05-17T21:07:24.535Z] Checked if tokens are valid: true, expires at: 1747518830326
[debug] [2025-05-17T21:07:24.535Z] Checked if tokens are valid: true, expires at: 1747518830326
[debug] [2025-05-17T21:07:24.535Z] >>> [apiv2][query] GET https://compute.googleapis.com/compute/v1/projects/243323136379 [none]
[debug] [2025-05-17T21:07:24.651Z] <<< [apiv2][status] GET https://compute.googleapis.com/compute/v1/projects/243323136379 403
[debug] [2025-05-17T21:07:24.652Z] <<< [apiv2][body] GET https://compute.googleapis.com/compute/v1/projects/243323136379 {"error":{"code":403,"message":"Compute Engine API has not been used in project 243323136379 before or it is disabled. Enable it by visiting https://console.developers.google.com/apis/api/compute.googleapis.com/overview?project=243323136379 then retry. If you enabled this API recently, wait a few minutes for the action to propagate to our systems and retry.","errors":[{"message":"Compute Engine API has not been used in project 243323136379 before or it is disabled. Enable it by visiting https://console.developers.google.com/apis/api/compute.googleapis.com/overview?project=243323136379 then retry. If you enabled this API recently, wait a few minutes for the action to propagate to our systems and retry.","domain":"usageLimits","reason":"accessNotConfigured","extendedHelp":"https://console.developers.google.com"}],"status":"PERMISSION_DENIED","details":[{"@type":"type.googleapis.com/google.rpc.ErrorInfo","reason":"SERVICE_DISABLED","domain":"googleapis.com","metadata":{"service":"compute.googleapis.com","consumer":"projects/243323136379","containerInfo":"243323136379","activationUrl":"https://console.developers.google.com/apis/api/compute.googleapis.com/overview?project=243323136379","serviceTitle":"Compute Engine API"}},{"@type":"type.googleapis.com/google.rpc.LocalizedMessage","locale":"en-US","message":"Compute Engine API has not been used in project 243323136379 before or it is disabled. Enable it by visiting https://console.developers.google.com/apis/api/compute.googleapis.com/overview?project=243323136379 then retry. If you enabled this API recently, wait a few minutes for the action to propagate to our systems and retry."},{"@type":"type.googleapis.com/google.rpc.Help","links":[{"description":"Google developers console API activation","url":"https://console.developers.google.com/apis/api/compute.googleapis.com/overview?project=243323136379"}]}]}}
[debug] [2025-05-17T21:07:24.652Z] unable to look up default compute service account. Falling back to 243323136379-compute@developer.gserviceaccount.com. Error: {"name":"FirebaseError","children":[],"context":{"body":{"error":{"code":403,"message":"Compute Engine API has not been used in project 243323136379 before or it is disabled. Enable it by visiting https://console.developers.google.com/apis/api/compute.googleapis.com/overview?project=243323136379 then retry. If you enabled this API recently, wait a few minutes for the action to propagate to our systems and retry.","errors":[{"message":"Compute Engine API has not been used in project 243323136379 before or it is disabled. Enable it by visiting https://console.developers.google.com/apis/api/compute.googleapis.com/overview?project=243323136379 then retry. If you enabled this API recently, wait a few minutes for the action to propagate to our systems and retry.","domain":"usageLimits","reason":"accessNotConfigured","extendedHelp":"https://console.developers.google.com"}],"status":"PERMISSION_DENIED","details":[{"@type":"type.googleapis.com/google.rpc.ErrorInfo","reason":"SERVICE_DISABLED","domain":"googleapis.com","metadata":{"service":"compute.googleapis.com","consumer":"projects/243323136379","containerInfo":"243323136379","activationUrl":"https://console.developers.google.com/apis/api/compute.googleapis.com/overview?project=243323136379","serviceTitle":"Compute Engine API"}},{"@type":"type.googleapis.com/google.rpc.LocalizedMessage","locale":"en-US","message":"Compute Engine API has not been used in project 243323136379 before or it is disabled. Enable it by visiting https://console.developers.google.com/apis/api/compute.googleapis.com/overview?project=243323136379 then retry. If you enabled this API recently, wait a few minutes for the action to propagate to our systems and retry."},{"@type":"type.googleapis.com/google.rpc.Help","links":[{"description":"Google developers console API activation","url":"https://console.developers.google.com/apis/api/compute.googleapis.com/overview?project=243323136379"}]}]}},"response":{"statusCode":403}},"exit":1,"message":"Request to https://compute.googleapis.com/compute/v1/projects/243323136379 had HTTP Error: 403, Compute Engine API has not been used in project 243323136379 before or it is disabled. Enable it by visiting https://console.developers.google.com/apis/api/compute.googleapis.com/overview?project=243323136379 then retry. If you enabled this API recently, wait a few minutes for the action to propagate to our systems and retry.","status":403}
[debug] [2025-05-17T21:07:24.653Z] Checked if tokens are valid: true, expires at: 1747518830326
[debug] [2025-05-17T21:07:24.653Z] Checked if tokens are valid: true, expires at: 1747518830326
[debug] [2025-05-17T21:07:24.654Z] >>> [apiv2][query] GET https://cloudbilling.googleapis.com/v1/projects/tranzitti-90210/billingInfo [none]
[debug] [2025-05-17T21:07:25.105Z] <<< [apiv2][status] GET https://cloudbilling.googleapis.com/v1/projects/tranzitti-90210/billingInfo 200
[debug] [2025-05-17T21:07:25.105Z] <<< [apiv2][body] GET https://cloudbilling.googleapis.com/v1/projects/tranzitti-90210/billingInfo {"name":"projects/tranzitti-90210/billingInfo","projectId":"tranzitti-90210","billingAccountName":"billingAccounts/0114C6-7CDE84-227FD4","billingEnabled":true}
[debug] [2025-05-17T21:07:25.106Z] [functions] found 1 new HTTP functions, testing setIamPolicy permission...
[debug] [2025-05-17T21:07:25.107Z] Checked if tokens are valid: true, expires at: 1747518830326
[debug] [2025-05-17T21:07:25.107Z] Checked if tokens are valid: true, expires at: 1747518830326
[debug] [2025-05-17T21:07:25.107Z] >>> [apiv2][query] POST https://cloudresourcemanager.googleapis.com/v1/projects/tranzitti-90210:testIamPermissions [none]
[debug] [2025-05-17T21:07:25.107Z] >>> [apiv2][(partial)header] POST https://cloudresourcemanager.googleapis.com/v1/projects/tranzitti-90210:testIamPermissions x-goog-quota-user=projects/tranzitti-90210
[debug] [2025-05-17T21:07:25.107Z] >>> [apiv2][body] POST https://cloudresourcemanager.googleapis.com/v1/projects/tranzitti-90210:testIamPermissions {"permissions":["cloudfunctions.functions.setIamPolicy"]}
[debug] [2025-05-17T21:07:25.214Z] <<< [apiv2][status] POST https://cloudresourcemanager.googleapis.com/v1/projects/tranzitti-90210:testIamPermissions 200
[debug] [2025-05-17T21:07:25.214Z] <<< [apiv2][body] POST https://cloudresourcemanager.googleapis.com/v1/projects/tranzitti-90210:testIamPermissions {"permissions":["cloudfunctions.functions.setIamPolicy"]}
[debug] [2025-05-17T21:07:25.215Z] [functions] found setIamPolicy permission, proceeding with deploy
[debug] [2025-05-17T21:07:25.215Z] Checked if tokens are valid: true, expires at: 1747518830326
[debug] [2025-05-17T21:07:25.216Z] Checked if tokens are valid: true, expires at: 1747518830326
[debug] [2025-05-17T21:07:25.216Z] >>> [apiv2][query] POST https://cloudfunctions.googleapis.com/v2/projects/tranzitti-90210/locations/us-central1/functions:generateUploadUrl [none]
[debug] [2025-05-17T21:07:25.559Z] <<< [apiv2][status] POST https://cloudfunctions.googleapis.com/v2/projects/tranzitti-90210/locations/us-central1/functions:generateUploadUrl 200
[debug] [2025-05-17T21:07:25.559Z] <<< [apiv2][body] POST https://cloudfunctions.googleapis.com/v2/projects/tranzitti-90210/locations/us-central1/functions:generateUploadUrl {"uploadUrl":"https://storage.googleapis.com/gcf-v2-uploads-243323136379.us-central1.cloudfunctions.appspot.com/1a980853-0dec-46b3-b7e3-357ba4865748.zip?GoogleAccessId=service-243323136379@gcf-admin-robot.iam.gserviceaccount.com&Expires=1747517845&Signature=fKHJPW1gQqa1yDd9H9eTPw1eQqRRISAlJYoa2Md5Jr7j0wEnB2TbdTzL4Ke710ZhH0QNFRzWm64XhHNkNjN6F43G%2Fj4%2FUe4jLu7IR6PmXBoOfFA0CheNMZDetyTP4Uu1BOHQgSvWh5kYTtrmMhqr8arN0MgCtNeigbwb%2BJ9nRFPIszgGgd2LnkY5tii3WLEc3kri%2B7749c45B0zbA%2FaNHiVX2llKU95QaYe%2FRf5RYD%2ByQVPCwTje%2FDS3kmNFxD5X3tbTJuBUxLl9M2LKwq6IbQDZvGhIjg8VmE%2FEZgXXDj3k%2Fs6XQnpopsipWoyrAk0Xi9EThBsTArt2GWtSHsqRzQ%3D%3D","storageSource":{"bucket":"gcf-v2-uploads-243323136379.us-central1.cloudfunctions.appspot.com","object":"1a980853-0dec-46b3-b7e3-357ba4865748.zip"}}
[debug] [2025-05-17T21:07:25.561Z] >>> [apiv2][query] PUT https://storage.googleapis.com/gcf-v2-uploads-243323136379.us-central1.cloudfunctions.appspot.com/1a980853-0dec-46b3-b7e3-357ba4865748.zip GoogleAccessId=service-243323136379%40gcf-admin-robot.iam.gserviceaccount.com&Expires=1747517845&Signature=fKHJPW1gQqa1yDd9H9eTPw1eQqRRISAlJYoa2Md5Jr7j0wEnB2TbdTzL4Ke710ZhH0QNFRzWm64XhHNkNjN6F43G%2Fj4%2FUe4jLu7IR6PmXBoOfFA0CheNMZDetyTP4Uu1BOHQgSvWh5kYTtrmMhqr8arN0MgCtNeigbwb%2BJ9nRFPIszgGgd2LnkY5tii3WLEc3kri%2B7749c45B0zbA%2FaNHiVX2llKU95QaYe%2FRf5RYD%2ByQVPCwTje%2FDS3kmNFxD5X3tbTJuBUxLl9M2LKwq6IbQDZvGhIjg8VmE%2FEZgXXDj3k%2Fs6XQnpopsipWoyrAk0Xi9EThBsTArt2GWtSHsqRzQ%3D%3D
[debug] [2025-05-17T21:07:25.561Z] >>> [apiv2][body] PUT https://storage.googleapis.com/gcf-v2-uploads-243323136379.us-central1.cloudfunctions.appspot.com/1a980853-0dec-46b3-b7e3-357ba4865748.zip [stream]
[debug] [2025-05-17T21:07:26.101Z] <<< [apiv2][status] PUT https://storage.googleapis.com/gcf-v2-uploads-243323136379.us-central1.cloudfunctions.appspot.com/1a980853-0dec-46b3-b7e3-357ba4865748.zip 200
[debug] [2025-05-17T21:07:26.101Z] <<< [apiv2][body] PUT https://storage.googleapis.com/gcf-v2-uploads-243323136379.us-central1.cloudfunctions.appspot.com/1a980853-0dec-46b3-b7e3-357ba4865748.zip [omitted]
[info] +  functions: functions folder uploaded successfully 
[info] i  functions: creating Node.js 22 (2nd Gen) function helloWorld(us-central1)... 
[info] i  functions: updating Node.js 22 (2nd Gen) function auth-functions:setUserRole(us-central1)... 
[debug] [2025-05-17T21:07:26.111Z] Precondition failed. Cannot update a GCFv2 function without storage
[info] i  functions: updating Node.js 22 (2nd Gen) function auth-functions:getUserRole(us-central1)... 
[debug] [2025-05-17T21:07:26.112Z] Precondition failed. Cannot update a GCFv2 function without storage
[debug] [2025-05-17T21:07:26.112Z] Checked if tokens are valid: true, expires at: 1747518830326
[debug] [2025-05-17T21:07:26.113Z] Checked if tokens are valid: true, expires at: 1747518830326
[debug] [2025-05-17T21:07:26.113Z] >>> [apiv2][query] POST https://cloudfunctions.googleapis.com/v2/projects/tranzitti-90210/locations/us-central1/functions functionId=helloWorld
[debug] [2025-05-17T21:07:26.114Z] >>> [apiv2][body] POST https://cloudfunctions.googleapis.com/v2/projects/tranzitti-90210/locations/us-central1/functions {"name":"projects/tranzitti-90210/locations/us-central1/functions/helloWorld","buildConfig":{"runtime":"nodejs22","entryPoint":"helloWorld","source":{"storageSource":{"bucket":"gcf-v2-uploads-243323136379.us-central1.cloudfunctions.appspot.com","object":"1a980853-0dec-46b3-b7e3-357ba4865748.zip"}},"environmentVariables":{"GOOGLE_NODE_RUN_SCRIPTS":""}},"serviceConfig":{"environmentVariables":{"FIREBASE_CONFIG":"{\"projectId\":\"tranzitti-90210\",\"storageBucket\":\"tranzitti-90210.firebasestorage.app\"}","GCLOUD_PROJECT":"tranzitti-90210","EVENTARC_CLOUD_EVENT_SOURCE":"projects/tranzitti-90210/locations/us-central1/services/helloWorld","FUNCTION_TARGET":"helloWorld","LOG_EXECUTION_ID":"true"},"ingressSettings":null,"timeoutSeconds":null,"serviceAccountEmail":null,"availableMemory":"256Mi","minInstanceCount":null,"maxInstanceCount":null,"maxInstanceRequestConcurrency":80,"availableCpu":"1","vpcConnector":null,"vpcConnectorEgressSettings":null},"labels":{"deployment-tool":"cli-firebase","firebase-functions-hash":"be40d79d59befd9edc6366fadcad9551ef5668d5"}}
[debug] [2025-05-17T21:07:26.874Z] <<< [apiv2][status] POST https://cloudfunctions.googleapis.com/v2/projects/tranzitti-90210/locations/us-central1/functions 200
[debug] [2025-05-17T21:07:26.875Z] <<< [apiv2][body] POST https://cloudfunctions.googleapis.com/v2/projects/tranzitti-90210/locations/us-central1/functions {"name":"projects/tranzitti-90210/locations/us-central1/operations/operation-1747516046320-6355b492e246e-f4d9f657-b0e4a06a","metadata":{"@type":"type.googleapis.com/google.cloud.functions.v2.OperationMetadata","createTime":"2025-05-17T21:07:26.836292081Z","target":"projects/tranzitti-90210/locations/us-central1/functions/helloWorld","verb":"create","cancelRequested":false,"apiVersion":"v2"},"done":false}
[debug] [2025-05-17T21:07:26.876Z] Checked if tokens are valid: true, expires at: 1747518830326
[debug] [2025-05-17T21:07:26.876Z] Checked if tokens are valid: true, expires at: 1747518830326
[debug] [2025-05-17T21:07:26.876Z] >>> [apiv2][query] GET https://cloudfunctions.googleapis.com/v2/projects/tranzitti-90210/locations/us-central1/operations/operation-1747516046320-6355b492e246e-f4d9f657-b0e4a06a [none]
[debug] [2025-05-17T21:07:27.112Z] <<< [apiv2][status] GET https://cloudfunctions.googleapis.com/v2/projects/tranzitti-90210/locations/us-central1/operations/operation-1747516046320-6355b492e246e-f4d9f657-b0e4a06a 200
[debug] [2025-05-17T21:07:27.112Z] <<< [apiv2][body] GET https://cloudfunctions.googleapis.com/v2/projects/tranzitti-90210/locations/us-central1/operations/operation-1747516046320-6355b492e246e-f4d9f657-b0e4a06a {"name":"projects/tranzitti-90210/locations/us-central1/operations/operation-1747516046320-6355b492e246e-f4d9f657-b0e4a06a","metadata":{"@type":"type.googleapis.com/google.cloud.functions.v2.OperationMetadata","createTime":"2025-05-17T21:07:26.836292081Z","target":"projects/tranzitti-90210/locations/us-central1/functions/helloWorld","verb":"create","cancelRequested":false,"apiVersion":"v2","requestResource":{"@type":"type.googleapis.com/google.cloud.functions.v2.Function","name":"projects/tranzitti-90210/locations/us-central1/functions/helloWorld","buildConfig":{"runtime":"nodejs22","entryPoint":"helloWorld","source":{"storageSource":{"bucket":"gcf-v2-sources-243323136379-us-central1","object":"helloWorld/function-source.zip","generation":"1747516046600200"}},"environmentVariables":{"GOOGLE_NODE_RUN_SCRIPTS":""},"serviceAccount":"projects/tranzitti-90210/serviceAccounts/243323136379-compute@developer.gserviceaccount.com","automaticUpdatePolicy":{}},"serviceConfig":{"service":"projects/tranzitti-90210/locations/us-central1/services/helloworld","timeoutSeconds":60,"environmentVariables":{"FIREBASE_CONFIG":"{\"projectId\":\"tranzitti-90210\",\"storageBucket\":\"tranzitti-90210.firebasestorage.app\"}","GCLOUD_PROJECT":"tranzitti-90210","EVENTARC_CLOUD_EVENT_SOURCE":"projects/tranzitti-90210/locations/us-central1/services/helloWorld","FUNCTION_TARGET":"helloWorld","LOG_EXECUTION_ID":"true"},"ingressSettings":"ALLOW_ALL","serviceAccountEmail":"243323136379-compute@developer.gserviceaccount.com","availableMemory":"256Mi","maxInstanceRequestConcurrency":80,"availableCpu":"1"},"labels":{"deployment-tool":"cli-firebase","firebase-functions-hash":"be40d79d59befd9edc6366fadcad9551ef5668d5"},"environment":"GEN_2"},"stages":[{"name":"BUILD","state":"NOT_STARTED"},{"name":"SERVICE","state":"NOT_STARTED"}],"operationType":"CREATE_FUNCTION"},"done":false}
[debug] [2025-05-17T21:07:27.628Z] [create-default-us-central1-helloWorld] Retrying task index 0
[debug] [2025-05-17T21:07:27.629Z] Checked if tokens are valid: true, expires at: 1747518830326
[debug] [2025-05-17T21:07:27.629Z] Checked if tokens are valid: true, expires at: 1747518830326
[debug] [2025-05-17T21:07:27.630Z] >>> [apiv2][query] GET https://cloudfunctions.googleapis.com/v2/projects/tranzitti-90210/locations/us-central1/operations/operation-1747516046320-6355b492e246e-f4d9f657-b0e4a06a [none]
[debug] [2025-05-17T21:07:27.866Z] <<< [apiv2][status] GET https://cloudfunctions.googleapis.com/v2/projects/tranzitti-90210/locations/us-central1/operations/operation-1747516046320-6355b492e246e-f4d9f657-b0e4a06a 200
[debug] [2025-05-17T21:07:27.866Z] <<< [apiv2][body] GET https://cloudfunctions.googleapis.com/v2/projects/tranzitti-90210/locations/us-central1/operations/operation-1747516046320-6355b492e246e-f4d9f657-b0e4a06a {"name":"projects/tranzitti-90210/locations/us-central1/operations/operation-1747516046320-6355b492e246e-f4d9f657-b0e4a06a","metadata":{"@type":"type.googleapis.com/google.cloud.functions.v2.OperationMetadata","createTime":"2025-05-17T21:07:26.836292081Z","target":"projects/tranzitti-90210/locations/us-central1/functions/helloWorld","verb":"create","cancelRequested":false,"apiVersion":"v2","requestResource":{"@type":"type.googleapis.com/google.cloud.functions.v2.Function","name":"projects/tranzitti-90210/locations/us-central1/functions/helloWorld","buildConfig":{"runtime":"nodejs22","entryPoint":"helloWorld","source":{"storageSource":{"bucket":"gcf-v2-sources-243323136379-us-central1","object":"helloWorld/function-source.zip","generation":"1747516046600200"}},"environmentVariables":{"GOOGLE_NODE_RUN_SCRIPTS":""},"serviceAccount":"projects/tranzitti-90210/serviceAccounts/243323136379-compute@developer.gserviceaccount.com","automaticUpdatePolicy":{}},"serviceConfig":{"service":"projects/tranzitti-90210/locations/us-central1/services/helloworld","timeoutSeconds":60,"environmentVariables":{"FIREBASE_CONFIG":"{\"projectId\":\"tranzitti-90210\",\"storageBucket\":\"tranzitti-90210.firebasestorage.app\"}","GCLOUD_PROJECT":"tranzitti-90210","EVENTARC_CLOUD_EVENT_SOURCE":"projects/tranzitti-90210/locations/us-central1/services/helloWorld","FUNCTION_TARGET":"helloWorld","LOG_EXECUTION_ID":"true"},"ingressSettings":"ALLOW_ALL","serviceAccountEmail":"243323136379-compute@developer.gserviceaccount.com","availableMemory":"256Mi","maxInstanceRequestConcurrency":80,"availableCpu":"1"},"labels":{"deployment-tool":"cli-firebase","firebase-functions-hash":"be40d79d59befd9edc6366fadcad9551ef5668d5"},"environment":"GEN_2"},"stages":[{"name":"BUILD","message":"Creating build","state":"IN_PROGRESS","resource":"projects/243323136379/locations/us-central1/builds/9f2f36bb-ab84-4faf-a600-30943150ff8c","resourceUri":"https://console.cloud.google.com/cloud-build/builds;region=us-central1/9f2f36bb-ab84-4faf-a600-30943150ff8c?project=243323136379"},{"name":"SERVICE","state":"NOT_STARTED"}],"operationType":"CREATE_FUNCTION","buildName":"projects/243323136379/locations/us-central1/builds/9f2f36bb-ab84-4faf-a600-30943150ff8c"},"done":false}
[debug] [2025-05-17T21:07:28.871Z] [create-default-us-central1-helloWorld] Retrying task index 0
[debug] [2025-05-17T21:07:28.872Z] Checked if tokens are valid: true, expires at: 1747518830326
[debug] [2025-05-17T21:07:28.872Z] Checked if tokens are valid: true, expires at: 1747518830326
[debug] [2025-05-17T21:07:28.872Z] >>> [apiv2][query] GET https://cloudfunctions.googleapis.com/v2/projects/tranzitti-90210/locations/us-central1/operations/operation-1747516046320-6355b492e246e-f4d9f657-b0e4a06a [none]
[debug] [2025-05-17T21:07:29.016Z] <<< [apiv2][status] GET https://cloudfunctions.googleapis.com/v2/projects/tranzitti-90210/locations/us-central1/operations/operation-1747516046320-6355b492e246e-f4d9f657-b0e4a06a 200
[debug] [2025-05-17T21:07:29.016Z] <<< [apiv2][body] GET https://cloudfunctions.googleapis.com/v2/projects/tranzitti-90210/locations/us-central1/operations/operation-1747516046320-6355b492e246e-f4d9f657-b0e4a06a {"name":"projects/tranzitti-90210/locations/us-central1/operations/operation-1747516046320-6355b492e246e-f4d9f657-b0e4a06a","metadata":{"@type":"type.googleapis.com/google.cloud.functions.v2.OperationMetadata","createTime":"2025-05-17T21:07:26.836292081Z","target":"projects/tranzitti-90210/locations/us-central1/functions/helloWorld","verb":"create","cancelRequested":false,"apiVersion":"v2","requestResource":{"@type":"type.googleapis.com/google.cloud.functions.v2.Function","name":"projects/tranzitti-90210/locations/us-central1/functions/helloWorld","buildConfig":{"runtime":"nodejs22","entryPoint":"helloWorld","source":{"storageSource":{"bucket":"gcf-v2-sources-243323136379-us-central1","object":"helloWorld/function-source.zip","generation":"1747516046600200"}},"environmentVariables":{"GOOGLE_NODE_RUN_SCRIPTS":""},"serviceAccount":"projects/tranzitti-90210/serviceAccounts/243323136379-compute@developer.gserviceaccount.com","automaticUpdatePolicy":{}},"serviceConfig":{"service":"projects/tranzitti-90210/locations/us-central1/services/helloworld","timeoutSeconds":60,"environmentVariables":{"FIREBASE_CONFIG":"{\"projectId\":\"tranzitti-90210\",\"storageBucket\":\"tranzitti-90210.firebasestorage.app\"}","GCLOUD_PROJECT":"tranzitti-90210","EVENTARC_CLOUD_EVENT_SOURCE":"projects/tranzitti-90210/locations/us-central1/services/helloWorld","FUNCTION_TARGET":"helloWorld","LOG_EXECUTION_ID":"true"},"ingressSettings":"ALLOW_ALL","serviceAccountEmail":"243323136379-compute@developer.gserviceaccount.com","availableMemory":"256Mi","maxInstanceRequestConcurrency":80,"availableCpu":"1"},"labels":{"deployment-tool":"cli-firebase","firebase-functions-hash":"be40d79d59befd9edc6366fadcad9551ef5668d5"},"environment":"GEN_2"},"stages":[{"name":"BUILD","message":"Build in progress","state":"IN_PROGRESS","resource":"projects/243323136379/locations/us-central1/builds/9f2f36bb-ab84-4faf-a600-30943150ff8c","resourceUri":"https://console.cloud.google.com/cloud-build/builds;region=us-central1/9f2f36bb-ab84-4faf-a600-30943150ff8c?project=243323136379"},{"name":"SERVICE","state":"NOT_STARTED"}],"operationType":"CREATE_FUNCTION","buildName":"projects/243323136379/locations/us-central1/builds/9f2f36bb-ab84-4faf-a600-30943150ff8c"},"done":false}
[debug] [2025-05-17T21:07:31.020Z] [create-default-us-central1-helloWorld] Retrying task index 0
[debug] [2025-05-17T21:07:31.020Z] Checked if tokens are valid: true, expires at: 1747518830326
[debug] [2025-05-17T21:07:31.020Z] Checked if tokens are valid: true, expires at: 1747518830326
[debug] [2025-05-17T21:07:31.021Z] >>> [apiv2][query] GET https://cloudfunctions.googleapis.com/v2/projects/tranzitti-90210/locations/us-central1/operations/operation-1747516046320-6355b492e246e-f4d9f657-b0e4a06a [none]
[debug] [2025-05-17T21:07:31.253Z] <<< [apiv2][status] GET https://cloudfunctions.googleapis.com/v2/projects/tranzitti-90210/locations/us-central1/operations/operation-1747516046320-6355b492e246e-f4d9f657-b0e4a06a 200
[debug] [2025-05-17T21:07:31.253Z] <<< [apiv2][body] GET https://cloudfunctions.googleapis.com/v2/projects/tranzitti-90210/locations/us-central1/operations/operation-1747516046320-6355b492e246e-f4d9f657-b0e4a06a {"name":"projects/tranzitti-90210/locations/us-central1/operations/operation-1747516046320-6355b492e246e-f4d9f657-b0e4a06a","metadata":{"@type":"type.googleapis.com/google.cloud.functions.v2.OperationMetadata","createTime":"2025-05-17T21:07:26.836292081Z","target":"projects/tranzitti-90210/locations/us-central1/functions/helloWorld","verb":"create","cancelRequested":false,"apiVersion":"v2","requestResource":{"@type":"type.googleapis.com/google.cloud.functions.v2.Function","name":"projects/tranzitti-90210/locations/us-central1/functions/helloWorld","buildConfig":{"runtime":"nodejs22","entryPoint":"helloWorld","source":{"storageSource":{"bucket":"gcf-v2-sources-243323136379-us-central1","object":"helloWorld/function-source.zip","generation":"1747516046600200"}},"environmentVariables":{"GOOGLE_NODE_RUN_SCRIPTS":""},"serviceAccount":"projects/tranzitti-90210/serviceAccounts/243323136379-compute@developer.gserviceaccount.com","automaticUpdatePolicy":{}},"serviceConfig":{"service":"projects/tranzitti-90210/locations/us-central1/services/helloworld","timeoutSeconds":60,"environmentVariables":{"FIREBASE_CONFIG":"{\"projectId\":\"tranzitti-90210\",\"storageBucket\":\"tranzitti-90210.firebasestorage.app\"}","GCLOUD_PROJECT":"tranzitti-90210","EVENTARC_CLOUD_EVENT_SOURCE":"projects/tranzitti-90210/locations/us-central1/services/helloWorld","FUNCTION_TARGET":"helloWorld","LOG_EXECUTION_ID":"true"},"ingressSettings":"ALLOW_ALL","serviceAccountEmail":"243323136379-compute@developer.gserviceaccount.com","availableMemory":"256Mi","maxInstanceRequestConcurrency":80,"availableCpu":"1"},"labels":{"deployment-tool":"cli-firebase","firebase-functions-hash":"be40d79d59befd9edc6366fadcad9551ef5668d5"},"environment":"GEN_2"},"stages":[{"name":"BUILD","message":"Build in progress","state":"IN_PROGRESS","resource":"projects/243323136379/locations/us-central1/builds/9f2f36bb-ab84-4faf-a600-30943150ff8c","resourceUri":"https://console.cloud.google.com/cloud-build/builds;region=us-central1/9f2f36bb-ab84-4faf-a600-30943150ff8c?project=243323136379"},{"name":"SERVICE","state":"NOT_STARTED"}],"operationType":"CREATE_FUNCTION","buildName":"projects/243323136379/locations/us-central1/builds/9f2f36bb-ab84-4faf-a600-30943150ff8c"},"done":false}
[debug] [2025-05-17T21:07:35.269Z] [create-default-us-central1-helloWorld] Retrying task index 0
[debug] [2025-05-17T21:07:35.270Z] Checked if tokens are valid: true, expires at: 1747518830326
[debug] [2025-05-17T21:07:35.270Z] Checked if tokens are valid: true, expires at: 1747518830326
[debug] [2025-05-17T21:07:35.270Z] >>> [apiv2][query] GET https://cloudfunctions.googleapis.com/v2/projects/tranzitti-90210/locations/us-central1/operations/operation-1747516046320-6355b492e246e-f4d9f657-b0e4a06a [none]
[debug] [2025-05-17T21:07:35.519Z] <<< [apiv2][status] GET https://cloudfunctions.googleapis.com/v2/projects/tranzitti-90210/locations/us-central1/operations/operation-1747516046320-6355b492e246e-f4d9f657-b0e4a06a 200
[debug] [2025-05-17T21:07:35.519Z] <<< [apiv2][body] GET https://cloudfunctions.googleapis.com/v2/projects/tranzitti-90210/locations/us-central1/operations/operation-1747516046320-6355b492e246e-f4d9f657-b0e4a06a {"name":"projects/tranzitti-90210/locations/us-central1/operations/operation-1747516046320-6355b492e246e-f4d9f657-b0e4a06a","metadata":{"@type":"type.googleapis.com/google.cloud.functions.v2.OperationMetadata","createTime":"2025-05-17T21:07:26.836292081Z","target":"projects/tranzitti-90210/locations/us-central1/functions/helloWorld","verb":"create","cancelRequested":false,"apiVersion":"v2","requestResource":{"@type":"type.googleapis.com/google.cloud.functions.v2.Function","name":"projects/tranzitti-90210/locations/us-central1/functions/helloWorld","buildConfig":{"runtime":"nodejs22","entryPoint":"helloWorld","source":{"storageSource":{"bucket":"gcf-v2-sources-243323136379-us-central1","object":"helloWorld/function-source.zip","generation":"1747516046600200"}},"environmentVariables":{"GOOGLE_NODE_RUN_SCRIPTS":""},"serviceAccount":"projects/tranzitti-90210/serviceAccounts/243323136379-compute@developer.gserviceaccount.com","automaticUpdatePolicy":{}},"serviceConfig":{"service":"projects/tranzitti-90210/locations/us-central1/services/helloworld","timeoutSeconds":60,"environmentVariables":{"FIREBASE_CONFIG":"{\"projectId\":\"tranzitti-90210\",\"storageBucket\":\"tranzitti-90210.firebasestorage.app\"}","GCLOUD_PROJECT":"tranzitti-90210","EVENTARC_CLOUD_EVENT_SOURCE":"projects/tranzitti-90210/locations/us-central1/services/helloWorld","FUNCTION_TARGET":"helloWorld","LOG_EXECUTION_ID":"true"},"ingressSettings":"ALLOW_ALL","serviceAccountEmail":"243323136379-compute@developer.gserviceaccount.com","availableMemory":"256Mi","maxInstanceRequestConcurrency":80,"availableCpu":"1"},"labels":{"deployment-tool":"cli-firebase","firebase-functions-hash":"be40d79d59befd9edc6366fadcad9551ef5668d5"},"environment":"GEN_2"},"stages":[{"name":"BUILD","message":"Build in progress","state":"IN_PROGRESS","resource":"projects/243323136379/locations/us-central1/builds/9f2f36bb-ab84-4faf-a600-30943150ff8c","resourceUri":"https://console.cloud.google.com/cloud-build/builds;region=us-central1/9f2f36bb-ab84-4faf-a600-30943150ff8c?project=243323136379"},{"name":"SERVICE","state":"NOT_STARTED"}],"operationType":"CREATE_FUNCTION","buildName":"projects/243323136379/locations/us-central1/builds/9f2f36bb-ab84-4faf-a600-30943150ff8c"},"done":false}
[debug] [2025-05-17T21:07:43.527Z] [create-default-us-central1-helloWorld] Retrying task index 0
[debug] [2025-05-17T21:07:43.527Z] Checked if tokens are valid: true, expires at: 1747518830326
[debug] [2025-05-17T21:07:43.528Z] Checked if tokens are valid: true, expires at: 1747518830326
[debug] [2025-05-17T21:07:43.528Z] >>> [apiv2][query] GET https://cloudfunctions.googleapis.com/v2/projects/tranzitti-90210/locations/us-central1/operations/operation-1747516046320-6355b492e246e-f4d9f657-b0e4a06a [none]
[debug] [2025-05-17T21:07:43.914Z] <<< [apiv2][status] GET https://cloudfunctions.googleapis.com/v2/projects/tranzitti-90210/locations/us-central1/operations/operation-1747516046320-6355b492e246e-f4d9f657-b0e4a06a 200
[debug] [2025-05-17T21:07:43.914Z] <<< [apiv2][body] GET https://cloudfunctions.googleapis.com/v2/projects/tranzitti-90210/locations/us-central1/operations/operation-1747516046320-6355b492e246e-f4d9f657-b0e4a06a {"name":"projects/tranzitti-90210/locations/us-central1/operations/operation-1747516046320-6355b492e246e-f4d9f657-b0e4a06a","metadata":{"@type":"type.googleapis.com/google.cloud.functions.v2.OperationMetadata","createTime":"2025-05-17T21:07:26.836292081Z","target":"projects/tranzitti-90210/locations/us-central1/functions/helloWorld","verb":"create","cancelRequested":false,"apiVersion":"v2","requestResource":{"@type":"type.googleapis.com/google.cloud.functions.v2.Function","name":"projects/tranzitti-90210/locations/us-central1/functions/helloWorld","buildConfig":{"runtime":"nodejs22","entryPoint":"helloWorld","source":{"storageSource":{"bucket":"gcf-v2-sources-243323136379-us-central1","object":"helloWorld/function-source.zip","generation":"1747516046600200"}},"environmentVariables":{"GOOGLE_NODE_RUN_SCRIPTS":""},"serviceAccount":"projects/tranzitti-90210/serviceAccounts/243323136379-compute@developer.gserviceaccount.com","automaticUpdatePolicy":{}},"serviceConfig":{"service":"projects/tranzitti-90210/locations/us-central1/services/helloworld","timeoutSeconds":60,"environmentVariables":{"FIREBASE_CONFIG":"{\"projectId\":\"tranzitti-90210\",\"storageBucket\":\"tranzitti-90210.firebasestorage.app\"}","GCLOUD_PROJECT":"tranzitti-90210","EVENTARC_CLOUD_EVENT_SOURCE":"projects/tranzitti-90210/locations/us-central1/services/helloWorld","FUNCTION_TARGET":"helloWorld","LOG_EXECUTION_ID":"true"},"ingressSettings":"ALLOW_ALL","serviceAccountEmail":"243323136379-compute@developer.gserviceaccount.com","availableMemory":"256Mi","maxInstanceRequestConcurrency":80,"availableCpu":"1"},"labels":{"deployment-tool":"cli-firebase","firebase-functions-hash":"be40d79d59befd9edc6366fadcad9551ef5668d5"},"environment":"GEN_2"},"stages":[{"name":"BUILD","message":"Build in progress","state":"IN_PROGRESS","resource":"projects/243323136379/locations/us-central1/builds/9f2f36bb-ab84-4faf-a600-30943150ff8c","resourceUri":"https://console.cloud.google.com/cloud-build/builds;region=us-central1/9f2f36bb-ab84-4faf-a600-30943150ff8c?project=243323136379"},{"name":"SERVICE","state":"NOT_STARTED"}],"operationType":"CREATE_FUNCTION","buildName":"projects/243323136379/locations/us-central1/builds/9f2f36bb-ab84-4faf-a600-30943150ff8c"},"done":false}
[debug] [2025-05-17T21:07:53.919Z] [create-default-us-central1-helloWorld] Retrying task index 0
[debug] [2025-05-17T21:07:53.920Z] Checked if tokens are valid: true, expires at: 1747518830326
[debug] [2025-05-17T21:07:53.920Z] Checked if tokens are valid: true, expires at: 1747518830326
[debug] [2025-05-17T21:07:53.920Z] >>> [apiv2][query] GET https://cloudfunctions.googleapis.com/v2/projects/tranzitti-90210/locations/us-central1/operations/operation-1747516046320-6355b492e246e-f4d9f657-b0e4a06a [none]
[debug] [2025-05-17T21:07:54.303Z] <<< [apiv2][status] GET https://cloudfunctions.googleapis.com/v2/projects/tranzitti-90210/locations/us-central1/operations/operation-1747516046320-6355b492e246e-f4d9f657-b0e4a06a 200
[debug] [2025-05-17T21:07:54.303Z] <<< [apiv2][body] GET https://cloudfunctions.googleapis.com/v2/projects/tranzitti-90210/locations/us-central1/operations/operation-1747516046320-6355b492e246e-f4d9f657-b0e4a06a {"name":"projects/tranzitti-90210/locations/us-central1/operations/operation-1747516046320-6355b492e246e-f4d9f657-b0e4a06a","metadata":{"@type":"type.googleapis.com/google.cloud.functions.v2.OperationMetadata","createTime":"2025-05-17T21:07:26.836292081Z","endTime":"2025-05-17T21:07:45.741947203Z","target":"projects/tranzitti-90210/locations/us-central1/functions/helloWorld","verb":"create","cancelRequested":false,"apiVersion":"v2","requestResource":{"@type":"type.googleapis.com/google.cloud.functions.v2.Function","name":"projects/tranzitti-90210/locations/us-central1/functions/helloWorld","buildConfig":{"runtime":"nodejs22","entryPoint":"helloWorld","source":{"storageSource":{"bucket":"gcf-v2-sources-243323136379-us-central1","object":"helloWorld/function-source.zip","generation":"1747516046600200"}},"environmentVariables":{"GOOGLE_NODE_RUN_SCRIPTS":""},"serviceAccount":"projects/tranzitti-90210/serviceAccounts/243323136379-compute@developer.gserviceaccount.com","automaticUpdatePolicy":{}},"serviceConfig":{"service":"projects/tranzitti-90210/locations/us-central1/services/helloworld","timeoutSeconds":60,"environmentVariables":{"FIREBASE_CONFIG":"{\"projectId\":\"tranzitti-90210\",\"storageBucket\":\"tranzitti-90210.firebasestorage.app\"}","GCLOUD_PROJECT":"tranzitti-90210","EVENTARC_CLOUD_EVENT_SOURCE":"projects/tranzitti-90210/locations/us-central1/services/helloWorld","FUNCTION_TARGET":"helloWorld","LOG_EXECUTION_ID":"true"},"ingressSettings":"ALLOW_ALL","serviceAccountEmail":"243323136379-compute@developer.gserviceaccount.com","availableMemory":"256Mi","maxInstanceRequestConcurrency":80,"availableCpu":"1"},"labels":{"deployment-tool":"cli-firebase","firebase-functions-hash":"be40d79d59befd9edc6366fadcad9551ef5668d5"},"environment":"GEN_2"},"stages":[{"name":"ARTIFACT_REGISTRY","message":"Deleting function artifacts in Artifact Registry","state":"COMPLETE"},{"name":"SERVICE","message":"Deleting Cloud Run service","state":"COMPLETE","resource":"projects/tranzitti-90210/locations/us-central1/services/helloworld"}],"operationType":"CREATE_FUNCTION"},"done":true,"error":{"code":3,"message":"Build failed with status: FAILURE. Could not build the function due to a missing permission on the build service account. If you didn't revoke that permission explicitly, this could be caused by a change in the organization policies. Please refer to the following documentation for more details and resolution: https://cloud.google.com/functions/docs/troubleshooting#build-service-account\n You can also view the logs at https://console.cloud.google.com/cloud-build/builds;region=us-central1/9f2f36bb-ab84-4faf-a600-30943150ff8c?project=243323136379.\n"}}
[debug] [2025-05-17T21:07:54.303Z] Got source token undefined for region us-central1
[error] Build failed with status: FAILURE. Could not build the function due to a missing permission on the build service account. If you didn't revoke that permission explicitly, this could be caused by a change in the organization policies. Please refer to the following documentation for more details and resolution: https://cloud.google.com/functions/docs/troubleshooting#build-service-account
 You can also view the logs at https://console.cloud.google.com/cloud-build/builds;region=us-central1/9f2f36bb-ab84-4faf-a600-30943150ff8c?project=243323136379.

[debug] [2025-05-17T21:07:54.314Z] Total Function Deployment time: 28194
[debug] [2025-05-17T21:07:54.314Z] 3 Functions Deployed
[debug] [2025-05-17T21:07:54.314Z] 3 Functions Errored
[debug] [2025-05-17T21:07:54.314Z] 0 Function Deployments Aborted
[debug] [2025-05-17T21:07:54.314Z] Average Function Deployment time: 9398.666666666666
[info] 
[info] Functions deploy had errors with the following functions:
	auth-functions:getUserRole(us-central1)
	helloWorld(us-central1)
	auth-functions:setUserRole(us-central1)
[debug] [2025-05-17T21:07:54.533Z] Not printing URL for HTTPS function. Typically this means it didn't match a filter or we failed deployment
[debug] [2025-05-17T21:07:54.534Z] Checked if tokens are valid: true, expires at: 1747518830326
[debug] [2025-05-17T21:07:54.534Z] Checked if tokens are valid: true, expires at: 1747518830326
[debug] [2025-05-17T21:07:54.534Z] >>> [apiv2][query] GET https://artifactregistry.googleapis.com/v1/projects/tranzitti-90210/locations/us-central1/repositories/gcf-artifacts [none]
[debug] [2025-05-17T21:07:54.938Z] <<< [apiv2][status] GET https://artifactregistry.googleapis.com/v1/projects/tranzitti-90210/locations/us-central1/repositories/gcf-artifacts 200
[debug] [2025-05-17T21:07:54.938Z] <<< [apiv2][body] GET https://artifactregistry.googleapis.com/v1/projects/tranzitti-90210/locations/us-central1/repositories/gcf-artifacts {"name":"projects/tranzitti-90210/locations/us-central1/repositories/gcf-artifacts","format":"DOCKER","description":"This repository is created and used by Cloud Functions for storing function docker images.","labels":{"goog-managed-by":"cloudfunctions"},"createTime":"2025-05-17T20:17:16.736892Z","updateTime":"2025-05-17T20:18:35.241558Z","mode":"STANDARD_REPOSITORY","cleanupPolicies":{"firebase-functions-cleanup":{"id":"firebase-functions-cleanup","action":"DELETE","condition":{"tagState":"ANY","olderThan":"86400s"}}},"vulnerabilityScanningConfig":{"lastEnableTime":"2025-05-17T20:17:08.042608601Z","enablementState":"SCANNING_DISABLED","enablementStateReason":"API containerscanning.googleapis.com is not enabled."},"satisfiesPzi":true,"registryUri":"us-central1-docker.pkg.dev/tranzitti-90210/gcf-artifacts"}
[debug] [2025-05-17T21:07:54.939Z] Functions deploy failed.
[debug] [2025-05-17T21:07:54.939Z] {}
[debug] [2025-05-17T21:07:54.939Z] {}
[debug] [2025-05-17T21:07:54.939Z] {
  "endpoint": {
    "id": "helloWorld",
    "project": "tranzitti-90210",
    "region": "us-central1",
    "entryPoint": "helloWorld",
    "platform": "gcfv2",
    "runtime": "nodejs22",
    "httpsTrigger": {},
    "labels": {
      "deployment-tool": "cli-firebase"
    },
    "serviceAccount": null,
    "ingressSettings": null,
    "availableMemoryMb": null,
    "timeoutSeconds": null,
    "maxInstances": null,
    "minInstances": null,
    "concurrency": 80,
    "vpc": null,
    "environmentVariables": {
      "FIREBASE_CONFIG": "{\"projectId\":\"tranzitti-90210\",\"storageBucket\":\"tranzitti-90210.firebasestorage.app\"}",
      "GCLOUD_PROJECT": "tranzitti-90210",
      "EVENTARC_CLOUD_EVENT_SOURCE": "projects/tranzitti-90210/locations/us-central1/services/helloWorld"
    },
    "codebase": "default",
    "cpu": 1,
    "targetedByOnly": false,
    "hash": "be40d79d59befd9edc6366fadcad9551ef5668d5"
  },
  "op": "create",
  "original": {
    "name": "FirebaseError",
    "children": [],
    "exit": 1,
    "message": "Build failed with status: FAILURE. Could not build the function due to a missing permission on the build service account. If you didn't revoke that permission explicitly, this could be caused by a change in the organization policies. Please refer to the following documentation for more details and resolution: https://cloud.google.com/functions/docs/troubleshooting#build-service-account\n You can also view the logs at https://console.cloud.google.com/cloud-build/builds;region=us-central1/9f2f36bb-ab84-4faf-a600-30943150ff8c?project=243323136379.\n",
    "original": {
      "code": 3,
      "message": "Build failed with status: FAILURE. Could not build the function due to a missing permission on the build service account. If you didn't revoke that permission explicitly, this could be caused by a change in the organization policies. Please refer to the following documentation for more details and resolution: https://cloud.google.com/functions/docs/troubleshooting#build-service-account\n You can also view the logs at https://console.cloud.google.com/cloud-build/builds;region=us-central1/9f2f36bb-ab84-4faf-a600-30943150ff8c?project=243323136379.\n"
    },
    "status": 3,
    "code": 3
  }
}
[error] Error: There was an error deploying functions:
[error] - Error Precondition failed
[error] - Error Precondition failed
[error] - Error Failed to create function helloWorld in region us-central1
[debug] [2025-05-17T21:13:09.729Z] ----------------------------------------------------------------------
[debug] [2025-05-17T21:13:09.730Z] Command:       C:\Program Files\nodejs\node.exe C:\Users\mrsha\AppData\Roaming\npm\node_modules\firebase-tools\lib\bin\firebase.js deploy --only functions
[debug] [2025-05-17T21:13:09.730Z] CLI Version:   14.4.0
[debug] [2025-05-17T21:13:09.731Z] Platform:      win32
[debug] [2025-05-17T21:13:09.731Z] Node Version:  v22.15.0
[debug] [2025-05-17T21:13:09.731Z] Time:          Sat May 17 2025 17:13:09 GMT-0400 (Eastern Daylight Time)
[debug] [2025-05-17T21:13:09.731Z] ----------------------------------------------------------------------
[debug] 
[debug] [2025-05-17T21:13:09.872Z] > command requires scopes: ["email","openid","https://www.googleapis.com/auth/cloudplatformprojects.readonly","https://www.googleapis.com/auth/firebase","https://www.googleapis.com/auth/cloud-platform"]
[debug] [2025-05-17T21:13:09.873Z] > authorizing via signed-in user (srose@norwalkls.com)
[debug] [2025-05-17T21:13:09.873Z] [iam] checking project tranzitti-90210 for permissions ["cloudfunctions.functions.create","cloudfunctions.functions.delete","cloudfunctions.functions.get","cloudfunctions.functions.list","cloudfunctions.functions.update","cloudfunctions.operations.get","firebase.projects.get"]
[debug] [2025-05-17T21:13:09.874Z] Checked if tokens are valid: true, expires at: 1747518830326
[debug] [2025-05-17T21:13:09.874Z] Checked if tokens are valid: true, expires at: 1747518830326
[debug] [2025-05-17T21:13:09.874Z] >>> [apiv2][query] POST https://cloudresourcemanager.googleapis.com/v1/projects/tranzitti-90210:testIamPermissions [none]
[debug] [2025-05-17T21:13:09.874Z] >>> [apiv2][(partial)header] POST https://cloudresourcemanager.googleapis.com/v1/projects/tranzitti-90210:testIamPermissions x-goog-quota-user=projects/tranzitti-90210
[debug] [2025-05-17T21:13:09.874Z] >>> [apiv2][body] POST https://cloudresourcemanager.googleapis.com/v1/projects/tranzitti-90210:testIamPermissions {"permissions":["cloudfunctions.functions.create","cloudfunctions.functions.delete","cloudfunctions.functions.get","cloudfunctions.functions.list","cloudfunctions.functions.update","cloudfunctions.operations.get","firebase.projects.get"]}
[debug] [2025-05-17T21:13:10.259Z] <<< [apiv2][status] POST https://cloudresourcemanager.googleapis.com/v1/projects/tranzitti-90210:testIamPermissions 200
[debug] [2025-05-17T21:13:10.259Z] <<< [apiv2][body] POST https://cloudresourcemanager.googleapis.com/v1/projects/tranzitti-90210:testIamPermissions {"permissions":["cloudfunctions.functions.create","cloudfunctions.functions.delete","cloudfunctions.functions.get","cloudfunctions.functions.list","cloudfunctions.functions.update","cloudfunctions.operations.get","firebase.projects.get"]}
[debug] [2025-05-17T21:13:10.259Z] Checked if tokens are valid: true, expires at: 1747518830326
[debug] [2025-05-17T21:13:10.260Z] Checked if tokens are valid: true, expires at: 1747518830326
[debug] [2025-05-17T21:13:10.260Z] >>> [apiv2][query] POST https://iam.googleapis.com/v1/projects/tranzitti-90210/serviceAccounts/tranzitti-90210@appspot.gserviceaccount.com:testIamPermissions [none]
[debug] [2025-05-17T21:13:10.260Z] >>> [apiv2][body] POST https://iam.googleapis.com/v1/projects/tranzitti-90210/serviceAccounts/tranzitti-90210@appspot.gserviceaccount.com:testIamPermissions {"permissions":["iam.serviceAccounts.actAs"]}
[debug] [2025-05-17T21:13:10.602Z] <<< [apiv2][status] POST https://iam.googleapis.com/v1/projects/tranzitti-90210/serviceAccounts/tranzitti-90210@appspot.gserviceaccount.com:testIamPermissions 200
[debug] [2025-05-17T21:13:10.602Z] <<< [apiv2][body] POST https://iam.googleapis.com/v1/projects/tranzitti-90210/serviceAccounts/tranzitti-90210@appspot.gserviceaccount.com:testIamPermissions {"permissions":["iam.serviceAccounts.actAs"]}
[info] 
[info] === Deploying to 'tranzitti-90210'...
[info] 
[info] i  deploying functions 
[info] Running command: npm --prefix "$RESOURCE_DIR" run lint
[info] Running command: npm --prefix "$RESOURCE_DIR" run build
[info] +  functions: Finished running predeploy script. 
[info] Running command: npm --prefix "$RESOURCE_DIR" run lint
[info] Running command: npm --prefix "$RESOURCE_DIR" run build
[info] +  functions: Finished running predeploy script. 
[debug] [2025-05-17T21:13:22.499Z] Checked if tokens are valid: true, expires at: 1747518830326
[debug] [2025-05-17T21:13:22.499Z] Checked if tokens are valid: true, expires at: 1747518830326
[debug] [2025-05-17T21:13:22.499Z] >>> [apiv2][query] GET https://serviceusage.googleapis.com/v1/projects/tranzitti-90210/services/cloudresourcemanager.googleapis.com [none]
[debug] [2025-05-17T21:13:22.499Z] >>> [apiv2][(partial)header] GET https://serviceusage.googleapis.com/v1/projects/tranzitti-90210/services/cloudresourcemanager.googleapis.com x-goog-quota-user=projects/tranzitti-90210
[debug] [2025-05-17T21:13:23.017Z] <<< [apiv2][status] GET https://serviceusage.googleapis.com/v1/projects/tranzitti-90210/services/cloudresourcemanager.googleapis.com 200
[debug] [2025-05-17T21:13:23.017Z] <<< [apiv2][body] GET https://serviceusage.googleapis.com/v1/projects/tranzitti-90210/services/cloudresourcemanager.googleapis.com [omitted]
[debug] [2025-05-17T21:13:23.018Z] Checked if tokens are valid: true, expires at: 1747518830326
[debug] [2025-05-17T21:13:23.018Z] Checked if tokens are valid: true, expires at: 1747518830326
[debug] [2025-05-17T21:13:23.018Z] >>> [apiv2][query] GET https://cloudresourcemanager.googleapis.com/v1/projects/tranzitti-90210 [none]
[debug] [2025-05-17T21:13:23.343Z] <<< [apiv2][status] GET https://cloudresourcemanager.googleapis.com/v1/projects/tranzitti-90210 200
[debug] [2025-05-17T21:13:23.344Z] <<< [apiv2][body] GET https://cloudresourcemanager.googleapis.com/v1/projects/tranzitti-90210 {"projectNumber":"243323136379","projectId":"tranzitti-90210","lifecycleState":"ACTIVE","name":"Tranzitti","labels":{"firebase":"enabled","firebase-core":"disabled"},"createTime":"2025-05-17T01:54:36.787915Z","parent":{"type":"organization","id":"439686569459"}}
[info] i  functions: preparing codebase default for deployment 
[info] i  functions: preparing codebase auth-functions for deployment 
[info] i  functions: ensuring required API cloudfunctions.googleapis.com is enabled... 
[debug] [2025-05-17T21:13:23.345Z] Checked if tokens are valid: true, expires at: 1747518830326
[debug] [2025-05-17T21:13:23.345Z] Checked if tokens are valid: true, expires at: 1747518830326
[debug] [2025-05-17T21:13:23.345Z] Checked if tokens are valid: true, expires at: 1747518830326
[debug] [2025-05-17T21:13:23.345Z] Checked if tokens are valid: true, expires at: 1747518830326
[info] i  functions: ensuring required API cloudbuild.googleapis.com is enabled... 
[debug] [2025-05-17T21:13:23.346Z] Checked if tokens are valid: true, expires at: 1747518830326
[debug] [2025-05-17T21:13:23.346Z] Checked if tokens are valid: true, expires at: 1747518830326
[info] i  artifactregistry: ensuring required API artifactregistry.googleapis.com is enabled... 
[debug] [2025-05-17T21:13:23.346Z] Checked if tokens are valid: true, expires at: 1747518830326
[debug] [2025-05-17T21:13:23.346Z] Checked if tokens are valid: true, expires at: 1747518830326
[debug] [2025-05-17T21:13:23.346Z] >>> [apiv2][query] GET https://serviceusage.googleapis.com/v1/projects/tranzitti-90210/services/cloudfunctions.googleapis.com [none]
[debug] [2025-05-17T21:13:23.346Z] >>> [apiv2][(partial)header] GET https://serviceusage.googleapis.com/v1/projects/tranzitti-90210/services/cloudfunctions.googleapis.com x-goog-quota-user=projects/tranzitti-90210
[debug] [2025-05-17T21:13:23.347Z] >>> [apiv2][query] GET https://serviceusage.googleapis.com/v1/projects/tranzitti-90210/services/runtimeconfig.googleapis.com [none]
[debug] [2025-05-17T21:13:23.347Z] >>> [apiv2][(partial)header] GET https://serviceusage.googleapis.com/v1/projects/tranzitti-90210/services/runtimeconfig.googleapis.com x-goog-quota-user=projects/tranzitti-90210
[debug] [2025-05-17T21:13:23.348Z] >>> [apiv2][query] GET https://serviceusage.googleapis.com/v1/projects/tranzitti-90210/services/cloudbuild.googleapis.com [none]
[debug] [2025-05-17T21:13:23.348Z] >>> [apiv2][(partial)header] GET https://serviceusage.googleapis.com/v1/projects/tranzitti-90210/services/cloudbuild.googleapis.com x-goog-quota-user=projects/tranzitti-90210
[debug] [2025-05-17T21:13:23.349Z] >>> [apiv2][query] GET https://serviceusage.googleapis.com/v1/projects/tranzitti-90210/services/artifactregistry.googleapis.com [none]
[debug] [2025-05-17T21:13:23.350Z] >>> [apiv2][(partial)header] GET https://serviceusage.googleapis.com/v1/projects/tranzitti-90210/services/artifactregistry.googleapis.com x-goog-quota-user=projects/tranzitti-90210
[debug] [2025-05-17T21:13:23.685Z] <<< [apiv2][status] GET https://serviceusage.googleapis.com/v1/projects/tranzitti-90210/services/cloudfunctions.googleapis.com 200
[debug] [2025-05-17T21:13:23.685Z] <<< [apiv2][body] GET https://serviceusage.googleapis.com/v1/projects/tranzitti-90210/services/cloudfunctions.googleapis.com [omitted]
[info] +  functions: required API cloudfunctions.googleapis.com is enabled 
[debug] [2025-05-17T21:13:23.788Z] <<< [apiv2][status] GET https://serviceusage.googleapis.com/v1/projects/tranzitti-90210/services/artifactregistry.googleapis.com 200
[debug] [2025-05-17T21:13:23.788Z] <<< [apiv2][body] GET https://serviceusage.googleapis.com/v1/projects/tranzitti-90210/services/artifactregistry.googleapis.com [omitted]
[info] +  artifactregistry: required API artifactregistry.googleapis.com is enabled 
[debug] [2025-05-17T21:13:23.790Z] <<< [apiv2][status] GET https://serviceusage.googleapis.com/v1/projects/tranzitti-90210/services/runtimeconfig.googleapis.com 200
[debug] [2025-05-17T21:13:23.790Z] <<< [apiv2][body] GET https://serviceusage.googleapis.com/v1/projects/tranzitti-90210/services/runtimeconfig.googleapis.com [omitted]
[debug] [2025-05-17T21:13:23.843Z] <<< [apiv2][status] GET https://serviceusage.googleapis.com/v1/projects/tranzitti-90210/services/cloudbuild.googleapis.com 200
[debug] [2025-05-17T21:13:23.843Z] <<< [apiv2][body] GET https://serviceusage.googleapis.com/v1/projects/tranzitti-90210/services/cloudbuild.googleapis.com [omitted]
[info] +  functions: required API cloudbuild.googleapis.com is enabled 
[debug] [2025-05-17T21:13:23.844Z] Checked if tokens are valid: true, expires at: 1747518830326
[debug] [2025-05-17T21:13:23.844Z] Checked if tokens are valid: true, expires at: 1747518830326
[debug] [2025-05-17T21:13:23.844Z] >>> [apiv2][query] GET https://firebase.googleapis.com/v1beta1/projects/tranzitti-90210/adminSdkConfig [none]
[debug] [2025-05-17T21:13:24.387Z] <<< [apiv2][status] GET https://firebase.googleapis.com/v1beta1/projects/tranzitti-90210/adminSdkConfig 200
[debug] [2025-05-17T21:13:24.387Z] <<< [apiv2][body] GET https://firebase.googleapis.com/v1beta1/projects/tranzitti-90210/adminSdkConfig {"projectId":"tranzitti-90210","storageBucket":"tranzitti-90210.firebasestorage.app"}
[debug] [2025-05-17T21:13:24.388Z] Checked if tokens are valid: true, expires at: 1747518830326
[debug] [2025-05-17T21:13:24.388Z] Checked if tokens are valid: true, expires at: 1747518830326
[debug] [2025-05-17T21:13:24.388Z] >>> [apiv2][query] GET https://runtimeconfig.googleapis.com/v1beta1/projects/tranzitti-90210/configs [none]
[debug] [2025-05-17T21:13:24.850Z] <<< [apiv2][status] GET https://runtimeconfig.googleapis.com/v1beta1/projects/tranzitti-90210/configs 200
[debug] [2025-05-17T21:13:24.850Z] <<< [apiv2][body] GET https://runtimeconfig.googleapis.com/v1beta1/projects/tranzitti-90210/configs {}
[debug] [2025-05-17T21:13:24.852Z] Validating nodejs source
[debug] [2025-05-17T21:13:25.762Z] > [functions] package.json contents: {
  "name": "functions",
  "scripts": {
    "lint": "eslint --ext .js,.ts .",
    "build": "tsc",
    "build:watch": "tsc --watch",
    "serve": "npm run build && firebase emulators:start --only functions",
    "shell": "npm run build && firebase functions:shell",
    "start": "npm run shell",
    "deploy": "firebase deploy --only functions",
    "logs": "firebase functions:log"
  },
  "engines": {
    "node": "22"
  },
  "main": "lib/index.js",
  "dependencies": {
    "firebase-admin": "^12.6.0",
    "firebase-functions": "^6.0.1"
  },
  "devDependencies": {
    "@typescript-eslint/eslint-plugin": "^5.12.0",
    "@typescript-eslint/parser": "^5.12.0",
    "eslint": "^8.9.0",
    "eslint-config-google": "^0.14.0",
    "eslint-plugin-import": "^2.25.4",
    "firebase-functions-test": "^3.1.0",
    "typescript": "^4.9.0"
  },
  "private": true
}
[debug] [2025-05-17T21:13:25.763Z] Building nodejs source
[info] i  functions: Loading and analyzing source code for codebase default to determine what to deploy 
[debug] [2025-05-17T21:13:25.764Z] Could not find functions.yaml. Must use http discovery
[debug] [2025-05-17T21:13:25.770Z] Found firebase-functions binary at 'C:\Users\mrsha\Desktop\Tranzit.ioNew\functions\node_modules\.bin\firebase-functions'
[info] Serving at port 8177

[debug] [2025-05-17T21:13:26.260Z] Got response from /__/functions.yaml {"endpoints":{"helloWorld":{"availableMemoryMb":null,"timeoutSeconds":null,"minInstances":null,"maxInstances":null,"ingressSettings":null,"concurrency":null,"serviceAccountEmail":null,"vpc":null,"platform":"gcfv2","labels":{},"httpsTrigger":{},"entryPoint":"helloWorld"}},"specVersion":"v1alpha1","requiredAPIs":[],"extensions":{}}
[debug] [2025-05-17T21:13:30.296Z] Validating nodejs source
[debug] [2025-05-17T21:13:31.148Z] > [functions] package.json contents: {
  "name": "functions",
  "scripts": {
    "lint": "eslint --ext .js,.ts .",
    "build": "tsc",
    "build:watch": "tsc --watch",
    "serve": "npm run build && firebase emulators:start --only functions",
    "shell": "npm run build && firebase functions:shell",
    "start": "npm run shell",
    "deploy": "firebase deploy --only functions",
    "logs": "firebase functions:log"
  },
  "engines": {
    "node": "22"
  },
  "main": "lib/index.js",
  "dependencies": {
    "firebase-admin": "^12.7.0",
    "firebase-functions": "^6.3.2"
  },
  "devDependencies": {
    "@typescript-eslint/eslint-plugin": "^5.12.0",
    "@typescript-eslint/parser": "^5.12.0",
    "eslint": "^8.9.0",
    "eslint-config-google": "^0.14.0",
    "eslint-plugin-import": "^2.25.4",
    "firebase-functions-test": "^3.1.0",
    "typescript": "^4.9.0"
  },
  "private": true
}
[debug] [2025-05-17T21:13:31.149Z] Building nodejs source
[info] i  functions: Loading and analyzing source code for codebase auth-functions to determine what to deploy 
[debug] [2025-05-17T21:13:31.152Z] Could not find functions.yaml. Must use http discovery
[debug] [2025-05-17T21:13:31.160Z] Found firebase-functions binary at 'C:\Users\mrsha\Desktop\Tranzit.ioNew\auth-functions\node_modules\.bin\firebase-functions'
[info] Serving at port 8410

[debug] [2025-05-17T21:13:31.543Z] Got response from /__/functions.yaml {"endpoints":{"setUserRole":{"availableMemoryMb":null,"timeoutSeconds":null,"minInstances":null,"maxInstances":null,"ingressSettings":null,"concurrency":null,"serviceAccountEmail":null,"vpc":null,"platform":"gcfv2","labels":{},"callableTrigger":{},"entryPoint":"setUserRole"},"getUserRole":{"availableMemoryMb":null,"timeoutSeconds":null,"minInstances":null,"maxInstances":null,"ingressSettings":null,"concurrency":null,"serviceAccountEmail":null,"vpc":null,"platform":"gcfv2","labels":{},"callableTrigger":{},"entryPoint":"getUserRole"}},"specVersion":"v1alpha1","requiredAPIs":[],"extensions":{}}
[info] i  extensions: ensuring required API firebaseextensions.googleapis.com is enabled... 
[debug] [2025-05-17T21:13:35.580Z] Checked if tokens are valid: true, expires at: 1747518830326
[debug] [2025-05-17T21:13:35.580Z] Checked if tokens are valid: true, expires at: 1747518830326
[debug] [2025-05-17T21:13:35.580Z] >>> [apiv2][query] GET https://serviceusage.googleapis.com/v1/projects/tranzitti-90210/services/firebaseextensions.googleapis.com [none]
[debug] [2025-05-17T21:13:35.580Z] >>> [apiv2][(partial)header] GET https://serviceusage.googleapis.com/v1/projects/tranzitti-90210/services/firebaseextensions.googleapis.com x-goog-quota-user=projects/tranzitti-90210
[debug] [2025-05-17T21:13:36.016Z] <<< [apiv2][status] GET https://serviceusage.googleapis.com/v1/projects/tranzitti-90210/services/firebaseextensions.googleapis.com 200
[debug] [2025-05-17T21:13:36.016Z] <<< [apiv2][body] GET https://serviceusage.googleapis.com/v1/projects/tranzitti-90210/services/firebaseextensions.googleapis.com [omitted]
[info] +  extensions: required API firebaseextensions.googleapis.com is enabled 
[debug] [2025-05-17T21:13:36.017Z] > command requires scopes: ["email","openid","https://www.googleapis.com/auth/cloudplatformprojects.readonly","https://www.googleapis.com/auth/firebase","https://www.googleapis.com/auth/cloud-platform"]
[debug] [2025-05-17T21:13:36.017Z] > authorizing via signed-in user (srose@norwalkls.com)
[debug] [2025-05-17T21:13:36.017Z] [iam] checking project tranzitti-90210 for permissions ["firebase.projects.get","firebaseextensions.instances.list"]
[debug] [2025-05-17T21:13:36.017Z] Checked if tokens are valid: true, expires at: 1747518830326
[debug] [2025-05-17T21:13:36.017Z] Checked if tokens are valid: true, expires at: 1747518830326
[debug] [2025-05-17T21:13:36.017Z] >>> [apiv2][query] POST https://cloudresourcemanager.googleapis.com/v1/projects/tranzitti-90210:testIamPermissions [none]
[debug] [2025-05-17T21:13:36.017Z] >>> [apiv2][(partial)header] POST https://cloudresourcemanager.googleapis.com/v1/projects/tranzitti-90210:testIamPermissions x-goog-quota-user=projects/tranzitti-90210
[debug] [2025-05-17T21:13:36.017Z] >>> [apiv2][body] POST https://cloudresourcemanager.googleapis.com/v1/projects/tranzitti-90210:testIamPermissions {"permissions":["firebase.projects.get","firebaseextensions.instances.list"]}
[debug] [2025-05-17T21:13:36.313Z] <<< [apiv2][status] POST https://cloudresourcemanager.googleapis.com/v1/projects/tranzitti-90210:testIamPermissions 200
[debug] [2025-05-17T21:13:36.313Z] <<< [apiv2][body] POST https://cloudresourcemanager.googleapis.com/v1/projects/tranzitti-90210:testIamPermissions {"permissions":["firebase.projects.get","firebaseextensions.instances.list"]}
[debug] [2025-05-17T21:13:36.314Z] Checked if tokens are valid: true, expires at: 1747518830326
[debug] [2025-05-17T21:13:36.314Z] Checked if tokens are valid: true, expires at: 1747518830326
[debug] [2025-05-17T21:13:36.314Z] >>> [apiv2][query] GET https://firebaseextensions.googleapis.com/v1beta/projects/tranzitti-90210/instances pageSize=100&pageToken=
[debug] [2025-05-17T21:13:36.775Z] <<< [apiv2][status] GET https://firebaseextensions.googleapis.com/v1beta/projects/tranzitti-90210/instances 200
[debug] [2025-05-17T21:13:36.775Z] <<< [apiv2][body] GET https://firebaseextensions.googleapis.com/v1beta/projects/tranzitti-90210/instances {}
[info] i  functions: preparing functions directory for uploading... 
[info] i  functions: packaged C:\Users\mrsha\Desktop\Tranzit.ioNew\functions (87.09 KB) for uploading 
[info] i  functions: preparing auth-functions directory for uploading... 
[info] i  functions: packaged C:\Users\mrsha\Desktop\Tranzit.ioNew\auth-functions (92.48 KB) for uploading 
[debug] [2025-05-17T21:13:36.851Z] Checked if tokens are valid: true, expires at: 1747518830326
[debug] [2025-05-17T21:13:36.851Z] Checked if tokens are valid: true, expires at: 1747518830326
[debug] [2025-05-17T21:13:36.851Z] >>> [apiv2][query] GET https://cloudfunctions.googleapis.com/v1/projects/tranzitti-90210/locations/-/functions [none]
[debug] [2025-05-17T21:13:37.537Z] <<< [apiv2][status] GET https://cloudfunctions.googleapis.com/v1/projects/tranzitti-90210/locations/-/functions 200
[debug] [2025-05-17T21:13:37.537Z] <<< [apiv2][body] GET https://cloudfunctions.googleapis.com/v1/projects/tranzitti-90210/locations/-/functions {}
[debug] [2025-05-17T21:13:37.538Z] Checked if tokens are valid: true, expires at: 1747518830326
[debug] [2025-05-17T21:13:37.538Z] Checked if tokens are valid: true, expires at: 1747518830326
[debug] [2025-05-17T21:13:37.538Z] >>> [apiv2][query] GET https://cloudfunctions.googleapis.com/v2/projects/tranzitti-90210/locations/-/functions filter=environment%3D%22GEN_2%22
[debug] [2025-05-17T21:13:38.067Z] <<< [apiv2][status] GET https://cloudfunctions.googleapis.com/v2/projects/tranzitti-90210/locations/-/functions 200
[debug] [2025-05-17T21:13:38.067Z] <<< [apiv2][body] GET https://cloudfunctions.googleapis.com/v2/projects/tranzitti-90210/locations/-/functions {"functions":[{"name":"projects/tranzitti-90210/locations/us-central1/functions/setUserRole","buildConfig":{"build":"projects/243323136379/locations/us-central1/builds/4cf1decc-885c-4e85-9087-fe41aa46811f","runtime":"nodejs22","entryPoint":"setUserRole","source":{"storageSource":{"bucket":"gcf-v2-sources-243323136379-us-central1","object":"setUserRole/function-source.zip","generation":"1747513027713761"}},"environmentVariables":{"GOOGLE_NODE_RUN_SCRIPTS":""},"dockerRepository":"projects/tranzitti-90210/locations/us-central1/repositories/gcf-artifacts","sourceProvenance":{"resolvedStorageSource":{"bucket":"gcf-v2-sources-243323136379-us-central1","object":"setUserRole/function-source.zip","generation":"1747513027713761"}},"dockerRegistry":"ARTIFACT_REGISTRY","serviceAccount":"projects/tranzitti-90210/serviceAccounts/243323136379-compute@developer.gserviceaccount.com","automaticUpdatePolicy":{}},"state":"FAILED","updateTime":"2025-05-17T20:17:28.567629582Z","labels":{"deployment-tool":"cli-firebase","deployment-callable":"true","firebase-functions-codebase":"auth-functions","firebase-functions-hash":"36194583dc557d328f00fd9a3ccda0184a8005eb"},"stateMessages":[{"severity":"ERROR","type":"CloudRunServiceNotFound","message":"Cloud Run service projects/tranzitti-90210/locations/us-central1/services/setuserrole for the function was not found. The function will not work correctly. Please redeploy."}],"environment":"GEN_2","url":"https://us-central1-tranzitti-90210.cloudfunctions.net/setUserRole","createTime":"2025-05-17T20:17:07.939636552Z","satisfiesPzi":true},{"name":"projects/tranzitti-90210/locations/us-central1/functions/getUserRole","buildConfig":{"build":"projects/243323136379/locations/us-central1/builds/6ec1635f-1cf6-4a8e-afbb-f40b90b22333","runtime":"nodejs22","entryPoint":"getUserRole","source":{"storageSource":{"bucket":"gcf-v2-sources-243323136379-us-central1","object":"getUserRole/function-source.zip","generation":"1747513055989719"}},"environmentVariables":{"GOOGLE_NODE_RUN_SCRIPTS":""},"dockerRepository":"projects/tranzitti-90210/locations/us-central1/repositories/gcf-artifacts","sourceProvenance":{"resolvedStorageSource":{"bucket":"gcf-v2-sources-243323136379-us-central1","object":"getUserRole/function-source.zip","generation":"1747513055989719"}},"dockerRegistry":"ARTIFACT_REGISTRY","serviceAccount":"projects/tranzitti-90210/serviceAccounts/243323136379-compute@developer.gserviceaccount.com","automaticUpdatePolicy":{}},"state":"FAILED","updateTime":"2025-05-17T20:17:54.427746349Z","labels":{"firebase-functions-hash":"36194583dc557d328f00fd9a3ccda0184a8005eb","deployment-tool":"cli-firebase","deployment-callable":"true","firebase-functions-codebase":"auth-functions"},"stateMessages":[{"severity":"ERROR","type":"CloudRunServiceNotFound","message":"Cloud Run service projects/tranzitti-90210/locations/us-central1/services/getuserrole for the function was not found. The function will not work correctly. Please redeploy."}],"environment":"GEN_2","url":"https://us-central1-tranzitti-90210.cloudfunctions.net/getUserRole","createTime":"2025-05-17T20:17:36.226669149Z","satisfiesPzi":true},{"name":"projects/tranzitti-90210/locations/us-central1/functions/helloWorld","buildConfig":{"build":"projects/243323136379/locations/us-central1/builds/9f2f36bb-ab84-4faf-a600-30943150ff8c","runtime":"nodejs22","entryPoint":"helloWorld","source":{"storageSource":{"bucket":"gcf-v2-sources-243323136379-us-central1","object":"helloWorld/function-source.zip","generation":"1747516046600200"}},"environmentVariables":{"GOOGLE_NODE_RUN_SCRIPTS":""},"dockerRepository":"projects/tranzitti-90210/locations/us-central1/repositories/gcf-artifacts","sourceProvenance":{"resolvedStorageSource":{"bucket":"gcf-v2-sources-243323136379-us-central1","object":"helloWorld/function-source.zip","generation":"1747516046600200"}},"dockerRegistry":"ARTIFACT_REGISTRY","serviceAccount":"projects/tranzitti-90210/serviceAccounts/243323136379-compute@developer.gserviceaccount.com","automaticUpdatePolicy":{}},"state":"FAILED","updateTime":"2025-05-17T21:07:45.750926154Z","labels":{"firebase-functions-hash":"be40d79d59befd9edc6366fadcad9551ef5668d5","deployment-tool":"cli-firebase"},"stateMessages":[{"severity":"ERROR","type":"CloudRunServiceNotFound","message":"Cloud Run service projects/tranzitti-90210/locations/us-central1/services/helloworld for the function was not found. The function will not work correctly. Please redeploy."}],"environment":"GEN_2","url":"https://us-central1-tranzitti-90210.cloudfunctions.net/helloWorld","createTime":"2025-05-17T21:07:26.831735916Z","satisfiesPzi":true}]}
[info] i  functions: ensuring required API run.googleapis.com is enabled... 
[debug] [2025-05-17T21:13:38.071Z] Checked if tokens are valid: true, expires at: 1747518830326
[debug] [2025-05-17T21:13:38.072Z] Checked if tokens are valid: true, expires at: 1747518830326
[info] i  functions: ensuring required API eventarc.googleapis.com is enabled... 
[debug] [2025-05-17T21:13:38.073Z] Checked if tokens are valid: true, expires at: 1747518830326
[debug] [2025-05-17T21:13:38.073Z] Checked if tokens are valid: true, expires at: 1747518830326
[info] i  functions: ensuring required API pubsub.googleapis.com is enabled... 
[debug] [2025-05-17T21:13:38.073Z] Checked if tokens are valid: true, expires at: 1747518830326
[debug] [2025-05-17T21:13:38.074Z] Checked if tokens are valid: true, expires at: 1747518830326
[info] i  functions: ensuring required API storage.googleapis.com is enabled... 
[debug] [2025-05-17T21:13:38.075Z] Checked if tokens are valid: true, expires at: 1747518830326
[debug] [2025-05-17T21:13:38.075Z] Checked if tokens are valid: true, expires at: 1747518830326
[debug] [2025-05-17T21:13:38.075Z] >>> [apiv2][query] GET https://serviceusage.googleapis.com/v1/projects/243323136379/services/run.googleapis.com [none]
[debug] [2025-05-17T21:13:38.075Z] >>> [apiv2][(partial)header] GET https://serviceusage.googleapis.com/v1/projects/243323136379/services/run.googleapis.com x-goog-quota-user=projects/243323136379
[debug] [2025-05-17T21:13:38.076Z] >>> [apiv2][query] GET https://serviceusage.googleapis.com/v1/projects/243323136379/services/eventarc.googleapis.com [none]
[debug] [2025-05-17T21:13:38.076Z] >>> [apiv2][(partial)header] GET https://serviceusage.googleapis.com/v1/projects/243323136379/services/eventarc.googleapis.com x-goog-quota-user=projects/243323136379
[debug] [2025-05-17T21:13:38.078Z] >>> [apiv2][query] GET https://serviceusage.googleapis.com/v1/projects/243323136379/services/pubsub.googleapis.com [none]
[debug] [2025-05-17T21:13:38.078Z] >>> [apiv2][(partial)header] GET https://serviceusage.googleapis.com/v1/projects/243323136379/services/pubsub.googleapis.com x-goog-quota-user=projects/243323136379
[debug] [2025-05-17T21:13:38.079Z] >>> [apiv2][query] GET https://serviceusage.googleapis.com/v1/projects/243323136379/services/storage.googleapis.com [none]
[debug] [2025-05-17T21:13:38.079Z] >>> [apiv2][(partial)header] GET https://serviceusage.googleapis.com/v1/projects/243323136379/services/storage.googleapis.com x-goog-quota-user=projects/243323136379
[debug] [2025-05-17T21:13:38.415Z] <<< [apiv2][status] GET https://serviceusage.googleapis.com/v1/projects/243323136379/services/run.googleapis.com 200
[debug] [2025-05-17T21:13:38.415Z] <<< [apiv2][body] GET https://serviceusage.googleapis.com/v1/projects/243323136379/services/run.googleapis.com [omitted]
[info] +  functions: required API run.googleapis.com is enabled 
[debug] [2025-05-17T21:13:38.534Z] <<< [apiv2][status] GET https://serviceusage.googleapis.com/v1/projects/243323136379/services/eventarc.googleapis.com 200
[debug] [2025-05-17T21:13:38.534Z] <<< [apiv2][body] GET https://serviceusage.googleapis.com/v1/projects/243323136379/services/eventarc.googleapis.com [omitted]
[info] +  functions: required API eventarc.googleapis.com is enabled 
[debug] [2025-05-17T21:13:38.564Z] <<< [apiv2][status] GET https://serviceusage.googleapis.com/v1/projects/243323136379/services/pubsub.googleapis.com 200
[debug] [2025-05-17T21:13:38.564Z] <<< [apiv2][body] GET https://serviceusage.googleapis.com/v1/projects/243323136379/services/pubsub.googleapis.com [omitted]
[info] +  functions: required API pubsub.googleapis.com is enabled 
[debug] [2025-05-17T21:13:38.647Z] <<< [apiv2][status] GET https://serviceusage.googleapis.com/v1/projects/243323136379/services/storage.googleapis.com 200
[debug] [2025-05-17T21:13:38.648Z] <<< [apiv2][body] GET https://serviceusage.googleapis.com/v1/projects/243323136379/services/storage.googleapis.com [omitted]
[info] +  functions: required API storage.googleapis.com is enabled 
[info] i  functions: generating the service identity for pubsub.googleapis.com... 
[debug] [2025-05-17T21:13:38.650Z] Checked if tokens are valid: true, expires at: 1747518830326
[debug] [2025-05-17T21:13:38.650Z] Checked if tokens are valid: true, expires at: 1747518830326
[info] i  functions: generating the service identity for eventarc.googleapis.com... 
[debug] [2025-05-17T21:13:38.651Z] Checked if tokens are valid: true, expires at: 1747518830326
[debug] [2025-05-17T21:13:38.651Z] Checked if tokens are valid: true, expires at: 1747518830326
[debug] [2025-05-17T21:13:38.651Z] >>> [apiv2][query] POST https://serviceusage.googleapis.com/v1beta1/projects/243323136379/services/pubsub.googleapis.com:generateServiceIdentity [none]
[debug] [2025-05-17T21:13:38.651Z] >>> [apiv2][query] POST https://serviceusage.googleapis.com/v1beta1/projects/243323136379/services/eventarc.googleapis.com:generateServiceIdentity [none]
[debug] [2025-05-17T21:13:39.087Z] <<< [apiv2][status] POST https://serviceusage.googleapis.com/v1beta1/projects/243323136379/services/eventarc.googleapis.com:generateServiceIdentity 200
[debug] [2025-05-17T21:13:39.087Z] <<< [apiv2][body] POST https://serviceusage.googleapis.com/v1beta1/projects/243323136379/services/eventarc.googleapis.com:generateServiceIdentity {"name":"operations/finished.DONE_OPERATION","done":true,"response":{"@type":"type.googleapis.com/google.api.serviceusage.v1beta1.ServiceIdentity","email":"service-243323136379@gcp-sa-eventarc.iam.gserviceaccount.com","uniqueId":"114225264947352681424"}}
[debug] [2025-05-17T21:13:39.097Z] <<< [apiv2][status] POST https://serviceusage.googleapis.com/v1beta1/projects/243323136379/services/pubsub.googleapis.com:generateServiceIdentity 200
[debug] [2025-05-17T21:13:39.097Z] <<< [apiv2][body] POST https://serviceusage.googleapis.com/v1beta1/projects/243323136379/services/pubsub.googleapis.com:generateServiceIdentity {"name":"operations/finished.DONE_OPERATION","done":true,"response":{"@type":"type.googleapis.com/google.api.serviceusage.v1beta1.ServiceIdentity","email":"service-243323136379@gcp-sa-pubsub.iam.gserviceaccount.com","uniqueId":"114267368831450114871"}}
[debug] [2025-05-17T21:13:39.100Z] Checked if tokens are valid: true, expires at: 1747518830326
[debug] [2025-05-17T21:13:39.100Z] Checked if tokens are valid: true, expires at: 1747518830326
[debug] [2025-05-17T21:13:39.100Z] >>> [apiv2][query] GET https://serviceusage.googleapis.com/v1/projects/tranzitti-90210/services/cloudresourcemanager.googleapis.com [none]
[debug] [2025-05-17T21:13:39.100Z] >>> [apiv2][(partial)header] GET https://serviceusage.googleapis.com/v1/projects/tranzitti-90210/services/cloudresourcemanager.googleapis.com x-goog-quota-user=projects/tranzitti-90210
[debug] [2025-05-17T21:13:39.389Z] <<< [apiv2][status] GET https://serviceusage.googleapis.com/v1/projects/tranzitti-90210/services/cloudresourcemanager.googleapis.com 200
[debug] [2025-05-17T21:13:39.389Z] <<< [apiv2][body] GET https://serviceusage.googleapis.com/v1/projects/tranzitti-90210/services/cloudresourcemanager.googleapis.com [omitted]
[debug] [2025-05-17T21:13:39.389Z] Checked if tokens are valid: true, expires at: 1747518830326
[debug] [2025-05-17T21:13:39.389Z] Checked if tokens are valid: true, expires at: 1747518830326
[debug] [2025-05-17T21:13:39.390Z] >>> [apiv2][query] GET https://cloudresourcemanager.googleapis.com/v1/projects/tranzitti-90210 [none]
[debug] [2025-05-17T21:13:39.534Z] <<< [apiv2][status] GET https://cloudresourcemanager.googleapis.com/v1/projects/tranzitti-90210 200
[debug] [2025-05-17T21:13:39.534Z] <<< [apiv2][body] GET https://cloudresourcemanager.googleapis.com/v1/projects/tranzitti-90210 {"projectNumber":"243323136379","projectId":"tranzitti-90210","lifecycleState":"ACTIVE","name":"Tranzitti","labels":{"firebase":"enabled","firebase-core":"disabled"},"createTime":"2025-05-17T01:54:36.787915Z","parent":{"type":"organization","id":"439686569459"}}
[debug] [2025-05-17T21:13:39.534Z] Checked if tokens are valid: true, expires at: 1747518830326
[debug] [2025-05-17T21:13:39.534Z] Checked if tokens are valid: true, expires at: 1747518830326
[debug] [2025-05-17T21:13:39.534Z] >>> [apiv2][query] GET https://compute.googleapis.com/compute/v1/projects/243323136379 [none]
[debug] [2025-05-17T21:13:39.825Z] <<< [apiv2][status] GET https://compute.googleapis.com/compute/v1/projects/243323136379 403
[debug] [2025-05-17T21:13:39.825Z] <<< [apiv2][body] GET https://compute.googleapis.com/compute/v1/projects/243323136379 {"error":{"code":403,"message":"Compute Engine API has not been used in project 243323136379 before or it is disabled. Enable it by visiting https://console.developers.google.com/apis/api/compute.googleapis.com/overview?project=243323136379 then retry. If you enabled this API recently, wait a few minutes for the action to propagate to our systems and retry.","errors":[{"message":"Compute Engine API has not been used in project 243323136379 before or it is disabled. Enable it by visiting https://console.developers.google.com/apis/api/compute.googleapis.com/overview?project=243323136379 then retry. If you enabled this API recently, wait a few minutes for the action to propagate to our systems and retry.","domain":"usageLimits","reason":"accessNotConfigured","extendedHelp":"https://console.developers.google.com"}],"status":"PERMISSION_DENIED","details":[{"@type":"type.googleapis.com/google.rpc.ErrorInfo","reason":"SERVICE_DISABLED","domain":"googleapis.com","metadata":{"serviceTitle":"Compute Engine API","activationUrl":"https://console.developers.google.com/apis/api/compute.googleapis.com/overview?project=243323136379","containerInfo":"243323136379","service":"compute.googleapis.com","consumer":"projects/243323136379"}},{"@type":"type.googleapis.com/google.rpc.LocalizedMessage","locale":"en-US","message":"Compute Engine API has not been used in project 243323136379 before or it is disabled. Enable it by visiting https://console.developers.google.com/apis/api/compute.googleapis.com/overview?project=243323136379 then retry. If you enabled this API recently, wait a few minutes for the action to propagate to our systems and retry."},{"@type":"type.googleapis.com/google.rpc.Help","links":[{"description":"Google developers console API activation","url":"https://console.developers.google.com/apis/api/compute.googleapis.com/overview?project=243323136379"}]}]}}
[debug] [2025-05-17T21:13:39.826Z] unable to look up default compute service account. Falling back to 243323136379-compute@developer.gserviceaccount.com. Error: {"name":"FirebaseError","children":[],"context":{"body":{"error":{"code":403,"message":"Compute Engine API has not been used in project 243323136379 before or it is disabled. Enable it by visiting https://console.developers.google.com/apis/api/compute.googleapis.com/overview?project=243323136379 then retry. If you enabled this API recently, wait a few minutes for the action to propagate to our systems and retry.","errors":[{"message":"Compute Engine API has not been used in project 243323136379 before or it is disabled. Enable it by visiting https://console.developers.google.com/apis/api/compute.googleapis.com/overview?project=243323136379 then retry. If you enabled this API recently, wait a few minutes for the action to propagate to our systems and retry.","domain":"usageLimits","reason":"accessNotConfigured","extendedHelp":"https://console.developers.google.com"}],"status":"PERMISSION_DENIED","details":[{"@type":"type.googleapis.com/google.rpc.ErrorInfo","reason":"SERVICE_DISABLED","domain":"googleapis.com","metadata":{"serviceTitle":"Compute Engine API","activationUrl":"https://console.developers.google.com/apis/api/compute.googleapis.com/overview?project=243323136379","containerInfo":"243323136379","service":"compute.googleapis.com","consumer":"projects/243323136379"}},{"@type":"type.googleapis.com/google.rpc.LocalizedMessage","locale":"en-US","message":"Compute Engine API has not been used in project 243323136379 before or it is disabled. Enable it by visiting https://console.developers.google.com/apis/api/compute.googleapis.com/overview?project=243323136379 then retry. If you enabled this API recently, wait a few minutes for the action to propagate to our systems and retry."},{"@type":"type.googleapis.com/google.rpc.Help","links":[{"description":"Google developers console API activation","url":"https://console.developers.google.com/apis/api/compute.googleapis.com/overview?project=243323136379"}]}]}},"response":{"statusCode":403}},"exit":1,"message":"Request to https://compute.googleapis.com/compute/v1/projects/243323136379 had HTTP Error: 403, Compute Engine API has not been used in project 243323136379 before or it is disabled. Enable it by visiting https://console.developers.google.com/apis/api/compute.googleapis.com/overview?project=243323136379 then retry. If you enabled this API recently, wait a few minutes for the action to propagate to our systems and retry.","status":403}
[debug] [2025-05-17T21:13:39.826Z] Checked if tokens are valid: true, expires at: 1747518830326
[debug] [2025-05-17T21:13:39.826Z] Checked if tokens are valid: true, expires at: 1747518830326
[debug] [2025-05-17T21:13:39.826Z] >>> [apiv2][query] GET https://compute.googleapis.com/compute/v1/projects/243323136379 [none]
[debug] [2025-05-17T21:13:39.930Z] <<< [apiv2][status] GET https://compute.googleapis.com/compute/v1/projects/243323136379 403
[debug] [2025-05-17T21:13:39.930Z] <<< [apiv2][body] GET https://compute.googleapis.com/compute/v1/projects/243323136379 {"error":{"code":403,"message":"Compute Engine API has not been used in project 243323136379 before or it is disabled. Enable it by visiting https://console.developers.google.com/apis/api/compute.googleapis.com/overview?project=243323136379 then retry. If you enabled this API recently, wait a few minutes for the action to propagate to our systems and retry.","errors":[{"message":"Compute Engine API has not been used in project 243323136379 before or it is disabled. Enable it by visiting https://console.developers.google.com/apis/api/compute.googleapis.com/overview?project=243323136379 then retry. If you enabled this API recently, wait a few minutes for the action to propagate to our systems and retry.","domain":"usageLimits","reason":"accessNotConfigured","extendedHelp":"https://console.developers.google.com"}],"status":"PERMISSION_DENIED","details":[{"@type":"type.googleapis.com/google.rpc.ErrorInfo","reason":"SERVICE_DISABLED","domain":"googleapis.com","metadata":{"serviceTitle":"Compute Engine API","service":"compute.googleapis.com","containerInfo":"243323136379","activationUrl":"https://console.developers.google.com/apis/api/compute.googleapis.com/overview?project=243323136379","consumer":"projects/243323136379"}},{"@type":"type.googleapis.com/google.rpc.LocalizedMessage","locale":"en-US","message":"Compute Engine API has not been used in project 243323136379 before or it is disabled. Enable it by visiting https://console.developers.google.com/apis/api/compute.googleapis.com/overview?project=243323136379 then retry. If you enabled this API recently, wait a few minutes for the action to propagate to our systems and retry."},{"@type":"type.googleapis.com/google.rpc.Help","links":[{"description":"Google developers console API activation","url":"https://console.developers.google.com/apis/api/compute.googleapis.com/overview?project=243323136379"}]}]}}
[debug] [2025-05-17T21:13:39.930Z] unable to look up default compute service account. Falling back to 243323136379-compute@developer.gserviceaccount.com. Error: {"name":"FirebaseError","children":[],"context":{"body":{"error":{"code":403,"message":"Compute Engine API has not been used in project 243323136379 before or it is disabled. Enable it by visiting https://console.developers.google.com/apis/api/compute.googleapis.com/overview?project=243323136379 then retry. If you enabled this API recently, wait a few minutes for the action to propagate to our systems and retry.","errors":[{"message":"Compute Engine API has not been used in project 243323136379 before or it is disabled. Enable it by visiting https://console.developers.google.com/apis/api/compute.googleapis.com/overview?project=243323136379 then retry. If you enabled this API recently, wait a few minutes for the action to propagate to our systems and retry.","domain":"usageLimits","reason":"accessNotConfigured","extendedHelp":"https://console.developers.google.com"}],"status":"PERMISSION_DENIED","details":[{"@type":"type.googleapis.com/google.rpc.ErrorInfo","reason":"SERVICE_DISABLED","domain":"googleapis.com","metadata":{"serviceTitle":"Compute Engine API","service":"compute.googleapis.com","containerInfo":"243323136379","activationUrl":"https://console.developers.google.com/apis/api/compute.googleapis.com/overview?project=243323136379","consumer":"projects/243323136379"}},{"@type":"type.googleapis.com/google.rpc.LocalizedMessage","locale":"en-US","message":"Compute Engine API has not been used in project 243323136379 before or it is disabled. Enable it by visiting https://console.developers.google.com/apis/api/compute.googleapis.com/overview?project=243323136379 then retry. If you enabled this API recently, wait a few minutes for the action to propagate to our systems and retry."},{"@type":"type.googleapis.com/google.rpc.Help","links":[{"description":"Google developers console API activation","url":"https://console.developers.google.com/apis/api/compute.googleapis.com/overview?project=243323136379"}]}]}},"response":{"statusCode":403}},"exit":1,"message":"Request to https://compute.googleapis.com/compute/v1/projects/243323136379 had HTTP Error: 403, Compute Engine API has not been used in project 243323136379 before or it is disabled. Enable it by visiting https://console.developers.google.com/apis/api/compute.googleapis.com/overview?project=243323136379 then retry. If you enabled this API recently, wait a few minutes for the action to propagate to our systems and retry.","status":403}
[debug] [2025-05-17T21:13:39.930Z] Checked if tokens are valid: true, expires at: 1747518830326
[debug] [2025-05-17T21:13:39.930Z] Checked if tokens are valid: true, expires at: 1747518830326
[debug] [2025-05-17T21:13:39.930Z] >>> [apiv2][query] GET https://compute.googleapis.com/compute/v1/projects/243323136379 [none]
[debug] [2025-05-17T21:13:40.036Z] <<< [apiv2][status] GET https://compute.googleapis.com/compute/v1/projects/243323136379 403
[debug] [2025-05-17T21:13:40.036Z] <<< [apiv2][body] GET https://compute.googleapis.com/compute/v1/projects/243323136379 {"error":{"code":403,"message":"Compute Engine API has not been used in project 243323136379 before or it is disabled. Enable it by visiting https://console.developers.google.com/apis/api/compute.googleapis.com/overview?project=243323136379 then retry. If you enabled this API recently, wait a few minutes for the action to propagate to our systems and retry.","errors":[{"message":"Compute Engine API has not been used in project 243323136379 before or it is disabled. Enable it by visiting https://console.developers.google.com/apis/api/compute.googleapis.com/overview?project=243323136379 then retry. If you enabled this API recently, wait a few minutes for the action to propagate to our systems and retry.","domain":"usageLimits","reason":"accessNotConfigured","extendedHelp":"https://console.developers.google.com"}],"status":"PERMISSION_DENIED","details":[{"@type":"type.googleapis.com/google.rpc.ErrorInfo","reason":"SERVICE_DISABLED","domain":"googleapis.com","metadata":{"consumer":"projects/243323136379","containerInfo":"243323136379","activationUrl":"https://console.developers.google.com/apis/api/compute.googleapis.com/overview?project=243323136379","serviceTitle":"Compute Engine API","service":"compute.googleapis.com"}},{"@type":"type.googleapis.com/google.rpc.LocalizedMessage","locale":"en-US","message":"Compute Engine API has not been used in project 243323136379 before or it is disabled. Enable it by visiting https://console.developers.google.com/apis/api/compute.googleapis.com/overview?project=243323136379 then retry. If you enabled this API recently, wait a few minutes for the action to propagate to our systems and retry."},{"@type":"type.googleapis.com/google.rpc.Help","links":[{"description":"Google developers console API activation","url":"https://console.developers.google.com/apis/api/compute.googleapis.com/overview?project=243323136379"}]}]}}
[debug] [2025-05-17T21:13:40.037Z] unable to look up default compute service account. Falling back to 243323136379-compute@developer.gserviceaccount.com. Error: {"name":"FirebaseError","children":[],"context":{"body":{"error":{"code":403,"message":"Compute Engine API has not been used in project 243323136379 before or it is disabled. Enable it by visiting https://console.developers.google.com/apis/api/compute.googleapis.com/overview?project=243323136379 then retry. If you enabled this API recently, wait a few minutes for the action to propagate to our systems and retry.","errors":[{"message":"Compute Engine API has not been used in project 243323136379 before or it is disabled. Enable it by visiting https://console.developers.google.com/apis/api/compute.googleapis.com/overview?project=243323136379 then retry. If you enabled this API recently, wait a few minutes for the action to propagate to our systems and retry.","domain":"usageLimits","reason":"accessNotConfigured","extendedHelp":"https://console.developers.google.com"}],"status":"PERMISSION_DENIED","details":[{"@type":"type.googleapis.com/google.rpc.ErrorInfo","reason":"SERVICE_DISABLED","domain":"googleapis.com","metadata":{"consumer":"projects/243323136379","containerInfo":"243323136379","activationUrl":"https://console.developers.google.com/apis/api/compute.googleapis.com/overview?project=243323136379","serviceTitle":"Compute Engine API","service":"compute.googleapis.com"}},{"@type":"type.googleapis.com/google.rpc.LocalizedMessage","locale":"en-US","message":"Compute Engine API has not been used in project 243323136379 before or it is disabled. Enable it by visiting https://console.developers.google.com/apis/api/compute.googleapis.com/overview?project=243323136379 then retry. If you enabled this API recently, wait a few minutes for the action to propagate to our systems and retry."},{"@type":"type.googleapis.com/google.rpc.Help","links":[{"description":"Google developers console API activation","url":"https://console.developers.google.com/apis/api/compute.googleapis.com/overview?project=243323136379"}]}]}},"response":{"statusCode":403}},"exit":1,"message":"Request to https://compute.googleapis.com/compute/v1/projects/243323136379 had HTTP Error: 403, Compute Engine API has not been used in project 243323136379 before or it is disabled. Enable it by visiting https://console.developers.google.com/apis/api/compute.googleapis.com/overview?project=243323136379 then retry. If you enabled this API recently, wait a few minutes for the action to propagate to our systems and retry.","status":403}
[debug] [2025-05-17T21:13:40.037Z] Checked if tokens are valid: true, expires at: 1747518830326
[debug] [2025-05-17T21:13:40.037Z] Checked if tokens are valid: true, expires at: 1747518830326
[debug] [2025-05-17T21:13:40.037Z] >>> [apiv2][query] GET https://compute.googleapis.com/compute/v1/projects/243323136379 [none]
[debug] [2025-05-17T21:13:40.145Z] <<< [apiv2][status] GET https://compute.googleapis.com/compute/v1/projects/243323136379 403
[debug] [2025-05-17T21:13:40.145Z] <<< [apiv2][body] GET https://compute.googleapis.com/compute/v1/projects/243323136379 {"error":{"code":403,"message":"Compute Engine API has not been used in project 243323136379 before or it is disabled. Enable it by visiting https://console.developers.google.com/apis/api/compute.googleapis.com/overview?project=243323136379 then retry. If you enabled this API recently, wait a few minutes for the action to propagate to our systems and retry.","errors":[{"message":"Compute Engine API has not been used in project 243323136379 before or it is disabled. Enable it by visiting https://console.developers.google.com/apis/api/compute.googleapis.com/overview?project=243323136379 then retry. If you enabled this API recently, wait a few minutes for the action to propagate to our systems and retry.","domain":"usageLimits","reason":"accessNotConfigured","extendedHelp":"https://console.developers.google.com"}],"status":"PERMISSION_DENIED","details":[{"@type":"type.googleapis.com/google.rpc.ErrorInfo","reason":"SERVICE_DISABLED","domain":"googleapis.com","metadata":{"serviceTitle":"Compute Engine API","service":"compute.googleapis.com","consumer":"projects/243323136379","containerInfo":"243323136379","activationUrl":"https://console.developers.google.com/apis/api/compute.googleapis.com/overview?project=243323136379"}},{"@type":"type.googleapis.com/google.rpc.LocalizedMessage","locale":"en-US","message":"Compute Engine API has not been used in project 243323136379 before or it is disabled. Enable it by visiting https://console.developers.google.com/apis/api/compute.googleapis.com/overview?project=243323136379 then retry. If you enabled this API recently, wait a few minutes for the action to propagate to our systems and retry."},{"@type":"type.googleapis.com/google.rpc.Help","links":[{"description":"Google developers console API activation","url":"https://console.developers.google.com/apis/api/compute.googleapis.com/overview?project=243323136379"}]}]}}
[debug] [2025-05-17T21:13:40.145Z] unable to look up default compute service account. Falling back to 243323136379-compute@developer.gserviceaccount.com. Error: {"name":"FirebaseError","children":[],"context":{"body":{"error":{"code":403,"message":"Compute Engine API has not been used in project 243323136379 before or it is disabled. Enable it by visiting https://console.developers.google.com/apis/api/compute.googleapis.com/overview?project=243323136379 then retry. If you enabled this API recently, wait a few minutes for the action to propagate to our systems and retry.","errors":[{"message":"Compute Engine API has not been used in project 243323136379 before or it is disabled. Enable it by visiting https://console.developers.google.com/apis/api/compute.googleapis.com/overview?project=243323136379 then retry. If you enabled this API recently, wait a few minutes for the action to propagate to our systems and retry.","domain":"usageLimits","reason":"accessNotConfigured","extendedHelp":"https://console.developers.google.com"}],"status":"PERMISSION_DENIED","details":[{"@type":"type.googleapis.com/google.rpc.ErrorInfo","reason":"SERVICE_DISABLED","domain":"googleapis.com","metadata":{"serviceTitle":"Compute Engine API","service":"compute.googleapis.com","consumer":"projects/243323136379","containerInfo":"243323136379","activationUrl":"https://console.developers.google.com/apis/api/compute.googleapis.com/overview?project=243323136379"}},{"@type":"type.googleapis.com/google.rpc.LocalizedMessage","locale":"en-US","message":"Compute Engine API has not been used in project 243323136379 before or it is disabled. Enable it by visiting https://console.developers.google.com/apis/api/compute.googleapis.com/overview?project=243323136379 then retry. If you enabled this API recently, wait a few minutes for the action to propagate to our systems and retry."},{"@type":"type.googleapis.com/google.rpc.Help","links":[{"description":"Google developers console API activation","url":"https://console.developers.google.com/apis/api/compute.googleapis.com/overview?project=243323136379"}]}]}},"response":{"statusCode":403}},"exit":1,"message":"Request to https://compute.googleapis.com/compute/v1/projects/243323136379 had HTTP Error: 403, Compute Engine API has not been used in project 243323136379 before or it is disabled. Enable it by visiting https://console.developers.google.com/apis/api/compute.googleapis.com/overview?project=243323136379 then retry. If you enabled this API recently, wait a few minutes for the action to propagate to our systems and retry.","status":403}
[debug] [2025-05-17T21:13:40.146Z] Checked if tokens are valid: true, expires at: 1747518830326
[debug] [2025-05-17T21:13:40.146Z] Checked if tokens are valid: true, expires at: 1747518830326
[debug] [2025-05-17T21:13:40.146Z] >>> [apiv2][query] GET https://compute.googleapis.com/compute/v1/projects/243323136379 [none]
[debug] [2025-05-17T21:13:40.247Z] <<< [apiv2][status] GET https://compute.googleapis.com/compute/v1/projects/243323136379 403
[debug] [2025-05-17T21:13:40.247Z] <<< [apiv2][body] GET https://compute.googleapis.com/compute/v1/projects/243323136379 {"error":{"code":403,"message":"Compute Engine API has not been used in project 243323136379 before or it is disabled. Enable it by visiting https://console.developers.google.com/apis/api/compute.googleapis.com/overview?project=243323136379 then retry. If you enabled this API recently, wait a few minutes for the action to propagate to our systems and retry.","errors":[{"message":"Compute Engine API has not been used in project 243323136379 before or it is disabled. Enable it by visiting https://console.developers.google.com/apis/api/compute.googleapis.com/overview?project=243323136379 then retry. If you enabled this API recently, wait a few minutes for the action to propagate to our systems and retry.","domain":"usageLimits","reason":"accessNotConfigured","extendedHelp":"https://console.developers.google.com"}],"status":"PERMISSION_DENIED","details":[{"@type":"type.googleapis.com/google.rpc.ErrorInfo","reason":"SERVICE_DISABLED","domain":"googleapis.com","metadata":{"containerInfo":"243323136379","service":"compute.googleapis.com","serviceTitle":"Compute Engine API","activationUrl":"https://console.developers.google.com/apis/api/compute.googleapis.com/overview?project=243323136379","consumer":"projects/243323136379"}},{"@type":"type.googleapis.com/google.rpc.LocalizedMessage","locale":"en-US","message":"Compute Engine API has not been used in project 243323136379 before or it is disabled. Enable it by visiting https://console.developers.google.com/apis/api/compute.googleapis.com/overview?project=243323136379 then retry. If you enabled this API recently, wait a few minutes for the action to propagate to our systems and retry."},{"@type":"type.googleapis.com/google.rpc.Help","links":[{"description":"Google developers console API activation","url":"https://console.developers.google.com/apis/api/compute.googleapis.com/overview?project=243323136379"}]}]}}
[debug] [2025-05-17T21:13:40.247Z] unable to look up default compute service account. Falling back to 243323136379-compute@developer.gserviceaccount.com. Error: {"name":"FirebaseError","children":[],"context":{"body":{"error":{"code":403,"message":"Compute Engine API has not been used in project 243323136379 before or it is disabled. Enable it by visiting https://console.developers.google.com/apis/api/compute.googleapis.com/overview?project=243323136379 then retry. If you enabled this API recently, wait a few minutes for the action to propagate to our systems and retry.","errors":[{"message":"Compute Engine API has not been used in project 243323136379 before or it is disabled. Enable it by visiting https://console.developers.google.com/apis/api/compute.googleapis.com/overview?project=243323136379 then retry. If you enabled this API recently, wait a few minutes for the action to propagate to our systems and retry.","domain":"usageLimits","reason":"accessNotConfigured","extendedHelp":"https://console.developers.google.com"}],"status":"PERMISSION_DENIED","details":[{"@type":"type.googleapis.com/google.rpc.ErrorInfo","reason":"SERVICE_DISABLED","domain":"googleapis.com","metadata":{"containerInfo":"243323136379","service":"compute.googleapis.com","serviceTitle":"Compute Engine API","activationUrl":"https://console.developers.google.com/apis/api/compute.googleapis.com/overview?project=243323136379","consumer":"projects/243323136379"}},{"@type":"type.googleapis.com/google.rpc.LocalizedMessage","locale":"en-US","message":"Compute Engine API has not been used in project 243323136379 before or it is disabled. Enable it by visiting https://console.developers.google.com/apis/api/compute.googleapis.com/overview?project=243323136379 then retry. If you enabled this API recently, wait a few minutes for the action to propagate to our systems and retry."},{"@type":"type.googleapis.com/google.rpc.Help","links":[{"description":"Google developers console API activation","url":"https://console.developers.google.com/apis/api/compute.googleapis.com/overview?project=243323136379"}]}]}},"response":{"statusCode":403}},"exit":1,"message":"Request to https://compute.googleapis.com/compute/v1/projects/243323136379 had HTTP Error: 403, Compute Engine API has not been used in project 243323136379 before or it is disabled. Enable it by visiting https://console.developers.google.com/apis/api/compute.googleapis.com/overview?project=243323136379 then retry. If you enabled this API recently, wait a few minutes for the action to propagate to our systems and retry.","status":403}
[debug] [2025-05-17T21:13:40.248Z] Checked if tokens are valid: true, expires at: 1747518830326
[debug] [2025-05-17T21:13:40.248Z] Checked if tokens are valid: true, expires at: 1747518830326
[debug] [2025-05-17T21:13:40.248Z] >>> [apiv2][query] GET https://compute.googleapis.com/compute/v1/projects/243323136379 [none]
[debug] [2025-05-17T21:13:40.353Z] <<< [apiv2][status] GET https://compute.googleapis.com/compute/v1/projects/243323136379 403
[debug] [2025-05-17T21:13:40.353Z] <<< [apiv2][body] GET https://compute.googleapis.com/compute/v1/projects/243323136379 {"error":{"code":403,"message":"Compute Engine API has not been used in project 243323136379 before or it is disabled. Enable it by visiting https://console.developers.google.com/apis/api/compute.googleapis.com/overview?project=243323136379 then retry. If you enabled this API recently, wait a few minutes for the action to propagate to our systems and retry.","errors":[{"message":"Compute Engine API has not been used in project 243323136379 before or it is disabled. Enable it by visiting https://console.developers.google.com/apis/api/compute.googleapis.com/overview?project=243323136379 then retry. If you enabled this API recently, wait a few minutes for the action to propagate to our systems and retry.","domain":"usageLimits","reason":"accessNotConfigured","extendedHelp":"https://console.developers.google.com"}],"status":"PERMISSION_DENIED","details":[{"@type":"type.googleapis.com/google.rpc.ErrorInfo","reason":"SERVICE_DISABLED","domain":"googleapis.com","metadata":{"activationUrl":"https://console.developers.google.com/apis/api/compute.googleapis.com/overview?project=243323136379","service":"compute.googleapis.com","serviceTitle":"Compute Engine API","containerInfo":"243323136379","consumer":"projects/243323136379"}},{"@type":"type.googleapis.com/google.rpc.LocalizedMessage","locale":"en-US","message":"Compute Engine API has not been used in project 243323136379 before or it is disabled. Enable it by visiting https://console.developers.google.com/apis/api/compute.googleapis.com/overview?project=243323136379 then retry. If you enabled this API recently, wait a few minutes for the action to propagate to our systems and retry."},{"@type":"type.googleapis.com/google.rpc.Help","links":[{"description":"Google developers console API activation","url":"https://console.developers.google.com/apis/api/compute.googleapis.com/overview?project=243323136379"}]}]}}
[debug] [2025-05-17T21:13:40.353Z] unable to look up default compute service account. Falling back to 243323136379-compute@developer.gserviceaccount.com. Error: {"name":"FirebaseError","children":[],"context":{"body":{"error":{"code":403,"message":"Compute Engine API has not been used in project 243323136379 before or it is disabled. Enable it by visiting https://console.developers.google.com/apis/api/compute.googleapis.com/overview?project=243323136379 then retry. If you enabled this API recently, wait a few minutes for the action to propagate to our systems and retry.","errors":[{"message":"Compute Engine API has not been used in project 243323136379 before or it is disabled. Enable it by visiting https://console.developers.google.com/apis/api/compute.googleapis.com/overview?project=243323136379 then retry. If you enabled this API recently, wait a few minutes for the action to propagate to our systems and retry.","domain":"usageLimits","reason":"accessNotConfigured","extendedHelp":"https://console.developers.google.com"}],"status":"PERMISSION_DENIED","details":[{"@type":"type.googleapis.com/google.rpc.ErrorInfo","reason":"SERVICE_DISABLED","domain":"googleapis.com","metadata":{"activationUrl":"https://console.developers.google.com/apis/api/compute.googleapis.com/overview?project=243323136379","service":"compute.googleapis.com","serviceTitle":"Compute Engine API","containerInfo":"243323136379","consumer":"projects/243323136379"}},{"@type":"type.googleapis.com/google.rpc.LocalizedMessage","locale":"en-US","message":"Compute Engine API has not been used in project 243323136379 before or it is disabled. Enable it by visiting https://console.developers.google.com/apis/api/compute.googleapis.com/overview?project=243323136379 then retry. If you enabled this API recently, wait a few minutes for the action to propagate to our systems and retry."},{"@type":"type.googleapis.com/google.rpc.Help","links":[{"description":"Google developers console API activation","url":"https://console.developers.google.com/apis/api/compute.googleapis.com/overview?project=243323136379"}]}]}},"response":{"statusCode":403}},"exit":1,"message":"Request to https://compute.googleapis.com/compute/v1/projects/243323136379 had HTTP Error: 403, Compute Engine API has not been used in project 243323136379 before or it is disabled. Enable it by visiting https://console.developers.google.com/apis/api/compute.googleapis.com/overview?project=243323136379 then retry. If you enabled this API recently, wait a few minutes for the action to propagate to our systems and retry.","status":403}
[debug] [2025-05-17T21:13:40.355Z] Checked if tokens are valid: true, expires at: 1747518830326
[debug] [2025-05-17T21:13:40.355Z] Checked if tokens are valid: true, expires at: 1747518830326
[debug] [2025-05-17T21:13:40.356Z] >>> [apiv2][query] GET https://cloudbilling.googleapis.com/v1/projects/tranzitti-90210/billingInfo [none]
[debug] [2025-05-17T21:13:40.758Z] <<< [apiv2][status] GET https://cloudbilling.googleapis.com/v1/projects/tranzitti-90210/billingInfo 200
[debug] [2025-05-17T21:13:40.759Z] <<< [apiv2][body] GET https://cloudbilling.googleapis.com/v1/projects/tranzitti-90210/billingInfo {"name":"projects/tranzitti-90210/billingInfo","projectId":"tranzitti-90210","billingAccountName":"billingAccounts/0114C6-7CDE84-227FD4","billingEnabled":true}
[info] i  functions: updating Node.js 22 (2nd Gen) function helloWorld(us-central1)... 
[debug] [2025-05-17T21:13:40.765Z] Precondition failed. Cannot update a GCFv2 function without storage
[info] i  functions: updating Node.js 22 (2nd Gen) function auth-functions:setUserRole(us-central1)... 
[debug] [2025-05-17T21:13:40.766Z] Precondition failed. Cannot update a GCFv2 function without storage
[info] i  functions: updating Node.js 22 (2nd Gen) function auth-functions:getUserRole(us-central1)... 
[debug] [2025-05-17T21:13:40.766Z] Precondition failed. Cannot update a GCFv2 function without storage
[debug] [2025-05-17T21:13:40.776Z] Total Function Deployment time: 3
[debug] [2025-05-17T21:13:40.776Z] 3 Functions Deployed
[debug] [2025-05-17T21:13:40.776Z] 3 Functions Errored
[debug] [2025-05-17T21:13:40.776Z] 0 Function Deployments Aborted
[debug] [2025-05-17T21:13:40.776Z] Average Function Deployment time: 1
[info] 
[info] Functions deploy had errors with the following functions:
	auth-functions:getUserRole(us-central1)
	helloWorld(us-central1)
	auth-functions:setUserRole(us-central1)
[debug] [2025-05-17T21:13:41.029Z] Not printing URL for HTTPS function. Typically this means it didn't match a filter or we failed deployment
[debug] [2025-05-17T21:13:41.030Z] Checked if tokens are valid: true, expires at: 1747518830326
[debug] [2025-05-17T21:13:41.030Z] Checked if tokens are valid: true, expires at: 1747518830326
[debug] [2025-05-17T21:13:41.030Z] >>> [apiv2][query] GET https://artifactregistry.googleapis.com/v1/projects/tranzitti-90210/locations/us-central1/repositories/gcf-artifacts [none]
[debug] [2025-05-17T21:13:41.473Z] <<< [apiv2][status] GET https://artifactregistry.googleapis.com/v1/projects/tranzitti-90210/locations/us-central1/repositories/gcf-artifacts 200
[debug] [2025-05-17T21:13:41.474Z] <<< [apiv2][body] GET https://artifactregistry.googleapis.com/v1/projects/tranzitti-90210/locations/us-central1/repositories/gcf-artifacts {"name":"projects/tranzitti-90210/locations/us-central1/repositories/gcf-artifacts","format":"DOCKER","description":"This repository is created and used by Cloud Functions for storing function docker images.","labels":{"goog-managed-by":"cloudfunctions"},"createTime":"2025-05-17T20:17:16.736892Z","updateTime":"2025-05-17T20:18:35.241558Z","mode":"STANDARD_REPOSITORY","cleanupPolicies":{"firebase-functions-cleanup":{"id":"firebase-functions-cleanup","action":"DELETE","condition":{"tagState":"ANY","olderThan":"86400s"}}},"vulnerabilityScanningConfig":{"lastEnableTime":"2025-05-17T20:17:08.042608601Z","enablementState":"SCANNING_DISABLED","enablementStateReason":"API containerscanning.googleapis.com is not enabled."},"satisfiesPzi":true,"registryUri":"us-central1-docker.pkg.dev/tranzitti-90210/gcf-artifacts"}
[debug] [2025-05-17T21:13:41.474Z] Functions deploy failed.
[debug] [2025-05-17T21:13:41.474Z] {}
[debug] [2025-05-17T21:13:41.474Z] {}
[debug] [2025-05-17T21:13:41.474Z] {}
[error] Error: There was an error deploying functions:
[error] - Error Precondition failed
[error] - Error Precondition failed
[error] - Error Precondition failed
[debug] [2025-05-17T21:42:32.774Z] ----------------------------------------------------------------------
[debug] [2025-05-17T21:42:32.776Z] Command:       C:\Program Files\nodejs\node.exe C:\Users\mrsha\AppData\Roaming\npm\node_modules\firebase-tools\lib\bin\firebase.js deploy
[debug] [2025-05-17T21:42:32.777Z] CLI Version:   14.4.0
[debug] [2025-05-17T21:42:32.777Z] Platform:      win32
[debug] [2025-05-17T21:42:32.777Z] Node Version:  v22.15.0
[debug] [2025-05-17T21:42:32.777Z] Time:          Sat May 17 2025 17:42:32 GMT-0400 (Eastern Daylight Time)
[debug] [2025-05-17T21:42:32.777Z] ----------------------------------------------------------------------
[debug] 
[debug] [2025-05-17T21:42:32.779Z] >>> [apiv2][query] GET https://firebase-public.firebaseio.com/cli.json [none]
[debug] [2025-05-17T21:42:32.961Z] > command requires scopes: ["email","openid","https://www.googleapis.com/auth/cloudplatformprojects.readonly","https://www.googleapis.com/auth/firebase","https://www.googleapis.com/auth/cloud-platform"]
[debug] [2025-05-17T21:42:32.961Z] > authorizing via signed-in user (srose@norwalkls.com)
[debug] [2025-05-17T21:42:32.961Z] [iam] checking project tranzitti-90210 for permissions ["cloudfunctions.functions.create","cloudfunctions.functions.delete","cloudfunctions.functions.get","cloudfunctions.functions.list","cloudfunctions.functions.update","cloudfunctions.operations.get","datastore.indexes.create","datastore.indexes.delete","datastore.indexes.list","datastore.indexes.update","firebase.projects.get","firebasehosting.sites.update","firebaserules.releases.create","firebaserules.releases.update","firebaserules.rulesets.create"]
[debug] [2025-05-17T21:42:32.962Z] Checked if tokens are valid: false, expires at: 1747518830326
[debug] [2025-05-17T21:42:32.962Z] Checked if tokens are valid: false, expires at: 1747518830326
[debug] [2025-05-17T21:42:32.962Z] > refreshing access token with scopes: []
[debug] [2025-05-17T21:42:32.963Z] >>> [apiv2][query] POST https://www.googleapis.com/oauth2/v3/token [none]
[debug] [2025-05-17T21:42:32.963Z] >>> [apiv2][body] POST https://www.googleapis.com/oauth2/v3/token [omitted]
[debug] [2025-05-17T21:42:33.230Z] <<< [apiv2][status] GET https://firebase-public.firebaseio.com/cli.json 200
[debug] [2025-05-17T21:42:33.230Z] <<< [apiv2][body] GET https://firebase-public.firebaseio.com/cli.json {"cloudBuildErrorAfter":1594252800000,"cloudBuildWarnAfter":1590019200000,"defaultNode10After":1594252800000,"minVersion":"3.0.5","node8DeploysDisabledAfter":1613390400000,"node8RuntimeDisabledAfter":1615809600000,"node8WarnAfter":1600128000000}
[debug] [2025-05-17T21:42:33.274Z] <<< [apiv2][status] POST https://www.googleapis.com/oauth2/v3/token 200
[debug] [2025-05-17T21:42:33.274Z] <<< [apiv2][body] POST https://www.googleapis.com/oauth2/v3/token [omitted]
[debug] [2025-05-17T21:42:33.278Z] >>> [apiv2][query] POST https://cloudresourcemanager.googleapis.com/v1/projects/tranzitti-90210:testIamPermissions [none]
[debug] [2025-05-17T21:42:33.278Z] >>> [apiv2][(partial)header] POST https://cloudresourcemanager.googleapis.com/v1/projects/tranzitti-90210:testIamPermissions x-goog-quota-user=projects/tranzitti-90210
[debug] [2025-05-17T21:42:33.278Z] >>> [apiv2][body] POST https://cloudresourcemanager.googleapis.com/v1/projects/tranzitti-90210:testIamPermissions {"permissions":["cloudfunctions.functions.create","cloudfunctions.functions.delete","cloudfunctions.functions.get","cloudfunctions.functions.list","cloudfunctions.functions.update","cloudfunctions.operations.get","datastore.indexes.create","datastore.indexes.delete","datastore.indexes.list","datastore.indexes.update","firebase.projects.get","firebasehosting.sites.update","firebaserules.releases.create","firebaserules.releases.update","firebaserules.rulesets.create"]}
[debug] [2025-05-17T21:42:33.553Z] <<< [apiv2][status] POST https://cloudresourcemanager.googleapis.com/v1/projects/tranzitti-90210:testIamPermissions 200
[debug] [2025-05-17T21:42:33.553Z] <<< [apiv2][body] POST https://cloudresourcemanager.googleapis.com/v1/projects/tranzitti-90210:testIamPermissions {"permissions":["cloudfunctions.functions.create","cloudfunctions.functions.delete","cloudfunctions.functions.get","cloudfunctions.functions.list","cloudfunctions.functions.update","cloudfunctions.operations.get","datastore.indexes.create","datastore.indexes.delete","datastore.indexes.list","datastore.indexes.update","firebase.projects.get","firebasehosting.sites.update","firebaserules.releases.create","firebaserules.releases.update","firebaserules.rulesets.create"]}
[debug] [2025-05-17T21:42:33.554Z] Checked if tokens are valid: true, expires at: 1747521752274
[debug] [2025-05-17T21:42:33.554Z] Checked if tokens are valid: true, expires at: 1747521752274
[debug] [2025-05-17T21:42:33.554Z] >>> [apiv2][query] POST https://iam.googleapis.com/v1/projects/tranzitti-90210/serviceAccounts/tranzitti-90210@appspot.gserviceaccount.com:testIamPermissions [none]
[debug] [2025-05-17T21:42:33.554Z] >>> [apiv2][body] POST https://iam.googleapis.com/v1/projects/tranzitti-90210/serviceAccounts/tranzitti-90210@appspot.gserviceaccount.com:testIamPermissions {"permissions":["iam.serviceAccounts.actAs"]}
[debug] [2025-05-17T21:42:33.939Z] <<< [apiv2][status] POST https://iam.googleapis.com/v1/projects/tranzitti-90210/serviceAccounts/tranzitti-90210@appspot.gserviceaccount.com:testIamPermissions 200
[debug] [2025-05-17T21:42:33.939Z] <<< [apiv2][body] POST https://iam.googleapis.com/v1/projects/tranzitti-90210/serviceAccounts/tranzitti-90210@appspot.gserviceaccount.com:testIamPermissions {"permissions":["iam.serviceAccounts.actAs"]}
[debug] [2025-05-17T21:42:33.940Z] Checked if tokens are valid: true, expires at: 1747521752274
[debug] [2025-05-17T21:42:33.940Z] Checked if tokens are valid: true, expires at: 1747521752274
[debug] [2025-05-17T21:42:33.940Z] >>> [apiv2][query] GET https://firebase.googleapis.com/v1beta1/projects/tranzitti-90210 [none]
[debug] [2025-05-17T21:42:34.408Z] <<< [apiv2][status] GET https://firebase.googleapis.com/v1beta1/projects/tranzitti-90210 200
[debug] [2025-05-17T21:42:34.408Z] <<< [apiv2][body] GET https://firebase.googleapis.com/v1beta1/projects/tranzitti-90210 {"projectId":"tranzitti-90210","projectNumber":"243323136379","displayName":"Tranzitti","name":"projects/tranzitti-90210","resources":{"hostingSite":"tranzitti-90210"},"state":"ACTIVE","etag":"1_666df5c9-0c71-429a-8692-0402960a1c7a"}
[info] 
[info] === Deploying to 'tranzitti-90210'...
[info] 
[info] i  deploying storage, firestore, functions, hosting 
[info] Running command: npm --prefix "$RESOURCE_DIR" run lint
[info] Running command: npm --prefix "$RESOURCE_DIR" run build
[info] +  functions: Finished running predeploy script. 
[info] Running command: npm --prefix "$RESOURCE_DIR" run lint
[info] Running command: npm --prefix "$RESOURCE_DIR" run build
[info] +  functions: Finished running predeploy script. 
[info] i  storage: ensuring required API firebasestorage.googleapis.com is enabled... 
[debug] [2025-05-17T21:42:45.864Z] Checked if tokens are valid: true, expires at: 1747521752274
[debug] [2025-05-17T21:42:45.864Z] Checked if tokens are valid: true, expires at: 1747521752274
[debug] [2025-05-17T21:42:45.864Z] >>> [apiv2][query] GET https://serviceusage.googleapis.com/v1/projects/tranzitti-90210/services/firebasestorage.googleapis.com [none]
[debug] [2025-05-17T21:42:45.864Z] >>> [apiv2][(partial)header] GET https://serviceusage.googleapis.com/v1/projects/tranzitti-90210/services/firebasestorage.googleapis.com x-goog-quota-user=projects/tranzitti-90210
[debug] [2025-05-17T21:42:46.437Z] <<< [apiv2][status] GET https://serviceusage.googleapis.com/v1/projects/tranzitti-90210/services/firebasestorage.googleapis.com 200
[debug] [2025-05-17T21:42:46.437Z] <<< [apiv2][body] GET https://serviceusage.googleapis.com/v1/projects/tranzitti-90210/services/firebasestorage.googleapis.com [omitted]
[info] +  storage: required API firebasestorage.googleapis.com is enabled 
[debug] [2025-05-17T21:42:46.438Z] Checked if tokens are valid: true, expires at: 1747521752274
[debug] [2025-05-17T21:42:46.438Z] Checked if tokens are valid: true, expires at: 1747521752274
[debug] [2025-05-17T21:42:46.438Z] >>> [apiv2][query] GET https://firebasestorage.googleapis.com/v1alpha/projects/tranzitti-90210/defaultBucket [none]
[debug] [2025-05-17T21:42:47.039Z] <<< [apiv2][status] GET https://firebasestorage.googleapis.com/v1alpha/projects/tranzitti-90210/defaultBucket 200
[debug] [2025-05-17T21:42:47.039Z] <<< [apiv2][body] GET https://firebasestorage.googleapis.com/v1alpha/projects/tranzitti-90210/defaultBucket {"name":"projects/tranzitti-90210/defaultBucket","location":"US-CENTRAL1","bucket":{"name":"projects/tranzitti-90210/buckets/tranzitti-90210.firebasestorage.app"},"storageClass":"REGIONAL"}
[info] i  firebase.storage: checking storage.rules for compilation errors... 
[debug] [2025-05-17T21:42:47.040Z] Checked if tokens are valid: true, expires at: 1747521752274
[debug] [2025-05-17T21:42:47.040Z] Checked if tokens are valid: true, expires at: 1747521752274
[debug] [2025-05-17T21:42:47.040Z] >>> [apiv2][query] POST https://firebaserules.googleapis.com/v1/projects/tranzitti-90210:test [none]
[debug] [2025-05-17T21:42:47.040Z] >>> [apiv2][body] POST https://firebaserules.googleapis.com/v1/projects/tranzitti-90210:test [omitted]
[debug] [2025-05-17T21:42:47.401Z] <<< [apiv2][status] POST https://firebaserules.googleapis.com/v1/projects/tranzitti-90210:test 200
[debug] [2025-05-17T21:42:47.401Z] <<< [apiv2][body] POST https://firebaserules.googleapis.com/v1/projects/tranzitti-90210:test {}
[info] +  firebase.storage: rules file storage.rules compiled successfully 
[info] i  firestore: reading indexes from firestore.indexes.json... 
[info] i  cloud.firestore: checking firestore.rules for compilation errors... 
[debug] [2025-05-17T21:42:47.406Z] Checked if tokens are valid: true, expires at: 1747521752274
[debug] [2025-05-17T21:42:47.406Z] Checked if tokens are valid: true, expires at: 1747521752274
[debug] [2025-05-17T21:42:47.406Z] >>> [apiv2][query] POST https://firebaserules.googleapis.com/v1/projects/tranzitti-90210:test [none]
[debug] [2025-05-17T21:42:47.406Z] >>> [apiv2][body] POST https://firebaserules.googleapis.com/v1/projects/tranzitti-90210:test [omitted]
[debug] [2025-05-17T21:42:47.585Z] <<< [apiv2][status] POST https://firebaserules.googleapis.com/v1/projects/tranzitti-90210:test 200
[debug] [2025-05-17T21:42:47.586Z] <<< [apiv2][body] POST https://firebaserules.googleapis.com/v1/projects/tranzitti-90210:test {}
[info] +  cloud.firestore: rules file firestore.rules compiled successfully 
[debug] [2025-05-17T21:42:47.588Z] Checked if tokens are valid: true, expires at: 1747521752274
[debug] [2025-05-17T21:42:47.588Z] Checked if tokens are valid: true, expires at: 1747521752274
[debug] [2025-05-17T21:42:47.589Z] >>> [apiv2][query] GET https://serviceusage.googleapis.com/v1/projects/tranzitti-90210/services/cloudresourcemanager.googleapis.com [none]
[debug] [2025-05-17T21:42:47.589Z] >>> [apiv2][(partial)header] GET https://serviceusage.googleapis.com/v1/projects/tranzitti-90210/services/cloudresourcemanager.googleapis.com x-goog-quota-user=projects/tranzitti-90210
[debug] [2025-05-17T21:42:47.960Z] <<< [apiv2][status] GET https://serviceusage.googleapis.com/v1/projects/tranzitti-90210/services/cloudresourcemanager.googleapis.com 200
[debug] [2025-05-17T21:42:47.960Z] <<< [apiv2][body] GET https://serviceusage.googleapis.com/v1/projects/tranzitti-90210/services/cloudresourcemanager.googleapis.com [omitted]
[debug] [2025-05-17T21:42:47.960Z] Checked if tokens are valid: true, expires at: 1747521752274
[debug] [2025-05-17T21:42:47.960Z] Checked if tokens are valid: true, expires at: 1747521752274
[debug] [2025-05-17T21:42:47.960Z] >>> [apiv2][query] GET https://cloudresourcemanager.googleapis.com/v1/projects/tranzitti-90210 [none]
[debug] [2025-05-17T21:42:48.264Z] <<< [apiv2][status] GET https://cloudresourcemanager.googleapis.com/v1/projects/tranzitti-90210 200
[debug] [2025-05-17T21:42:48.264Z] <<< [apiv2][body] GET https://cloudresourcemanager.googleapis.com/v1/projects/tranzitti-90210 {"projectNumber":"243323136379","projectId":"tranzitti-90210","lifecycleState":"ACTIVE","name":"Tranzitti","labels":{"firebase":"enabled","firebase-core":"disabled"},"createTime":"2025-05-17T01:54:36.787915Z","parent":{"type":"organization","id":"439686569459"}}
[info] i  functions: preparing codebase default for deployment 
[info] i  functions: preparing codebase auth-functions for deployment 
[info] i  functions: ensuring required API cloudfunctions.googleapis.com is enabled... 
[debug] [2025-05-17T21:42:48.266Z] Checked if tokens are valid: true, expires at: 1747521752274
[debug] [2025-05-17T21:42:48.267Z] Checked if tokens are valid: true, expires at: 1747521752274
[debug] [2025-05-17T21:42:48.267Z] Checked if tokens are valid: true, expires at: 1747521752274
[debug] [2025-05-17T21:42:48.267Z] Checked if tokens are valid: true, expires at: 1747521752274
[info] i  functions: ensuring required API cloudbuild.googleapis.com is enabled... 
[debug] [2025-05-17T21:42:48.268Z] Checked if tokens are valid: true, expires at: 1747521752274
[debug] [2025-05-17T21:42:48.268Z] Checked if tokens are valid: true, expires at: 1747521752274
[info] i  artifactregistry: ensuring required API artifactregistry.googleapis.com is enabled... 
[debug] [2025-05-17T21:42:48.268Z] Checked if tokens are valid: true, expires at: 1747521752274
[debug] [2025-05-17T21:42:48.268Z] Checked if tokens are valid: true, expires at: 1747521752274
[debug] [2025-05-17T21:42:48.269Z] >>> [apiv2][query] GET https://serviceusage.googleapis.com/v1/projects/tranzitti-90210/services/cloudfunctions.googleapis.com [none]
[debug] [2025-05-17T21:42:48.269Z] >>> [apiv2][(partial)header] GET https://serviceusage.googleapis.com/v1/projects/tranzitti-90210/services/cloudfunctions.googleapis.com x-goog-quota-user=projects/tranzitti-90210
[debug] [2025-05-17T21:42:48.269Z] >>> [apiv2][query] GET https://serviceusage.googleapis.com/v1/projects/tranzitti-90210/services/runtimeconfig.googleapis.com [none]
[debug] [2025-05-17T21:42:48.269Z] >>> [apiv2][(partial)header] GET https://serviceusage.googleapis.com/v1/projects/tranzitti-90210/services/runtimeconfig.googleapis.com x-goog-quota-user=projects/tranzitti-90210
[debug] [2025-05-17T21:42:48.271Z] >>> [apiv2][query] GET https://serviceusage.googleapis.com/v1/projects/tranzitti-90210/services/cloudbuild.googleapis.com [none]
[debug] [2025-05-17T21:42:48.272Z] >>> [apiv2][(partial)header] GET https://serviceusage.googleapis.com/v1/projects/tranzitti-90210/services/cloudbuild.googleapis.com x-goog-quota-user=projects/tranzitti-90210
[debug] [2025-05-17T21:42:48.273Z] >>> [apiv2][query] GET https://serviceusage.googleapis.com/v1/projects/tranzitti-90210/services/artifactregistry.googleapis.com [none]
[debug] [2025-05-17T21:42:48.273Z] >>> [apiv2][(partial)header] GET https://serviceusage.googleapis.com/v1/projects/tranzitti-90210/services/artifactregistry.googleapis.com x-goog-quota-user=projects/tranzitti-90210
[debug] [2025-05-17T21:42:48.635Z] <<< [apiv2][status] GET https://serviceusage.googleapis.com/v1/projects/tranzitti-90210/services/cloudfunctions.googleapis.com 200
[debug] [2025-05-17T21:42:48.635Z] <<< [apiv2][body] GET https://serviceusage.googleapis.com/v1/projects/tranzitti-90210/services/cloudfunctions.googleapis.com [omitted]
[info] +  functions: required API cloudfunctions.googleapis.com is enabled 
[debug] [2025-05-17T21:42:48.715Z] <<< [apiv2][status] GET https://serviceusage.googleapis.com/v1/projects/tranzitti-90210/services/runtimeconfig.googleapis.com 200
[debug] [2025-05-17T21:42:48.715Z] <<< [apiv2][body] GET https://serviceusage.googleapis.com/v1/projects/tranzitti-90210/services/runtimeconfig.googleapis.com [omitted]
[debug] [2025-05-17T21:42:48.720Z] <<< [apiv2][status] GET https://serviceusage.googleapis.com/v1/projects/tranzitti-90210/services/artifactregistry.googleapis.com 200
[debug] [2025-05-17T21:42:48.720Z] <<< [apiv2][body] GET https://serviceusage.googleapis.com/v1/projects/tranzitti-90210/services/artifactregistry.googleapis.com [omitted]
[info] +  artifactregistry: required API artifactregistry.googleapis.com is enabled 
[debug] [2025-05-17T21:42:48.774Z] <<< [apiv2][status] GET https://serviceusage.googleapis.com/v1/projects/tranzitti-90210/services/cloudbuild.googleapis.com 200
[debug] [2025-05-17T21:42:48.774Z] <<< [apiv2][body] GET https://serviceusage.googleapis.com/v1/projects/tranzitti-90210/services/cloudbuild.googleapis.com [omitted]
[info] +  functions: required API cloudbuild.googleapis.com is enabled 
[debug] [2025-05-17T21:42:48.775Z] Checked if tokens are valid: true, expires at: 1747521752274
[debug] [2025-05-17T21:42:48.775Z] Checked if tokens are valid: true, expires at: 1747521752274
[debug] [2025-05-17T21:42:48.775Z] >>> [apiv2][query] GET https://firebase.googleapis.com/v1beta1/projects/tranzitti-90210/adminSdkConfig [none]
[debug] [2025-05-17T21:42:49.221Z] <<< [apiv2][status] GET https://firebase.googleapis.com/v1beta1/projects/tranzitti-90210/adminSdkConfig 200
[debug] [2025-05-17T21:42:49.221Z] <<< [apiv2][body] GET https://firebase.googleapis.com/v1beta1/projects/tranzitti-90210/adminSdkConfig {"projectId":"tranzitti-90210","storageBucket":"tranzitti-90210.firebasestorage.app"}
[debug] [2025-05-17T21:42:49.222Z] Checked if tokens are valid: true, expires at: 1747521752274
[debug] [2025-05-17T21:42:49.222Z] Checked if tokens are valid: true, expires at: 1747521752274
[debug] [2025-05-17T21:42:49.222Z] >>> [apiv2][query] GET https://runtimeconfig.googleapis.com/v1beta1/projects/tranzitti-90210/configs [none]
[debug] [2025-05-17T21:42:49.572Z] <<< [apiv2][status] GET https://runtimeconfig.googleapis.com/v1beta1/projects/tranzitti-90210/configs 200
[debug] [2025-05-17T21:42:49.572Z] <<< [apiv2][body] GET https://runtimeconfig.googleapis.com/v1beta1/projects/tranzitti-90210/configs {}
[debug] [2025-05-17T21:42:49.575Z] Validating nodejs source
[debug] [2025-05-17T21:42:50.412Z] > [functions] package.json contents: {
  "name": "functions",
  "scripts": {
    "lint": "eslint --ext .js,.ts .",
    "build": "tsc",
    "build:watch": "tsc --watch",
    "serve": "npm run build && firebase emulators:start --only functions",
    "shell": "npm run build && firebase functions:shell",
    "start": "npm run shell",
    "deploy": "firebase deploy --only functions",
    "logs": "firebase functions:log"
  },
  "engines": {
    "node": "22"
  },
  "main": "lib/index.js",
  "dependencies": {
    "firebase-admin": "^12.6.0",
    "firebase-functions": "^6.0.1"
  },
  "devDependencies": {
    "@typescript-eslint/eslint-plugin": "^5.12.0",
    "@typescript-eslint/parser": "^5.12.0",
    "eslint": "^8.9.0",
    "eslint-config-google": "^0.14.0",
    "eslint-plugin-import": "^2.25.4",
    "firebase-functions-test": "^3.1.0",
    "typescript": "^4.9.0"
  },
  "private": true
}
[debug] [2025-05-17T21:42:50.412Z] Building nodejs source
[info] i  functions: Loading and analyzing source code for codebase default to determine what to deploy 
[debug] [2025-05-17T21:42:50.414Z] Could not find functions.yaml. Must use http discovery
[debug] [2025-05-17T21:42:50.426Z] Found firebase-functions binary at 'C:\Users\mrsha\Desktop\Tranzit.ioNew\functions\node_modules\.bin\firebase-functions'
[info] Serving at port 8169

[debug] [2025-05-17T21:42:51.034Z] Got response from /__/functions.yaml {"endpoints":{"helloWorld":{"availableMemoryMb":null,"timeoutSeconds":null,"minInstances":null,"maxInstances":null,"ingressSettings":null,"concurrency":null,"serviceAccountEmail":null,"vpc":null,"platform":"gcfv2","labels":{},"httpsTrigger":{},"entryPoint":"helloWorld"}},"specVersion":"v1alpha1","requiredAPIs":[],"extensions":{}}
[debug] [2025-05-17T21:42:55.075Z] Validating nodejs source
[debug] [2025-05-17T21:42:55.875Z] > [functions] package.json contents: {
  "name": "functions",
  "scripts": {
    "lint": "eslint --ext .js,.ts .",
    "build": "tsc",
    "build:watch": "tsc --watch",
    "serve": "npm run build && firebase emulators:start --only functions",
    "shell": "npm run build && firebase functions:shell",
    "start": "npm run shell",
    "deploy": "firebase deploy --only functions",
    "logs": "firebase functions:log"
  },
  "engines": {
    "node": "22"
  },
  "main": "lib/index.js",
  "dependencies": {
    "firebase-admin": "^12.7.0",
    "firebase-functions": "^6.3.2"
  },
  "devDependencies": {
    "@typescript-eslint/eslint-plugin": "^5.12.0",
    "@typescript-eslint/parser": "^5.12.0",
    "eslint": "^8.9.0",
    "eslint-config-google": "^0.14.0",
    "eslint-plugin-import": "^2.25.4",
    "firebase-functions-test": "^3.1.0",
    "typescript": "^4.9.0"
  },
  "private": true
}
[debug] [2025-05-17T21:42:55.876Z] Building nodejs source
[info] i  functions: Loading and analyzing source code for codebase auth-functions to determine what to deploy 
[debug] [2025-05-17T21:42:55.877Z] Could not find functions.yaml. Must use http discovery
[debug] [2025-05-17T21:42:55.881Z] Found firebase-functions binary at 'C:\Users\mrsha\Desktop\Tranzit.ioNew\auth-functions\node_modules\.bin\firebase-functions'
[info] Serving at port 8789

[debug] [2025-05-17T21:42:56.247Z] Got response from /__/functions.yaml {"endpoints":{"setUserRole":{"availableMemoryMb":null,"timeoutSeconds":null,"minInstances":null,"maxInstances":null,"ingressSettings":null,"concurrency":null,"serviceAccountEmail":null,"vpc":null,"platform":"gcfv2","labels":{},"callableTrigger":{},"entryPoint":"setUserRole"},"getUserRole":{"availableMemoryMb":null,"timeoutSeconds":null,"minInstances":null,"maxInstances":null,"ingressSettings":null,"concurrency":null,"serviceAccountEmail":null,"vpc":null,"platform":"gcfv2","labels":{},"callableTrigger":{},"entryPoint":"getUserRole"}},"specVersion":"v1alpha1","requiredAPIs":[],"extensions":{}}
[info] i  extensions: ensuring required API firebaseextensions.googleapis.com is enabled... 
[debug] [2025-05-17T21:43:00.275Z] Checked if tokens are valid: true, expires at: 1747521752274
[debug] [2025-05-17T21:43:00.275Z] Checked if tokens are valid: true, expires at: 1747521752274
[debug] [2025-05-17T21:43:00.275Z] >>> [apiv2][query] GET https://serviceusage.googleapis.com/v1/projects/tranzitti-90210/services/firebaseextensions.googleapis.com [none]
[debug] [2025-05-17T21:43:00.275Z] >>> [apiv2][(partial)header] GET https://serviceusage.googleapis.com/v1/projects/tranzitti-90210/services/firebaseextensions.googleapis.com x-goog-quota-user=projects/tranzitti-90210
[debug] [2025-05-17T21:43:00.882Z] <<< [apiv2][status] GET https://serviceusage.googleapis.com/v1/projects/tranzitti-90210/services/firebaseextensions.googleapis.com 200
[debug] [2025-05-17T21:43:00.882Z] <<< [apiv2][body] GET https://serviceusage.googleapis.com/v1/projects/tranzitti-90210/services/firebaseextensions.googleapis.com [omitted]
[info] +  extensions: required API firebaseextensions.googleapis.com is enabled 
[debug] [2025-05-17T21:43:00.883Z] > command requires scopes: ["email","openid","https://www.googleapis.com/auth/cloudplatformprojects.readonly","https://www.googleapis.com/auth/firebase","https://www.googleapis.com/auth/cloud-platform"]
[debug] [2025-05-17T21:43:00.883Z] > authorizing via signed-in user (srose@norwalkls.com)
[debug] [2025-05-17T21:43:00.883Z] [iam] checking project tranzitti-90210 for permissions ["firebase.projects.get","firebaseextensions.instances.list"]
[debug] [2025-05-17T21:43:00.883Z] Checked if tokens are valid: true, expires at: 1747521752274
[debug] [2025-05-17T21:43:00.883Z] Checked if tokens are valid: true, expires at: 1747521752274
[debug] [2025-05-17T21:43:00.883Z] >>> [apiv2][query] POST https://cloudresourcemanager.googleapis.com/v1/projects/tranzitti-90210:testIamPermissions [none]
[debug] [2025-05-17T21:43:00.883Z] >>> [apiv2][(partial)header] POST https://cloudresourcemanager.googleapis.com/v1/projects/tranzitti-90210:testIamPermissions x-goog-quota-user=projects/tranzitti-90210
[debug] [2025-05-17T21:43:00.883Z] >>> [apiv2][body] POST https://cloudresourcemanager.googleapis.com/v1/projects/tranzitti-90210:testIamPermissions {"permissions":["firebase.projects.get","firebaseextensions.instances.list"]}
[debug] [2025-05-17T21:43:01.205Z] <<< [apiv2][status] POST https://cloudresourcemanager.googleapis.com/v1/projects/tranzitti-90210:testIamPermissions 200
[debug] [2025-05-17T21:43:01.206Z] <<< [apiv2][body] POST https://cloudresourcemanager.googleapis.com/v1/projects/tranzitti-90210:testIamPermissions {"permissions":["firebase.projects.get","firebaseextensions.instances.list"]}
[debug] [2025-05-17T21:43:01.206Z] Checked if tokens are valid: true, expires at: 1747521752274
[debug] [2025-05-17T21:43:01.207Z] Checked if tokens are valid: true, expires at: 1747521752274
[debug] [2025-05-17T21:43:01.207Z] >>> [apiv2][query] GET https://firebaseextensions.googleapis.com/v1beta/projects/tranzitti-90210/instances pageSize=100&pageToken=
[debug] [2025-05-17T21:43:01.690Z] <<< [apiv2][status] GET https://firebaseextensions.googleapis.com/v1beta/projects/tranzitti-90210/instances 200
[debug] [2025-05-17T21:43:01.690Z] <<< [apiv2][body] GET https://firebaseextensions.googleapis.com/v1beta/projects/tranzitti-90210/instances {}
[info] i  functions: preparing functions directory for uploading... 
[info] i  functions: packaged C:\Users\mrsha\Desktop\Tranzit.ioNew\functions (87.09 KB) for uploading 
[info] i  functions: preparing auth-functions directory for uploading... 
[info] i  functions: packaged C:\Users\mrsha\Desktop\Tranzit.ioNew\auth-functions (92.48 KB) for uploading 
[debug] [2025-05-17T21:43:01.765Z] Checked if tokens are valid: true, expires at: 1747521752274
[debug] [2025-05-17T21:43:01.766Z] Checked if tokens are valid: true, expires at: 1747521752274
[debug] [2025-05-17T21:43:01.766Z] >>> [apiv2][query] GET https://cloudfunctions.googleapis.com/v1/projects/tranzitti-90210/locations/-/functions [none]
[debug] [2025-05-17T21:43:02.766Z] <<< [apiv2][status] GET https://cloudfunctions.googleapis.com/v1/projects/tranzitti-90210/locations/-/functions 200
[debug] [2025-05-17T21:43:02.766Z] <<< [apiv2][body] GET https://cloudfunctions.googleapis.com/v1/projects/tranzitti-90210/locations/-/functions {}
[debug] [2025-05-17T21:43:02.767Z] Checked if tokens are valid: true, expires at: 1747521752274
[debug] [2025-05-17T21:43:02.767Z] Checked if tokens are valid: true, expires at: 1747521752274
[debug] [2025-05-17T21:43:02.767Z] >>> [apiv2][query] GET https://cloudfunctions.googleapis.com/v2/projects/tranzitti-90210/locations/-/functions filter=environment%3D%22GEN_2%22
[debug] [2025-05-17T21:43:03.360Z] <<< [apiv2][status] GET https://cloudfunctions.googleapis.com/v2/projects/tranzitti-90210/locations/-/functions 200
[debug] [2025-05-17T21:43:03.360Z] <<< [apiv2][body] GET https://cloudfunctions.googleapis.com/v2/projects/tranzitti-90210/locations/-/functions {"functions":[{"name":"projects/tranzitti-90210/locations/us-central1/functions/setUserRole","buildConfig":{"build":"projects/243323136379/locations/us-central1/builds/4cf1decc-885c-4e85-9087-fe41aa46811f","runtime":"nodejs22","entryPoint":"setUserRole","source":{"storageSource":{"bucket":"gcf-v2-sources-243323136379-us-central1","object":"setUserRole/function-source.zip","generation":"1747513027713761"}},"environmentVariables":{"GOOGLE_NODE_RUN_SCRIPTS":""},"dockerRepository":"projects/tranzitti-90210/locations/us-central1/repositories/gcf-artifacts","sourceProvenance":{"resolvedStorageSource":{"bucket":"gcf-v2-sources-243323136379-us-central1","object":"setUserRole/function-source.zip","generation":"1747513027713761"}},"dockerRegistry":"ARTIFACT_REGISTRY","serviceAccount":"projects/tranzitti-90210/serviceAccounts/243323136379-compute@developer.gserviceaccount.com","automaticUpdatePolicy":{}},"state":"FAILED","updateTime":"2025-05-17T20:17:28.567629582Z","labels":{"deployment-tool":"cli-firebase","deployment-callable":"true","firebase-functions-codebase":"auth-functions","firebase-functions-hash":"36194583dc557d328f00fd9a3ccda0184a8005eb"},"stateMessages":[{"severity":"ERROR","type":"CloudRunServiceNotFound","message":"Cloud Run service projects/tranzitti-90210/locations/us-central1/services/setuserrole for the function was not found. The function will not work correctly. Please redeploy."}],"environment":"GEN_2","url":"https://us-central1-tranzitti-90210.cloudfunctions.net/setUserRole","createTime":"2025-05-17T20:17:07.939636552Z","satisfiesPzi":true},{"name":"projects/tranzitti-90210/locations/us-central1/functions/getUserRole","buildConfig":{"build":"projects/243323136379/locations/us-central1/builds/6ec1635f-1cf6-4a8e-afbb-f40b90b22333","runtime":"nodejs22","entryPoint":"getUserRole","source":{"storageSource":{"bucket":"gcf-v2-sources-243323136379-us-central1","object":"getUserRole/function-source.zip","generation":"1747513055989719"}},"environmentVariables":{"GOOGLE_NODE_RUN_SCRIPTS":""},"dockerRepository":"projects/tranzitti-90210/locations/us-central1/repositories/gcf-artifacts","sourceProvenance":{"resolvedStorageSource":{"bucket":"gcf-v2-sources-243323136379-us-central1","object":"getUserRole/function-source.zip","generation":"1747513055989719"}},"dockerRegistry":"ARTIFACT_REGISTRY","serviceAccount":"projects/tranzitti-90210/serviceAccounts/243323136379-compute@developer.gserviceaccount.com","automaticUpdatePolicy":{}},"state":"FAILED","updateTime":"2025-05-17T20:17:54.427746349Z","labels":{"firebase-functions-hash":"36194583dc557d328f00fd9a3ccda0184a8005eb","deployment-tool":"cli-firebase","deployment-callable":"true","firebase-functions-codebase":"auth-functions"},"stateMessages":[{"severity":"ERROR","type":"CloudRunServiceNotFound","message":"Cloud Run service projects/tranzitti-90210/locations/us-central1/services/getuserrole for the function was not found. The function will not work correctly. Please redeploy."}],"environment":"GEN_2","url":"https://us-central1-tranzitti-90210.cloudfunctions.net/getUserRole","createTime":"2025-05-17T20:17:36.226669149Z","satisfiesPzi":true},{"name":"projects/tranzitti-90210/locations/us-central1/functions/helloWorld","buildConfig":{"build":"projects/243323136379/locations/us-central1/builds/9f2f36bb-ab84-4faf-a600-30943150ff8c","runtime":"nodejs22","entryPoint":"helloWorld","source":{"storageSource":{"bucket":"gcf-v2-sources-243323136379-us-central1","object":"helloWorld/function-source.zip","generation":"1747516046600200"}},"environmentVariables":{"GOOGLE_NODE_RUN_SCRIPTS":""},"dockerRepository":"projects/tranzitti-90210/locations/us-central1/repositories/gcf-artifacts","sourceProvenance":{"resolvedStorageSource":{"bucket":"gcf-v2-sources-243323136379-us-central1","object":"helloWorld/function-source.zip","generation":"1747516046600200"}},"dockerRegistry":"ARTIFACT_REGISTRY","serviceAccount":"projects/tranzitti-90210/serviceAccounts/243323136379-compute@developer.gserviceaccount.com","automaticUpdatePolicy":{}},"state":"FAILED","updateTime":"2025-05-17T21:07:45.750926154Z","labels":{"firebase-functions-hash":"be40d79d59befd9edc6366fadcad9551ef5668d5","deployment-tool":"cli-firebase"},"stateMessages":[{"severity":"ERROR","type":"CloudRunServiceNotFound","message":"Cloud Run service projects/tranzitti-90210/locations/us-central1/services/helloworld for the function was not found. The function will not work correctly. Please redeploy."}],"environment":"GEN_2","url":"https://us-central1-tranzitti-90210.cloudfunctions.net/helloWorld","createTime":"2025-05-17T21:07:26.831735916Z","satisfiesPzi":true}]}
[info] i  functions: ensuring required API run.googleapis.com is enabled... 
[debug] [2025-05-17T21:43:03.365Z] Checked if tokens are valid: true, expires at: 1747521752274
[debug] [2025-05-17T21:43:03.365Z] Checked if tokens are valid: true, expires at: 1747521752274
[info] i  functions: ensuring required API eventarc.googleapis.com is enabled... 
[debug] [2025-05-17T21:43:03.366Z] Checked if tokens are valid: true, expires at: 1747521752274
[debug] [2025-05-17T21:43:03.366Z] Checked if tokens are valid: true, expires at: 1747521752274
[info] i  functions: ensuring required API pubsub.googleapis.com is enabled... 
[debug] [2025-05-17T21:43:03.366Z] Checked if tokens are valid: true, expires at: 1747521752274
[debug] [2025-05-17T21:43:03.367Z] Checked if tokens are valid: true, expires at: 1747521752274
[info] i  functions: ensuring required API storage.googleapis.com is enabled... 
[debug] [2025-05-17T21:43:03.367Z] Checked if tokens are valid: true, expires at: 1747521752274
[debug] [2025-05-17T21:43:03.368Z] Checked if tokens are valid: true, expires at: 1747521752274
[debug] [2025-05-17T21:43:03.368Z] >>> [apiv2][query] GET https://serviceusage.googleapis.com/v1/projects/243323136379/services/run.googleapis.com [none]
[debug] [2025-05-17T21:43:03.368Z] >>> [apiv2][(partial)header] GET https://serviceusage.googleapis.com/v1/projects/243323136379/services/run.googleapis.com x-goog-quota-user=projects/243323136379
[debug] [2025-05-17T21:43:03.368Z] >>> [apiv2][query] GET https://serviceusage.googleapis.com/v1/projects/243323136379/services/eventarc.googleapis.com [none]
[debug] [2025-05-17T21:43:03.368Z] >>> [apiv2][(partial)header] GET https://serviceusage.googleapis.com/v1/projects/243323136379/services/eventarc.googleapis.com x-goog-quota-user=projects/243323136379
[debug] [2025-05-17T21:43:03.371Z] >>> [apiv2][query] GET https://serviceusage.googleapis.com/v1/projects/243323136379/services/pubsub.googleapis.com [none]
[debug] [2025-05-17T21:43:03.371Z] >>> [apiv2][(partial)header] GET https://serviceusage.googleapis.com/v1/projects/243323136379/services/pubsub.googleapis.com x-goog-quota-user=projects/243323136379
[debug] [2025-05-17T21:43:03.373Z] >>> [apiv2][query] GET https://serviceusage.googleapis.com/v1/projects/243323136379/services/storage.googleapis.com [none]
[debug] [2025-05-17T21:43:03.373Z] >>> [apiv2][(partial)header] GET https://serviceusage.googleapis.com/v1/projects/243323136379/services/storage.googleapis.com x-goog-quota-user=projects/243323136379
[debug] [2025-05-17T21:43:03.757Z] <<< [apiv2][status] GET https://serviceusage.googleapis.com/v1/projects/243323136379/services/run.googleapis.com 200
[debug] [2025-05-17T21:43:03.758Z] <<< [apiv2][body] GET https://serviceusage.googleapis.com/v1/projects/243323136379/services/run.googleapis.com [omitted]
[info] +  functions: required API run.googleapis.com is enabled 
[debug] [2025-05-17T21:43:03.973Z] <<< [apiv2][status] GET https://serviceusage.googleapis.com/v1/projects/243323136379/services/pubsub.googleapis.com 200
[debug] [2025-05-17T21:43:03.973Z] <<< [apiv2][body] GET https://serviceusage.googleapis.com/v1/projects/243323136379/services/pubsub.googleapis.com [omitted]
[info] +  functions: required API pubsub.googleapis.com is enabled 
[debug] [2025-05-17T21:43:03.976Z] <<< [apiv2][status] GET https://serviceusage.googleapis.com/v1/projects/243323136379/services/storage.googleapis.com 200
[debug] [2025-05-17T21:43:03.976Z] <<< [apiv2][body] GET https://serviceusage.googleapis.com/v1/projects/243323136379/services/storage.googleapis.com [omitted]
[info] +  functions: required API storage.googleapis.com is enabled 
[debug] [2025-05-17T21:43:04.003Z] <<< [apiv2][status] GET https://serviceusage.googleapis.com/v1/projects/243323136379/services/eventarc.googleapis.com 200
[debug] [2025-05-17T21:43:04.003Z] <<< [apiv2][body] GET https://serviceusage.googleapis.com/v1/projects/243323136379/services/eventarc.googleapis.com [omitted]
[info] +  functions: required API eventarc.googleapis.com is enabled 
[info] i  functions: generating the service identity for pubsub.googleapis.com... 
[debug] [2025-05-17T21:43:04.005Z] Checked if tokens are valid: true, expires at: 1747521752274
[debug] [2025-05-17T21:43:04.005Z] Checked if tokens are valid: true, expires at: 1747521752274
[info] i  functions: generating the service identity for eventarc.googleapis.com... 
[debug] [2025-05-17T21:43:04.006Z] Checked if tokens are valid: true, expires at: 1747521752274
[debug] [2025-05-17T21:43:04.006Z] Checked if tokens are valid: true, expires at: 1747521752274
[debug] [2025-05-17T21:43:04.006Z] >>> [apiv2][query] POST https://serviceusage.googleapis.com/v1beta1/projects/243323136379/services/pubsub.googleapis.com:generateServiceIdentity [none]
[debug] [2025-05-17T21:43:04.006Z] >>> [apiv2][query] POST https://serviceusage.googleapis.com/v1beta1/projects/243323136379/services/eventarc.googleapis.com:generateServiceIdentity [none]
[debug] [2025-05-17T21:43:04.492Z] <<< [apiv2][status] POST https://serviceusage.googleapis.com/v1beta1/projects/243323136379/services/pubsub.googleapis.com:generateServiceIdentity 200
[debug] [2025-05-17T21:43:04.492Z] <<< [apiv2][body] POST https://serviceusage.googleapis.com/v1beta1/projects/243323136379/services/pubsub.googleapis.com:generateServiceIdentity {"name":"operations/finished.DONE_OPERATION","done":true,"response":{"@type":"type.googleapis.com/google.api.serviceusage.v1beta1.ServiceIdentity","email":"service-243323136379@gcp-sa-pubsub.iam.gserviceaccount.com","uniqueId":"114267368831450114871"}}
[debug] [2025-05-17T21:43:04.493Z] <<< [apiv2][status] POST https://serviceusage.googleapis.com/v1beta1/projects/243323136379/services/eventarc.googleapis.com:generateServiceIdentity 200
[debug] [2025-05-17T21:43:04.493Z] <<< [apiv2][body] POST https://serviceusage.googleapis.com/v1beta1/projects/243323136379/services/eventarc.googleapis.com:generateServiceIdentity {"name":"operations/finished.DONE_OPERATION","done":true,"response":{"@type":"type.googleapis.com/google.api.serviceusage.v1beta1.ServiceIdentity","email":"service-243323136379@gcp-sa-eventarc.iam.gserviceaccount.com","uniqueId":"114225264947352681424"}}
[debug] [2025-05-17T21:43:04.496Z] Checked if tokens are valid: true, expires at: 1747521752274
[debug] [2025-05-17T21:43:04.496Z] Checked if tokens are valid: true, expires at: 1747521752274
[debug] [2025-05-17T21:43:04.496Z] >>> [apiv2][query] GET https://serviceusage.googleapis.com/v1/projects/tranzitti-90210/services/cloudresourcemanager.googleapis.com [none]
[debug] [2025-05-17T21:43:04.496Z] >>> [apiv2][(partial)header] GET https://serviceusage.googleapis.com/v1/projects/tranzitti-90210/services/cloudresourcemanager.googleapis.com x-goog-quota-user=projects/tranzitti-90210
[debug] [2025-05-17T21:43:04.911Z] <<< [apiv2][status] GET https://serviceusage.googleapis.com/v1/projects/tranzitti-90210/services/cloudresourcemanager.googleapis.com 200
[debug] [2025-05-17T21:43:04.911Z] <<< [apiv2][body] GET https://serviceusage.googleapis.com/v1/projects/tranzitti-90210/services/cloudresourcemanager.googleapis.com [omitted]
[debug] [2025-05-17T21:43:04.911Z] Checked if tokens are valid: true, expires at: 1747521752274
[debug] [2025-05-17T21:43:04.911Z] Checked if tokens are valid: true, expires at: 1747521752274
[debug] [2025-05-17T21:43:04.911Z] >>> [apiv2][query] GET https://cloudresourcemanager.googleapis.com/v1/projects/tranzitti-90210 [none]
[debug] [2025-05-17T21:43:05.127Z] <<< [apiv2][status] GET https://cloudresourcemanager.googleapis.com/v1/projects/tranzitti-90210 200
[debug] [2025-05-17T21:43:05.127Z] <<< [apiv2][body] GET https://cloudresourcemanager.googleapis.com/v1/projects/tranzitti-90210 {"projectNumber":"243323136379","projectId":"tranzitti-90210","lifecycleState":"ACTIVE","name":"Tranzitti","labels":{"firebase":"enabled","firebase-core":"disabled"},"createTime":"2025-05-17T01:54:36.787915Z","parent":{"type":"organization","id":"439686569459"}}
[debug] [2025-05-17T21:43:05.127Z] Checked if tokens are valid: true, expires at: 1747521752274
[debug] [2025-05-17T21:43:05.127Z] Checked if tokens are valid: true, expires at: 1747521752274
[debug] [2025-05-17T21:43:05.127Z] >>> [apiv2][query] GET https://compute.googleapis.com/compute/v1/projects/243323136379 [none]
[debug] [2025-05-17T21:43:05.753Z] <<< [apiv2][status] GET https://compute.googleapis.com/compute/v1/projects/243323136379 403
[debug] [2025-05-17T21:43:05.753Z] <<< [apiv2][body] GET https://compute.googleapis.com/compute/v1/projects/243323136379 {"error":{"code":403,"message":"Compute Engine API has not been used in project 243323136379 before or it is disabled. Enable it by visiting https://console.developers.google.com/apis/api/compute.googleapis.com/overview?project=243323136379 then retry. If you enabled this API recently, wait a few minutes for the action to propagate to our systems and retry.","errors":[{"message":"Compute Engine API has not been used in project 243323136379 before or it is disabled. Enable it by visiting https://console.developers.google.com/apis/api/compute.googleapis.com/overview?project=243323136379 then retry. If you enabled this API recently, wait a few minutes for the action to propagate to our systems and retry.","domain":"usageLimits","reason":"accessNotConfigured","extendedHelp":"https://console.developers.google.com"}],"status":"PERMISSION_DENIED","details":[{"@type":"type.googleapis.com/google.rpc.ErrorInfo","reason":"SERVICE_DISABLED","domain":"googleapis.com","metadata":{"consumer":"projects/243323136379","service":"compute.googleapis.com","activationUrl":"https://console.developers.google.com/apis/api/compute.googleapis.com/overview?project=243323136379","serviceTitle":"Compute Engine API","containerInfo":"243323136379"}},{"@type":"type.googleapis.com/google.rpc.LocalizedMessage","locale":"en-US","message":"Compute Engine API has not been used in project 243323136379 before or it is disabled. Enable it by visiting https://console.developers.google.com/apis/api/compute.googleapis.com/overview?project=243323136379 then retry. If you enabled this API recently, wait a few minutes for the action to propagate to our systems and retry."},{"@type":"type.googleapis.com/google.rpc.Help","links":[{"description":"Google developers console API activation","url":"https://console.developers.google.com/apis/api/compute.googleapis.com/overview?project=243323136379"}]}]}}
[debug] [2025-05-17T21:43:05.754Z] unable to look up default compute service account. Falling back to 243323136379-compute@developer.gserviceaccount.com. Error: {"name":"FirebaseError","children":[],"context":{"body":{"error":{"code":403,"message":"Compute Engine API has not been used in project 243323136379 before or it is disabled. Enable it by visiting https://console.developers.google.com/apis/api/compute.googleapis.com/overview?project=243323136379 then retry. If you enabled this API recently, wait a few minutes for the action to propagate to our systems and retry.","errors":[{"message":"Compute Engine API has not been used in project 243323136379 before or it is disabled. Enable it by visiting https://console.developers.google.com/apis/api/compute.googleapis.com/overview?project=243323136379 then retry. If you enabled this API recently, wait a few minutes for the action to propagate to our systems and retry.","domain":"usageLimits","reason":"accessNotConfigured","extendedHelp":"https://console.developers.google.com"}],"status":"PERMISSION_DENIED","details":[{"@type":"type.googleapis.com/google.rpc.ErrorInfo","reason":"SERVICE_DISABLED","domain":"googleapis.com","metadata":{"consumer":"projects/243323136379","service":"compute.googleapis.com","activationUrl":"https://console.developers.google.com/apis/api/compute.googleapis.com/overview?project=243323136379","serviceTitle":"Compute Engine API","containerInfo":"243323136379"}},{"@type":"type.googleapis.com/google.rpc.LocalizedMessage","locale":"en-US","message":"Compute Engine API has not been used in project 243323136379 before or it is disabled. Enable it by visiting https://console.developers.google.com/apis/api/compute.googleapis.com/overview?project=243323136379 then retry. If you enabled this API recently, wait a few minutes for the action to propagate to our systems and retry."},{"@type":"type.googleapis.com/google.rpc.Help","links":[{"description":"Google developers console API activation","url":"https://console.developers.google.com/apis/api/compute.googleapis.com/overview?project=243323136379"}]}]}},"response":{"statusCode":403}},"exit":1,"message":"Request to https://compute.googleapis.com/compute/v1/projects/243323136379 had HTTP Error: 403, Compute Engine API has not been used in project 243323136379 before or it is disabled. Enable it by visiting https://console.developers.google.com/apis/api/compute.googleapis.com/overview?project=243323136379 then retry. If you enabled this API recently, wait a few minutes for the action to propagate to our systems and retry.","status":403}
[debug] [2025-05-17T21:43:05.754Z] Checked if tokens are valid: true, expires at: 1747521752274
[debug] [2025-05-17T21:43:05.754Z] Checked if tokens are valid: true, expires at: 1747521752274
[debug] [2025-05-17T21:43:05.754Z] >>> [apiv2][query] GET https://compute.googleapis.com/compute/v1/projects/243323136379 [none]
[debug] [2025-05-17T21:43:05.890Z] <<< [apiv2][status] GET https://compute.googleapis.com/compute/v1/projects/243323136379 403
[debug] [2025-05-17T21:43:05.890Z] <<< [apiv2][body] GET https://compute.googleapis.com/compute/v1/projects/243323136379 {"error":{"code":403,"message":"Compute Engine API has not been used in project 243323136379 before or it is disabled. Enable it by visiting https://console.developers.google.com/apis/api/compute.googleapis.com/overview?project=243323136379 then retry. If you enabled this API recently, wait a few minutes for the action to propagate to our systems and retry.","errors":[{"message":"Compute Engine API has not been used in project 243323136379 before or it is disabled. Enable it by visiting https://console.developers.google.com/apis/api/compute.googleapis.com/overview?project=243323136379 then retry. If you enabled this API recently, wait a few minutes for the action to propagate to our systems and retry.","domain":"usageLimits","reason":"accessNotConfigured","extendedHelp":"https://console.developers.google.com"}],"status":"PERMISSION_DENIED","details":[{"@type":"type.googleapis.com/google.rpc.ErrorInfo","reason":"SERVICE_DISABLED","domain":"googleapis.com","metadata":{"serviceTitle":"Compute Engine API","consumer":"projects/243323136379","service":"compute.googleapis.com","activationUrl":"https://console.developers.google.com/apis/api/compute.googleapis.com/overview?project=243323136379","containerInfo":"243323136379"}},{"@type":"type.googleapis.com/google.rpc.LocalizedMessage","locale":"en-US","message":"Compute Engine API has not been used in project 243323136379 before or it is disabled. Enable it by visiting https://console.developers.google.com/apis/api/compute.googleapis.com/overview?project=243323136379 then retry. If you enabled this API recently, wait a few minutes for the action to propagate to our systems and retry."},{"@type":"type.googleapis.com/google.rpc.Help","links":[{"description":"Google developers console API activation","url":"https://console.developers.google.com/apis/api/compute.googleapis.com/overview?project=243323136379"}]}]}}
[debug] [2025-05-17T21:43:05.890Z] unable to look up default compute service account. Falling back to 243323136379-compute@developer.gserviceaccount.com. Error: {"name":"FirebaseError","children":[],"context":{"body":{"error":{"code":403,"message":"Compute Engine API has not been used in project 243323136379 before or it is disabled. Enable it by visiting https://console.developers.google.com/apis/api/compute.googleapis.com/overview?project=243323136379 then retry. If you enabled this API recently, wait a few minutes for the action to propagate to our systems and retry.","errors":[{"message":"Compute Engine API has not been used in project 243323136379 before or it is disabled. Enable it by visiting https://console.developers.google.com/apis/api/compute.googleapis.com/overview?project=243323136379 then retry. If you enabled this API recently, wait a few minutes for the action to propagate to our systems and retry.","domain":"usageLimits","reason":"accessNotConfigured","extendedHelp":"https://console.developers.google.com"}],"status":"PERMISSION_DENIED","details":[{"@type":"type.googleapis.com/google.rpc.ErrorInfo","reason":"SERVICE_DISABLED","domain":"googleapis.com","metadata":{"serviceTitle":"Compute Engine API","consumer":"projects/243323136379","service":"compute.googleapis.com","activationUrl":"https://console.developers.google.com/apis/api/compute.googleapis.com/overview?project=243323136379","containerInfo":"243323136379"}},{"@type":"type.googleapis.com/google.rpc.LocalizedMessage","locale":"en-US","message":"Compute Engine API has not been used in project 243323136379 before or it is disabled. Enable it by visiting https://console.developers.google.com/apis/api/compute.googleapis.com/overview?project=243323136379 then retry. If you enabled this API recently, wait a few minutes for the action to propagate to our systems and retry."},{"@type":"type.googleapis.com/google.rpc.Help","links":[{"description":"Google developers console API activation","url":"https://console.developers.google.com/apis/api/compute.googleapis.com/overview?project=243323136379"}]}]}},"response":{"statusCode":403}},"exit":1,"message":"Request to https://compute.googleapis.com/compute/v1/projects/243323136379 had HTTP Error: 403, Compute Engine API has not been used in project 243323136379 before or it is disabled. Enable it by visiting https://console.developers.google.com/apis/api/compute.googleapis.com/overview?project=243323136379 then retry. If you enabled this API recently, wait a few minutes for the action to propagate to our systems and retry.","status":403}
[debug] [2025-05-17T21:43:05.890Z] Checked if tokens are valid: true, expires at: 1747521752274
[debug] [2025-05-17T21:43:05.890Z] Checked if tokens are valid: true, expires at: 1747521752274
[debug] [2025-05-17T21:43:05.890Z] >>> [apiv2][query] GET https://compute.googleapis.com/compute/v1/projects/243323136379 [none]
[debug] [2025-05-17T21:43:06.078Z] <<< [apiv2][status] GET https://compute.googleapis.com/compute/v1/projects/243323136379 403
[debug] [2025-05-17T21:43:06.079Z] <<< [apiv2][body] GET https://compute.googleapis.com/compute/v1/projects/243323136379 {"error":{"code":403,"message":"Compute Engine API has not been used in project 243323136379 before or it is disabled. Enable it by visiting https://console.developers.google.com/apis/api/compute.googleapis.com/overview?project=243323136379 then retry. If you enabled this API recently, wait a few minutes for the action to propagate to our systems and retry.","errors":[{"message":"Compute Engine API has not been used in project 243323136379 before or it is disabled. Enable it by visiting https://console.developers.google.com/apis/api/compute.googleapis.com/overview?project=243323136379 then retry. If you enabled this API recently, wait a few minutes for the action to propagate to our systems and retry.","domain":"usageLimits","reason":"accessNotConfigured","extendedHelp":"https://console.developers.google.com"}],"status":"PERMISSION_DENIED","details":[{"@type":"type.googleapis.com/google.rpc.ErrorInfo","reason":"SERVICE_DISABLED","domain":"googleapis.com","metadata":{"service":"compute.googleapis.com","activationUrl":"https://console.developers.google.com/apis/api/compute.googleapis.com/overview?project=243323136379","consumer":"projects/243323136379","serviceTitle":"Compute Engine API","containerInfo":"243323136379"}},{"@type":"type.googleapis.com/google.rpc.LocalizedMessage","locale":"en-US","message":"Compute Engine API has not been used in project 243323136379 before or it is disabled. Enable it by visiting https://console.developers.google.com/apis/api/compute.googleapis.com/overview?project=243323136379 then retry. If you enabled this API recently, wait a few minutes for the action to propagate to our systems and retry."},{"@type":"type.googleapis.com/google.rpc.Help","links":[{"description":"Google developers console API activation","url":"https://console.developers.google.com/apis/api/compute.googleapis.com/overview?project=243323136379"}]}]}}
[debug] [2025-05-17T21:43:06.079Z] unable to look up default compute service account. Falling back to 243323136379-compute@developer.gserviceaccount.com. Error: {"name":"FirebaseError","children":[],"context":{"body":{"error":{"code":403,"message":"Compute Engine API has not been used in project 243323136379 before or it is disabled. Enable it by visiting https://console.developers.google.com/apis/api/compute.googleapis.com/overview?project=243323136379 then retry. If you enabled this API recently, wait a few minutes for the action to propagate to our systems and retry.","errors":[{"message":"Compute Engine API has not been used in project 243323136379 before or it is disabled. Enable it by visiting https://console.developers.google.com/apis/api/compute.googleapis.com/overview?project=243323136379 then retry. If you enabled this API recently, wait a few minutes for the action to propagate to our systems and retry.","domain":"usageLimits","reason":"accessNotConfigured","extendedHelp":"https://console.developers.google.com"}],"status":"PERMISSION_DENIED","details":[{"@type":"type.googleapis.com/google.rpc.ErrorInfo","reason":"SERVICE_DISABLED","domain":"googleapis.com","metadata":{"service":"compute.googleapis.com","activationUrl":"https://console.developers.google.com/apis/api/compute.googleapis.com/overview?project=243323136379","consumer":"projects/243323136379","serviceTitle":"Compute Engine API","containerInfo":"243323136379"}},{"@type":"type.googleapis.com/google.rpc.LocalizedMessage","locale":"en-US","message":"Compute Engine API has not been used in project 243323136379 before or it is disabled. Enable it by visiting https://console.developers.google.com/apis/api/compute.googleapis.com/overview?project=243323136379 then retry. If you enabled this API recently, wait a few minutes for the action to propagate to our systems and retry."},{"@type":"type.googleapis.com/google.rpc.Help","links":[{"description":"Google developers console API activation","url":"https://console.developers.google.com/apis/api/compute.googleapis.com/overview?project=243323136379"}]}]}},"response":{"statusCode":403}},"exit":1,"message":"Request to https://compute.googleapis.com/compute/v1/projects/243323136379 had HTTP Error: 403, Compute Engine API has not been used in project 243323136379 before or it is disabled. Enable it by visiting https://console.developers.google.com/apis/api/compute.googleapis.com/overview?project=243323136379 then retry. If you enabled this API recently, wait a few minutes for the action to propagate to our systems and retry.","status":403}
[debug] [2025-05-17T21:43:06.079Z] Checked if tokens are valid: true, expires at: 1747521752274
[debug] [2025-05-17T21:43:06.079Z] Checked if tokens are valid: true, expires at: 1747521752274
[debug] [2025-05-17T21:43:06.079Z] >>> [apiv2][query] GET https://compute.googleapis.com/compute/v1/projects/243323136379 [none]
[debug] [2025-05-17T21:43:06.264Z] <<< [apiv2][status] GET https://compute.googleapis.com/compute/v1/projects/243323136379 403
[debug] [2025-05-17T21:43:06.264Z] <<< [apiv2][body] GET https://compute.googleapis.com/compute/v1/projects/243323136379 {"error":{"code":403,"message":"Compute Engine API has not been used in project 243323136379 before or it is disabled. Enable it by visiting https://console.developers.google.com/apis/api/compute.googleapis.com/overview?project=243323136379 then retry. If you enabled this API recently, wait a few minutes for the action to propagate to our systems and retry.","errors":[{"message":"Compute Engine API has not been used in project 243323136379 before or it is disabled. Enable it by visiting https://console.developers.google.com/apis/api/compute.googleapis.com/overview?project=243323136379 then retry. If you enabled this API recently, wait a few minutes for the action to propagate to our systems and retry.","domain":"usageLimits","reason":"accessNotConfigured","extendedHelp":"https://console.developers.google.com"}],"status":"PERMISSION_DENIED","details":[{"@type":"type.googleapis.com/google.rpc.ErrorInfo","reason":"SERVICE_DISABLED","domain":"googleapis.com","metadata":{"service":"compute.googleapis.com","activationUrl":"https://console.developers.google.com/apis/api/compute.googleapis.com/overview?project=243323136379","serviceTitle":"Compute Engine API","consumer":"projects/243323136379","containerInfo":"243323136379"}},{"@type":"type.googleapis.com/google.rpc.LocalizedMessage","locale":"en-US","message":"Compute Engine API has not been used in project 243323136379 before or it is disabled. Enable it by visiting https://console.developers.google.com/apis/api/compute.googleapis.com/overview?project=243323136379 then retry. If you enabled this API recently, wait a few minutes for the action to propagate to our systems and retry."},{"@type":"type.googleapis.com/google.rpc.Help","links":[{"description":"Google developers console API activation","url":"https://console.developers.google.com/apis/api/compute.googleapis.com/overview?project=243323136379"}]}]}}
[debug] [2025-05-17T21:43:06.265Z] unable to look up default compute service account. Falling back to 243323136379-compute@developer.gserviceaccount.com. Error: {"name":"FirebaseError","children":[],"context":{"body":{"error":{"code":403,"message":"Compute Engine API has not been used in project 243323136379 before or it is disabled. Enable it by visiting https://console.developers.google.com/apis/api/compute.googleapis.com/overview?project=243323136379 then retry. If you enabled this API recently, wait a few minutes for the action to propagate to our systems and retry.","errors":[{"message":"Compute Engine API has not been used in project 243323136379 before or it is disabled. Enable it by visiting https://console.developers.google.com/apis/api/compute.googleapis.com/overview?project=243323136379 then retry. If you enabled this API recently, wait a few minutes for the action to propagate to our systems and retry.","domain":"usageLimits","reason":"accessNotConfigured","extendedHelp":"https://console.developers.google.com"}],"status":"PERMISSION_DENIED","details":[{"@type":"type.googleapis.com/google.rpc.ErrorInfo","reason":"SERVICE_DISABLED","domain":"googleapis.com","metadata":{"service":"compute.googleapis.com","activationUrl":"https://console.developers.google.com/apis/api/compute.googleapis.com/overview?project=243323136379","serviceTitle":"Compute Engine API","consumer":"projects/243323136379","containerInfo":"243323136379"}},{"@type":"type.googleapis.com/google.rpc.LocalizedMessage","locale":"en-US","message":"Compute Engine API has not been used in project 243323136379 before or it is disabled. Enable it by visiting https://console.developers.google.com/apis/api/compute.googleapis.com/overview?project=243323136379 then retry. If you enabled this API recently, wait a few minutes for the action to propagate to our systems and retry."},{"@type":"type.googleapis.com/google.rpc.Help","links":[{"description":"Google developers console API activation","url":"https://console.developers.google.com/apis/api/compute.googleapis.com/overview?project=243323136379"}]}]}},"response":{"statusCode":403}},"exit":1,"message":"Request to https://compute.googleapis.com/compute/v1/projects/243323136379 had HTTP Error: 403, Compute Engine API has not been used in project 243323136379 before or it is disabled. Enable it by visiting https://console.developers.google.com/apis/api/compute.googleapis.com/overview?project=243323136379 then retry. If you enabled this API recently, wait a few minutes for the action to propagate to our systems and retry.","status":403}
[debug] [2025-05-17T21:43:06.265Z] Checked if tokens are valid: true, expires at: 1747521752274
[debug] [2025-05-17T21:43:06.265Z] Checked if tokens are valid: true, expires at: 1747521752274
[debug] [2025-05-17T21:43:06.265Z] >>> [apiv2][query] GET https://compute.googleapis.com/compute/v1/projects/243323136379 [none]
[debug] [2025-05-17T21:43:06.434Z] <<< [apiv2][status] GET https://compute.googleapis.com/compute/v1/projects/243323136379 403
[debug] [2025-05-17T21:43:06.435Z] <<< [apiv2][body] GET https://compute.googleapis.com/compute/v1/projects/243323136379 {"error":{"code":403,"message":"Compute Engine API has not been used in project 243323136379 before or it is disabled. Enable it by visiting https://console.developers.google.com/apis/api/compute.googleapis.com/overview?project=243323136379 then retry. If you enabled this API recently, wait a few minutes for the action to propagate to our systems and retry.","errors":[{"message":"Compute Engine API has not been used in project 243323136379 before or it is disabled. Enable it by visiting https://console.developers.google.com/apis/api/compute.googleapis.com/overview?project=243323136379 then retry. If you enabled this API recently, wait a few minutes for the action to propagate to our systems and retry.","domain":"usageLimits","reason":"accessNotConfigured","extendedHelp":"https://console.developers.google.com"}],"status":"PERMISSION_DENIED","details":[{"@type":"type.googleapis.com/google.rpc.ErrorInfo","reason":"SERVICE_DISABLED","domain":"googleapis.com","metadata":{"activationUrl":"https://console.developers.google.com/apis/api/compute.googleapis.com/overview?project=243323136379","consumer":"projects/243323136379","containerInfo":"243323136379","service":"compute.googleapis.com","serviceTitle":"Compute Engine API"}},{"@type":"type.googleapis.com/google.rpc.LocalizedMessage","locale":"en-US","message":"Compute Engine API has not been used in project 243323136379 before or it is disabled. Enable it by visiting https://console.developers.google.com/apis/api/compute.googleapis.com/overview?project=243323136379 then retry. If you enabled this API recently, wait a few minutes for the action to propagate to our systems and retry."},{"@type":"type.googleapis.com/google.rpc.Help","links":[{"description":"Google developers console API activation","url":"https://console.developers.google.com/apis/api/compute.googleapis.com/overview?project=243323136379"}]}]}}
[debug] [2025-05-17T21:43:06.435Z] unable to look up default compute service account. Falling back to 243323136379-compute@developer.gserviceaccount.com. Error: {"name":"FirebaseError","children":[],"context":{"body":{"error":{"code":403,"message":"Compute Engine API has not been used in project 243323136379 before or it is disabled. Enable it by visiting https://console.developers.google.com/apis/api/compute.googleapis.com/overview?project=243323136379 then retry. If you enabled this API recently, wait a few minutes for the action to propagate to our systems and retry.","errors":[{"message":"Compute Engine API has not been used in project 243323136379 before or it is disabled. Enable it by visiting https://console.developers.google.com/apis/api/compute.googleapis.com/overview?project=243323136379 then retry. If you enabled this API recently, wait a few minutes for the action to propagate to our systems and retry.","domain":"usageLimits","reason":"accessNotConfigured","extendedHelp":"https://console.developers.google.com"}],"status":"PERMISSION_DENIED","details":[{"@type":"type.googleapis.com/google.rpc.ErrorInfo","reason":"SERVICE_DISABLED","domain":"googleapis.com","metadata":{"activationUrl":"https://console.developers.google.com/apis/api/compute.googleapis.com/overview?project=243323136379","consumer":"projects/243323136379","containerInfo":"243323136379","service":"compute.googleapis.com","serviceTitle":"Compute Engine API"}},{"@type":"type.googleapis.com/google.rpc.LocalizedMessage","locale":"en-US","message":"Compute Engine API has not been used in project 243323136379 before or it is disabled. Enable it by visiting https://console.developers.google.com/apis/api/compute.googleapis.com/overview?project=243323136379 then retry. If you enabled this API recently, wait a few minutes for the action to propagate to our systems and retry."},{"@type":"type.googleapis.com/google.rpc.Help","links":[{"description":"Google developers console API activation","url":"https://console.developers.google.com/apis/api/compute.googleapis.com/overview?project=243323136379"}]}]}},"response":{"statusCode":403}},"exit":1,"message":"Request to https://compute.googleapis.com/compute/v1/projects/243323136379 had HTTP Error: 403, Compute Engine API has not been used in project 243323136379 before or it is disabled. Enable it by visiting https://console.developers.google.com/apis/api/compute.googleapis.com/overview?project=243323136379 then retry. If you enabled this API recently, wait a few minutes for the action to propagate to our systems and retry.","status":403}
[debug] [2025-05-17T21:43:06.436Z] Checked if tokens are valid: true, expires at: 1747521752274
[debug] [2025-05-17T21:43:06.436Z] Checked if tokens are valid: true, expires at: 1747521752274
[debug] [2025-05-17T21:43:06.436Z] >>> [apiv2][query] GET https://compute.googleapis.com/compute/v1/projects/243323136379 [none]
[debug] [2025-05-17T21:43:06.602Z] <<< [apiv2][status] GET https://compute.googleapis.com/compute/v1/projects/243323136379 403
[debug] [2025-05-17T21:43:06.602Z] <<< [apiv2][body] GET https://compute.googleapis.com/compute/v1/projects/243323136379 {"error":{"code":403,"message":"Compute Engine API has not been used in project 243323136379 before or it is disabled. Enable it by visiting https://console.developers.google.com/apis/api/compute.googleapis.com/overview?project=243323136379 then retry. If you enabled this API recently, wait a few minutes for the action to propagate to our systems and retry.","errors":[{"message":"Compute Engine API has not been used in project 243323136379 before or it is disabled. Enable it by visiting https://console.developers.google.com/apis/api/compute.googleapis.com/overview?project=243323136379 then retry. If you enabled this API recently, wait a few minutes for the action to propagate to our systems and retry.","domain":"usageLimits","reason":"accessNotConfigured","extendedHelp":"https://console.developers.google.com"}],"status":"PERMISSION_DENIED","details":[{"@type":"type.googleapis.com/google.rpc.ErrorInfo","reason":"SERVICE_DISABLED","domain":"googleapis.com","metadata":{"serviceTitle":"Compute Engine API","service":"compute.googleapis.com","activationUrl":"https://console.developers.google.com/apis/api/compute.googleapis.com/overview?project=243323136379","consumer":"projects/243323136379","containerInfo":"243323136379"}},{"@type":"type.googleapis.com/google.rpc.LocalizedMessage","locale":"en-US","message":"Compute Engine API has not been used in project 243323136379 before or it is disabled. Enable it by visiting https://console.developers.google.com/apis/api/compute.googleapis.com/overview?project=243323136379 then retry. If you enabled this API recently, wait a few minutes for the action to propagate to our systems and retry."},{"@type":"type.googleapis.com/google.rpc.Help","links":[{"description":"Google developers console API activation","url":"https://console.developers.google.com/apis/api/compute.googleapis.com/overview?project=243323136379"}]}]}}
[debug] [2025-05-17T21:43:06.602Z] unable to look up default compute service account. Falling back to 243323136379-compute@developer.gserviceaccount.com. Error: {"name":"FirebaseError","children":[],"context":{"body":{"error":{"code":403,"message":"Compute Engine API has not been used in project 243323136379 before or it is disabled. Enable it by visiting https://console.developers.google.com/apis/api/compute.googleapis.com/overview?project=243323136379 then retry. If you enabled this API recently, wait a few minutes for the action to propagate to our systems and retry.","errors":[{"message":"Compute Engine API has not been used in project 243323136379 before or it is disabled. Enable it by visiting https://console.developers.google.com/apis/api/compute.googleapis.com/overview?project=243323136379 then retry. If you enabled this API recently, wait a few minutes for the action to propagate to our systems and retry.","domain":"usageLimits","reason":"accessNotConfigured","extendedHelp":"https://console.developers.google.com"}],"status":"PERMISSION_DENIED","details":[{"@type":"type.googleapis.com/google.rpc.ErrorInfo","reason":"SERVICE_DISABLED","domain":"googleapis.com","metadata":{"serviceTitle":"Compute Engine API","service":"compute.googleapis.com","activationUrl":"https://console.developers.google.com/apis/api/compute.googleapis.com/overview?project=243323136379","consumer":"projects/243323136379","containerInfo":"243323136379"}},{"@type":"type.googleapis.com/google.rpc.LocalizedMessage","locale":"en-US","message":"Compute Engine API has not been used in project 243323136379 before or it is disabled. Enable it by visiting https://console.developers.google.com/apis/api/compute.googleapis.com/overview?project=243323136379 then retry. If you enabled this API recently, wait a few minutes for the action to propagate to our systems and retry."},{"@type":"type.googleapis.com/google.rpc.Help","links":[{"description":"Google developers console API activation","url":"https://console.developers.google.com/apis/api/compute.googleapis.com/overview?project=243323136379"}]}]}},"response":{"statusCode":403}},"exit":1,"message":"Request to https://compute.googleapis.com/compute/v1/projects/243323136379 had HTTP Error: 403, Compute Engine API has not been used in project 243323136379 before or it is disabled. Enable it by visiting https://console.developers.google.com/apis/api/compute.googleapis.com/overview?project=243323136379 then retry. If you enabled this API recently, wait a few minutes for the action to propagate to our systems and retry.","status":403}
[debug] [2025-05-17T21:43:06.607Z] Checked if tokens are valid: true, expires at: 1747521752274
[debug] [2025-05-17T21:43:06.607Z] Checked if tokens are valid: true, expires at: 1747521752274
[debug] [2025-05-17T21:43:06.608Z] >>> [apiv2][query] POST https://firebasehosting.googleapis.com/v1beta1/projects/-/sites/tranzitti-90210/versions [none]
[debug] [2025-05-17T21:43:06.608Z] >>> [apiv2][body] POST https://firebasehosting.googleapis.com/v1beta1/projects/-/sites/tranzitti-90210/versions {"status":"CREATED","labels":{"deployment-tool":"cli-firebase"}}
[debug] [2025-05-17T21:43:07.447Z] <<< [apiv2][status] POST https://firebasehosting.googleapis.com/v1beta1/projects/-/sites/tranzitti-90210/versions 200
[debug] [2025-05-17T21:43:07.447Z] <<< [apiv2][body] POST https://firebasehosting.googleapis.com/v1beta1/projects/-/sites/tranzitti-90210/versions {"name":"projects/243323136379/sites/tranzitti-90210/versions/cd0e603791864eda","status":"CREATED","config":{},"labels":{"deployment-tool":"cli-firebase"}}
[debug] [2025-05-17T21:43:07.584Z] Checked if tokens are valid: true, expires at: 1747521752274
[debug] [2025-05-17T21:43:07.585Z] Checked if tokens are valid: true, expires at: 1747521752274
[debug] [2025-05-17T21:43:07.585Z] >>> [apiv2][query] GET https://firebaserules.googleapis.com/v1/projects/tranzitti-90210/releases pageSize=10&pageToken=
[debug] [2025-05-17T21:43:08.008Z] <<< [apiv2][status] GET https://firebaserules.googleapis.com/v1/projects/tranzitti-90210/releases 200
[debug] [2025-05-17T21:43:08.008Z] <<< [apiv2][body] GET https://firebaserules.googleapis.com/v1/projects/tranzitti-90210/releases {"releases":[{"name":"projects/tranzitti-90210/releases/cloud.firestore","rulesetName":"projects/tranzitti-90210/rulesets/f193740d-d456-4924-b05f-153a1b1f4281","createTime":"2025-05-17T20:15:59.776742Z","updateTime":"2025-05-17T20:28:07.670073Z"},{"name":"projects/tranzitti-90210/releases/firebase.storage/tranzitti-90210.firebasestorage.app","rulesetName":"projects/tranzitti-90210/rulesets/d9e985ef-2940-49a3-97d5-c4b142b25f61","createTime":"2025-05-17T20:01:06.822804Z","updateTime":"2025-05-17T20:28:07.280977Z"}]}
[debug] [2025-05-17T21:43:08.024Z] Checked if tokens are valid: true, expires at: 1747521752274
[debug] [2025-05-17T21:43:08.024Z] Checked if tokens are valid: true, expires at: 1747521752274
[debug] [2025-05-17T21:43:08.024Z] >>> [apiv2][query] GET https://firebaserules.googleapis.com/v1/projects/tranzitti-90210/rulesets/d9e985ef-2940-49a3-97d5-c4b142b25f61 [none]
[debug] [2025-05-17T21:43:08.330Z] <<< [apiv2][status] GET https://firebaserules.googleapis.com/v1/projects/tranzitti-90210/rulesets/d9e985ef-2940-49a3-97d5-c4b142b25f61 200
[debug] [2025-05-17T21:43:08.330Z] <<< [apiv2][body] GET https://firebaserules.googleapis.com/v1/projects/tranzitti-90210/rulesets/d9e985ef-2940-49a3-97d5-c4b142b25f61 [omitted]
[info] i  storage: latest version of storage.rules already up to date, skipping upload... 
[debug] [2025-05-17T21:43:08.333Z] Checked if tokens are valid: true, expires at: 1747521752274
[debug] [2025-05-17T21:43:08.333Z] Checked if tokens are valid: true, expires at: 1747521752274
[info] i  firestore: deploying indexes... 
[debug] [2025-05-17T21:43:08.335Z] Checked if tokens are valid: true, expires at: 1747521752274
[debug] [2025-05-17T21:43:08.335Z] Checked if tokens are valid: true, expires at: 1747521752274
[debug] [2025-05-17T21:43:08.335Z] >>> [apiv2][query] GET https://firebaserules.googleapis.com/v1/projects/tranzitti-90210/releases pageSize=10&pageToken=
[debug] [2025-05-17T21:43:08.335Z] >>> [apiv2][query] GET https://firestore.googleapis.com/v1/projects/tranzitti-90210/databases/(default)/collectionGroups/-/indexes [none]
[debug] [2025-05-17T21:43:08.525Z] <<< [apiv2][status] GET https://firebaserules.googleapis.com/v1/projects/tranzitti-90210/releases 200
[debug] [2025-05-17T21:43:08.525Z] <<< [apiv2][body] GET https://firebaserules.googleapis.com/v1/projects/tranzitti-90210/releases {"releases":[{"name":"projects/tranzitti-90210/releases/cloud.firestore","rulesetName":"projects/tranzitti-90210/rulesets/f193740d-d456-4924-b05f-153a1b1f4281","createTime":"2025-05-17T20:15:59.776742Z","updateTime":"2025-05-17T20:28:07.670073Z"},{"name":"projects/tranzitti-90210/releases/firebase.storage/tranzitti-90210.firebasestorage.app","rulesetName":"projects/tranzitti-90210/rulesets/d9e985ef-2940-49a3-97d5-c4b142b25f61","createTime":"2025-05-17T20:01:06.822804Z","updateTime":"2025-05-17T20:28:07.280977Z"}]}
[debug] [2025-05-17T21:43:08.526Z] Checked if tokens are valid: true, expires at: 1747521752274
[debug] [2025-05-17T21:43:08.526Z] Checked if tokens are valid: true, expires at: 1747521752274
[debug] [2025-05-17T21:43:08.526Z] >>> [apiv2][query] GET https://firebaserules.googleapis.com/v1/projects/tranzitti-90210/rulesets/f193740d-d456-4924-b05f-153a1b1f4281 [none]
[debug] [2025-05-17T21:43:08.781Z] <<< [apiv2][status] GET https://firebaserules.googleapis.com/v1/projects/tranzitti-90210/rulesets/f193740d-d456-4924-b05f-153a1b1f4281 200
[debug] [2025-05-17T21:43:08.781Z] <<< [apiv2][body] GET https://firebaserules.googleapis.com/v1/projects/tranzitti-90210/rulesets/f193740d-d456-4924-b05f-153a1b1f4281 [omitted]
[info] i  firestore: latest version of firestore.rules already up to date, skipping upload... 
[debug] [2025-05-17T21:43:08.962Z] <<< [apiv2][status] GET https://firestore.googleapis.com/v1/projects/tranzitti-90210/databases/(default)/collectionGroups/-/indexes 200
[debug] [2025-05-17T21:43:08.962Z] <<< [apiv2][body] GET https://firestore.googleapis.com/v1/projects/tranzitti-90210/databases/(default)/collectionGroups/-/indexes {}
[debug] [2025-05-17T21:43:08.962Z] Checked if tokens are valid: true, expires at: 1747521752274
[debug] [2025-05-17T21:43:08.962Z] Checked if tokens are valid: true, expires at: 1747521752274
[debug] [2025-05-17T21:43:08.962Z] >>> [apiv2][query] GET https://firestore.googleapis.com/v1/projects/tranzitti-90210/databases/(default)/collectionGroups/-/fields?filter=indexConfig.usesAncestorConfig=false OR ttlConfig:* [none]
[debug] [2025-05-17T21:43:09.190Z] <<< [apiv2][status] GET https://firestore.googleapis.com/v1/projects/tranzitti-90210/databases/(default)/collectionGroups/-/fields?filter=indexConfig.usesAncestorConfig=false OR ttlConfig:* 200
[debug] [2025-05-17T21:43:09.190Z] <<< [apiv2][body] GET https://firestore.googleapis.com/v1/projects/tranzitti-90210/databases/(default)/collectionGroups/-/fields?filter=indexConfig.usesAncestorConfig=false OR ttlConfig:* {"fields":[{"name":"projects/tranzitti-90210/databases/(default)/collectionGroups/__default__/fields/*","indexConfig":{"indexes":[{"queryScope":"COLLECTION","fields":[{"fieldPath":"*","order":"ASCENDING"}],"state":"READY"},{"queryScope":"COLLECTION","fields":[{"fieldPath":"*","order":"DESCENDING"}],"state":"READY"},{"queryScope":"COLLECTION","fields":[{"fieldPath":"*","arrayConfig":"CONTAINS"}],"state":"READY"}]}}]}
[info] +  firestore: deployed indexes in firestore.indexes.json successfully for (default) database 
[debug] [2025-05-17T21:43:09.192Z] Checked if tokens are valid: true, expires at: 1747521752274
[debug] [2025-05-17T21:43:09.192Z] Checked if tokens are valid: true, expires at: 1747521752274
[debug] [2025-05-17T21:43:09.193Z] >>> [apiv2][query] GET https://cloudbilling.googleapis.com/v1/projects/tranzitti-90210/billingInfo [none]
[debug] [2025-05-17T21:43:09.809Z] <<< [apiv2][status] GET https://cloudbilling.googleapis.com/v1/projects/tranzitti-90210/billingInfo 200
[debug] [2025-05-17T21:43:09.809Z] <<< [apiv2][body] GET https://cloudbilling.googleapis.com/v1/projects/tranzitti-90210/billingInfo {"name":"projects/tranzitti-90210/billingInfo","projectId":"tranzitti-90210","billingAccountName":"billingAccounts/0114C6-7CDE84-227FD4","billingEnabled":true}
[info] i  hosting[tranzitti-90210]: beginning deploy... 
[info] i  hosting[tranzitti-90210]: found 17 files in build 
[debug] [2025-05-17T21:43:09.833Z] [hosting] uploading with 200 concurrency
[debug] [2025-05-17T21:43:09.836Z] Checked if tokens are valid: true, expires at: 1747521752274
[debug] [2025-05-17T21:43:09.837Z] Checked if tokens are valid: true, expires at: 1747521752274
[debug] [2025-05-17T21:43:09.838Z] [hosting] hash cache [YnVpbGQ] stored for 17 files
[debug] [2025-05-17T21:43:09.838Z] [hosting][hash queue][FINAL] {"max":1,"min":0,"avg":0,"active":0,"complete":17,"success":17,"errored":0,"retried":0,"total":17,"elapsed":3}
[debug] [2025-05-17T21:43:09.838Z] >>> [apiv2][query] POST https://firebasehosting.googleapis.com/v1beta1/projects/243323136379/sites/tranzitti-90210/versions/cd0e603791864eda:populateFiles [none]
[debug] [2025-05-17T21:43:09.838Z] >>> [apiv2][body] POST https://firebasehosting.googleapis.com/v1beta1/projects/243323136379/sites/tranzitti-90210/versions/cd0e603791864eda:populateFiles {"files":{"/warehouse-icon.svg":"36e3ce8c89263fa9a711de36757f57863b98a6d9a0d7c34ba6383c8dadb34dad","/truck-icon.svg":"308ad9b2a49f3242847342a2956a8ba9378cbd06a27eac7be02b7c3811afbb27","/robots.txt":"b2090cf9761ef60aa06e4fab97679bd43dfa5e5df073701ead5879d7c68f1ec5","/manifest.json":"4368aeaf848ae2e048765562c289452f33ad2a175c4b1951ea8bdf2ada0d5b10","/logo512.png":"212b102aa09e51b3b3e06647e81f7801a61333e171f6582e8124379aabccb41d","/logo192.png":"79e2b749561016bc8af300ea19f48347ceed3cb1a54f48ae456172eca45e08f0","/index.html":"e1849f960e687e80a9d05f05fe6919363f7633ca6ffe02857515e617e055ed87","/googlefa09bf12419809a8.html":"88221f0938a0020248bfeb755ce93c7e34bf6ac4e4129430465f4f3c8e946eb4","/favicon.ico":"876596c8b58d2f2c19b4b7da4e5be766155c5a917f5955b9a53a06d3be0a720b","/asset-manifest.json":"d3cad8c484e620745857f9e0d213c1ecda50db059329c8e0c65711885dec1071","/static/js/main.94871499.js.map":"4c930a7765ffbde1f4948997f1590d330c6ac76ced34093e1b1ed066ca9f7e94","/static/js/main.94871499.js.LICENSE.txt":"451b3b085c8ff3c8326616b41fe731863196735b6763458c34512eab8765f7b5","/static/js/main.94871499.js":"73b57ba19f952713fcb7a9409ca9d20eb220af492a7ea7f1ccc923602a3b111e","/static/js/453.efbef0c0.chunk.js.map":"7fa6f487bb02bf6414a95f3c42576cae503d7da8317b699f8d7b050f8116dbe3","/static/js/453.efbef0c0.chunk.js":"959fc592f2d108c2ccfb5aae6a38aea2654ebfb7d48084cc73ad476211f05349","/static/css/main.ed69b6c7.css.map":"3bc9d69ad5ac3ecc638c03c9a5537f6cd43a2ebd7e6c4595a26c915be0e90d92","/static/css/main.ed69b6c7.css":"3e56b0f6077f3d5984db40456a0cf0cb2f9e8d0cb10c21a5223bdb478d2ff501"}}
[debug] [2025-05-17T21:43:10.076Z] <<< [apiv2][status] POST https://firebasehosting.googleapis.com/v1beta1/projects/243323136379/sites/tranzitti-90210/versions/cd0e603791864eda:populateFiles 200
[debug] [2025-05-17T21:43:10.076Z] <<< [apiv2][body] POST https://firebasehosting.googleapis.com/v1beta1/projects/243323136379/sites/tranzitti-90210/versions/cd0e603791864eda:populateFiles {"uploadUrl":"https://upload-firebasehosting.googleapis.com/upload/sites/tranzitti-90210/versions/cd0e603791864eda/files"}
[debug] [2025-05-17T21:43:10.076Z] [hosting][populate queue][FINAL] {"max":240,"min":240,"avg":240,"active":0,"complete":1,"success":1,"errored":0,"retried":0,"total":1,"elapsed":240}
[debug] [2025-05-17T21:43:10.076Z] [hosting] uploads queued: 0
[debug] [2025-05-17T21:43:10.076Z] [hosting][upload queue][FINAL] {"max":0,"min":9999999999,"avg":0,"active":0,"complete":0,"success":0,"errored":0,"retried":0,"total":0,"elapsed":1747518190076}
[info] +  hosting[tranzitti-90210]: file upload complete 
[debug] [2025-05-17T21:43:10.078Z] [hosting] deploy completed after 264ms
[debug] [2025-05-17T21:43:10.079Z] [rules] releasing firebase.storage/tranzitti-90210.firebasestorage.app with ruleset projects/tranzitti-90210/rulesets/d9e985ef-2940-49a3-97d5-c4b142b25f61
[debug] [2025-05-17T21:43:10.079Z] Checked if tokens are valid: true, expires at: 1747521752274
[debug] [2025-05-17T21:43:10.079Z] Checked if tokens are valid: true, expires at: 1747521752274
[debug] [2025-05-17T21:43:10.079Z] >>> [apiv2][query] PATCH https://firebaserules.googleapis.com/v1/projects/tranzitti-90210/releases/firebase.storage/tranzitti-90210.firebasestorage.app [none]
[debug] [2025-05-17T21:43:10.079Z] >>> [apiv2][body] PATCH https://firebaserules.googleapis.com/v1/projects/tranzitti-90210/releases/firebase.storage/tranzitti-90210.firebasestorage.app {"release":{"name":"projects/tranzitti-90210/releases/firebase.storage/tranzitti-90210.firebasestorage.app","rulesetName":"projects/tranzitti-90210/rulesets/d9e985ef-2940-49a3-97d5-c4b142b25f61"}}
[debug] [2025-05-17T21:43:10.442Z] <<< [apiv2][status] PATCH https://firebaserules.googleapis.com/v1/projects/tranzitti-90210/releases/firebase.storage/tranzitti-90210.firebasestorage.app 200
[debug] [2025-05-17T21:43:10.442Z] <<< [apiv2][body] PATCH https://firebaserules.googleapis.com/v1/projects/tranzitti-90210/releases/firebase.storage/tranzitti-90210.firebasestorage.app {"name":"projects/tranzitti-90210/releases/firebase.storage/tranzitti-90210.firebasestorage.app","rulesetName":"projects/tranzitti-90210/rulesets/d9e985ef-2940-49a3-97d5-c4b142b25f61","createTime":"2025-05-17T20:01:06.822804Z","updateTime":"2025-05-17T21:43:10.407635Z"}
[debug] [2025-05-17T21:43:10.442Z] [rules] updated release projects/tranzitti-90210/releases/firebase.storage/tranzitti-90210.firebasestorage.app
[info] +  storage: released rules storage.rules to firebase.storage 
[debug] [2025-05-17T21:43:10.443Z] [rules] releasing cloud.firestore/(default) with ruleset projects/tranzitti-90210/rulesets/f193740d-d456-4924-b05f-153a1b1f4281
[debug] [2025-05-17T21:43:10.443Z] Checked if tokens are valid: true, expires at: 1747521752274
[debug] [2025-05-17T21:43:10.443Z] Checked if tokens are valid: true, expires at: 1747521752274
[debug] [2025-05-17T21:43:10.443Z] >>> [apiv2][query] PATCH https://firebaserules.googleapis.com/v1/projects/tranzitti-90210/releases/cloud.firestore/(default) [none]
[debug] [2025-05-17T21:43:10.443Z] >>> [apiv2][body] PATCH https://firebaserules.googleapis.com/v1/projects/tranzitti-90210/releases/cloud.firestore/(default) {"release":{"name":"projects/tranzitti-90210/releases/cloud.firestore/(default)","rulesetName":"projects/tranzitti-90210/rulesets/f193740d-d456-4924-b05f-153a1b1f4281"}}
[debug] [2025-05-17T21:43:10.776Z] <<< [apiv2][status] PATCH https://firebaserules.googleapis.com/v1/projects/tranzitti-90210/releases/cloud.firestore/(default) 200
[debug] [2025-05-17T21:43:10.776Z] <<< [apiv2][body] PATCH https://firebaserules.googleapis.com/v1/projects/tranzitti-90210/releases/cloud.firestore/(default) {"name":"projects/tranzitti-90210/releases/cloud.firestore","rulesetName":"projects/tranzitti-90210/rulesets/f193740d-d456-4924-b05f-153a1b1f4281","createTime":"2025-05-17T20:15:59.776742Z","updateTime":"2025-05-17T21:43:10.744443Z"}
[debug] [2025-05-17T21:43:10.776Z] [rules] updated release projects/tranzitti-90210/releases/cloud.firestore
[info] +  firestore: released rules firestore.rules to cloud.firestore 
[info] i  functions: updating Node.js 22 (2nd Gen) function helloWorld(us-central1)... 
[debug] [2025-05-17T21:43:10.781Z] Precondition failed. Cannot update a GCFv2 function without storage
[info] i  functions: updating Node.js 22 (2nd Gen) function auth-functions:setUserRole(us-central1)... 
[debug] [2025-05-17T21:43:10.782Z] Precondition failed. Cannot update a GCFv2 function without storage
[info] i  functions: updating Node.js 22 (2nd Gen) function auth-functions:getUserRole(us-central1)... 
[debug] [2025-05-17T21:43:10.783Z] Precondition failed. Cannot update a GCFv2 function without storage
[debug] [2025-05-17T21:43:10.794Z] Total Function Deployment time: 3
[debug] [2025-05-17T21:43:10.794Z] 3 Functions Deployed
[debug] [2025-05-17T21:43:10.794Z] 3 Functions Errored
[debug] [2025-05-17T21:43:10.794Z] 0 Function Deployments Aborted
[debug] [2025-05-17T21:43:10.794Z] Average Function Deployment time: 1
[info] 
[info] Functions deploy had errors with the following functions:
	auth-functions:getUserRole(us-central1)
	helloWorld(us-central1)
	auth-functions:setUserRole(us-central1)
[debug] [2025-05-17T21:43:11.017Z] Not printing URL for HTTPS function. Typically this means it didn't match a filter or we failed deployment
[debug] [2025-05-17T21:43:11.018Z] Checked if tokens are valid: true, expires at: 1747521752274
[debug] [2025-05-17T21:43:11.018Z] Checked if tokens are valid: true, expires at: 1747521752274
[debug] [2025-05-17T21:43:11.018Z] >>> [apiv2][query] GET https://artifactregistry.googleapis.com/v1/projects/tranzitti-90210/locations/us-central1/repositories/gcf-artifacts [none]
[debug] [2025-05-17T21:43:11.440Z] <<< [apiv2][status] GET https://artifactregistry.googleapis.com/v1/projects/tranzitti-90210/locations/us-central1/repositories/gcf-artifacts 200
[debug] [2025-05-17T21:43:11.440Z] <<< [apiv2][body] GET https://artifactregistry.googleapis.com/v1/projects/tranzitti-90210/locations/us-central1/repositories/gcf-artifacts {"name":"projects/tranzitti-90210/locations/us-central1/repositories/gcf-artifacts","format":"DOCKER","description":"This repository is created and used by Cloud Functions for storing function docker images.","labels":{"goog-managed-by":"cloudfunctions"},"createTime":"2025-05-17T20:17:16.736892Z","updateTime":"2025-05-17T20:18:35.241558Z","mode":"STANDARD_REPOSITORY","cleanupPolicies":{"firebase-functions-cleanup":{"id":"firebase-functions-cleanup","action":"DELETE","condition":{"tagState":"ANY","olderThan":"86400s"}}},"vulnerabilityScanningConfig":{"lastEnableTime":"2025-05-17T20:17:08.042608601Z","enablementState":"SCANNING_DISABLED","enablementStateReason":"API containerscanning.googleapis.com is not enabled."},"satisfiesPzi":true,"registryUri":"us-central1-docker.pkg.dev/tranzitti-90210/gcf-artifacts"}
[debug] [2025-05-17T21:43:11.440Z] Functions deploy failed.
[debug] [2025-05-17T21:43:11.441Z] {}
[debug] [2025-05-17T21:43:11.441Z] {}
[debug] [2025-05-17T21:43:11.441Z] {}
[error] Error: There was an error deploying functions:
[error] - Error Precondition failed
[error] - Error Precondition failed
[error] - Error Precondition failed
