[debug] [2025-05-17T20:16:14.702Z] ----------------------------------------------------------------------
[debug] [2025-05-17T20:16:14.705Z] Command:       C:\Program Files\nodejs\node.exe C:\Users\mrsha\AppData\Roaming\npm\node_modules\firebase-tools\lib\bin\firebase.js deploy
[debug] [2025-05-17T20:16:14.706Z] CLI Version:   14.4.0
[debug] [2025-05-17T20:16:14.706Z] Platform:      win32
[debug] [2025-05-17T20:16:14.706Z] Node Version:  v22.15.0
[debug] [2025-05-17T20:16:14.707Z] Time:          Sat May 17 2025 16:16:14 GMT-0400 (Eastern Daylight Time)
[debug] [2025-05-17T20:16:14.707Z] ----------------------------------------------------------------------
[debug] 
[debug] [2025-05-17T20:16:14.905Z] > command requires scopes: ["email","openid","https://www.googleapis.com/auth/cloudplatformprojects.readonly","https://www.googleapis.com/auth/firebase","https://www.googleapis.com/auth/cloud-platform"]
[debug] [2025-05-17T20:16:14.906Z] > authorizing via signed-in user (srose@norwalkls.com)
[debug] [2025-05-17T20:16:14.906Z] [iam] checking project tranzitti-90210 for permissions ["cloudfunctions.functions.create","cloudfunctions.functions.delete","cloudfunctions.functions.get","cloudfunctions.functions.list","cloudfunctions.functions.update","cloudfunctions.operations.get","datastore.indexes.create","datastore.indexes.delete","datastore.indexes.list","datastore.indexes.update","firebase.projects.get","firebasehosting.sites.update","firebaserules.releases.create","firebaserules.releases.update","firebaserules.rulesets.create"]
[debug] [2025-05-17T20:16:14.907Z] Checked if tokens are valid: true, expires at: 1747515418616
[debug] [2025-05-17T20:16:14.907Z] Checked if tokens are valid: true, expires at: 1747515418616
[debug] [2025-05-17T20:16:14.908Z] >>> [apiv2][query] POST https://cloudresourcemanager.googleapis.com/v1/projects/tranzitti-90210:testIamPermissions [none]
[debug] [2025-05-17T20:16:14.908Z] >>> [apiv2][(partial)header] POST https://cloudresourcemanager.googleapis.com/v1/projects/tranzitti-90210:testIamPermissions x-goog-quota-user=projects/tranzitti-90210
[debug] [2025-05-17T20:16:14.908Z] >>> [apiv2][body] POST https://cloudresourcemanager.googleapis.com/v1/projects/tranzitti-90210:testIamPermissions {"permissions":["cloudfunctions.functions.create","cloudfunctions.functions.delete","cloudfunctions.functions.get","cloudfunctions.functions.list","cloudfunctions.functions.update","cloudfunctions.operations.get","datastore.indexes.create","datastore.indexes.delete","datastore.indexes.list","datastore.indexes.update","firebase.projects.get","firebasehosting.sites.update","firebaserules.releases.create","firebaserules.releases.update","firebaserules.rulesets.create"]}
[debug] [2025-05-17T20:16:15.267Z] <<< [apiv2][status] POST https://cloudresourcemanager.googleapis.com/v1/projects/tranzitti-90210:testIamPermissions 200
[debug] [2025-05-17T20:16:15.268Z] <<< [apiv2][body] POST https://cloudresourcemanager.googleapis.com/v1/projects/tranzitti-90210:testIamPermissions {"permissions":["cloudfunctions.functions.create","cloudfunctions.functions.delete","cloudfunctions.functions.get","cloudfunctions.functions.list","cloudfunctions.functions.update","cloudfunctions.operations.get","datastore.indexes.create","datastore.indexes.delete","datastore.indexes.list","datastore.indexes.update","firebase.projects.get","firebasehosting.sites.update","firebaserules.releases.create","firebaserules.releases.update","firebaserules.rulesets.create"]}
[debug] [2025-05-17T20:16:15.268Z] Checked if tokens are valid: true, expires at: 1747515418616
[debug] [2025-05-17T20:16:15.268Z] Checked if tokens are valid: true, expires at: 1747515418616
[debug] [2025-05-17T20:16:15.268Z] >>> [apiv2][query] POST https://iam.googleapis.com/v1/projects/tranzitti-90210/serviceAccounts/tranzitti-90210@appspot.gserviceaccount.com:testIamPermissions [none]
[debug] [2025-05-17T20:16:15.268Z] >>> [apiv2][body] POST https://iam.googleapis.com/v1/projects/tranzitti-90210/serviceAccounts/tranzitti-90210@appspot.gserviceaccount.com:testIamPermissions {"permissions":["iam.serviceAccounts.actAs"]}
[debug] [2025-05-17T20:16:15.610Z] <<< [apiv2][status] POST https://iam.googleapis.com/v1/projects/tranzitti-90210/serviceAccounts/tranzitti-90210@appspot.gserviceaccount.com:testIamPermissions 200
[debug] [2025-05-17T20:16:15.611Z] <<< [apiv2][body] POST https://iam.googleapis.com/v1/projects/tranzitti-90210/serviceAccounts/tranzitti-90210@appspot.gserviceaccount.com:testIamPermissions {"permissions":["iam.serviceAccounts.actAs"]}
[debug] [2025-05-17T20:16:15.611Z] Checked if tokens are valid: true, expires at: 1747515418616
[debug] [2025-05-17T20:16:15.612Z] Checked if tokens are valid: true, expires at: 1747515418616
[debug] [2025-05-17T20:16:15.612Z] >>> [apiv2][query] GET https://firebase.googleapis.com/v1beta1/projects/tranzitti-90210 [none]
[debug] [2025-05-17T20:16:16.086Z] <<< [apiv2][status] GET https://firebase.googleapis.com/v1beta1/projects/tranzitti-90210 200
[debug] [2025-05-17T20:16:16.086Z] <<< [apiv2][body] GET https://firebase.googleapis.com/v1beta1/projects/tranzitti-90210 {"projectId":"tranzitti-90210","projectNumber":"243323136379","displayName":"Tranzitti","name":"projects/tranzitti-90210","resources":{"hostingSite":"tranzitti-90210"},"state":"ACTIVE","etag":"1_666df5c9-0c71-429a-8692-0402960a1c7a"}
[info] 
[info] === Deploying to 'tranzitti-90210'...
[info] 
[info] i  deploying storage, firestore, functions, hosting 
[info] Running command: npm --prefix "$RESOURCE_DIR" run lint
[info] Running command: npm --prefix "$RESOURCE_DIR" run build
[info] +  functions: Finished running predeploy script. 
[info] Running command: npm --prefix "$RESOURCE_DIR" run lint
[info] Running command: npm --prefix "$RESOURCE_DIR" run build
[info] +  functions: Finished running predeploy script. 
[info] i  storage: ensuring required API firebasestorage.googleapis.com is enabled... 
[debug] [2025-05-17T20:16:33.338Z] Checked if tokens are valid: true, expires at: 1747515418616
[debug] [2025-05-17T20:16:33.338Z] Checked if tokens are valid: true, expires at: 1747515418616
[debug] [2025-05-17T20:16:33.338Z] >>> [apiv2][query] GET https://serviceusage.googleapis.com/v1/projects/tranzitti-90210/services/firebasestorage.googleapis.com [none]
[debug] [2025-05-17T20:16:33.338Z] >>> [apiv2][(partial)header] GET https://serviceusage.googleapis.com/v1/projects/tranzitti-90210/services/firebasestorage.googleapis.com x-goog-quota-user=projects/tranzitti-90210
[debug] [2025-05-17T20:16:34.006Z] <<< [apiv2][status] GET https://serviceusage.googleapis.com/v1/projects/tranzitti-90210/services/firebasestorage.googleapis.com 200
[debug] [2025-05-17T20:16:34.007Z] <<< [apiv2][body] GET https://serviceusage.googleapis.com/v1/projects/tranzitti-90210/services/firebasestorage.googleapis.com [omitted]
[info] +  storage: required API firebasestorage.googleapis.com is enabled 
[debug] [2025-05-17T20:16:34.008Z] Checked if tokens are valid: true, expires at: 1747515418616
[debug] [2025-05-17T20:16:34.008Z] Checked if tokens are valid: true, expires at: 1747515418616
[debug] [2025-05-17T20:16:34.008Z] >>> [apiv2][query] GET https://firebasestorage.googleapis.com/v1alpha/projects/tranzitti-90210/defaultBucket [none]
[debug] [2025-05-17T20:16:34.519Z] <<< [apiv2][status] GET https://firebasestorage.googleapis.com/v1alpha/projects/tranzitti-90210/defaultBucket 200
[debug] [2025-05-17T20:16:34.519Z] <<< [apiv2][body] GET https://firebasestorage.googleapis.com/v1alpha/projects/tranzitti-90210/defaultBucket {"name":"projects/tranzitti-90210/defaultBucket","location":"US-CENTRAL1","bucket":{"name":"projects/tranzitti-90210/buckets/tranzitti-90210.firebasestorage.app"},"storageClass":"REGIONAL"}
[info] i  firebase.storage: checking storage.rules for compilation errors... 
[debug] [2025-05-17T20:16:34.521Z] Checked if tokens are valid: true, expires at: 1747515418616
[debug] [2025-05-17T20:16:34.521Z] Checked if tokens are valid: true, expires at: 1747515418616
[debug] [2025-05-17T20:16:34.521Z] >>> [apiv2][query] POST https://firebaserules.googleapis.com/v1/projects/tranzitti-90210:test [none]
[debug] [2025-05-17T20:16:34.521Z] >>> [apiv2][body] POST https://firebaserules.googleapis.com/v1/projects/tranzitti-90210:test [omitted]
[debug] [2025-05-17T20:16:35.022Z] <<< [apiv2][status] POST https://firebaserules.googleapis.com/v1/projects/tranzitti-90210:test 200
[debug] [2025-05-17T20:16:35.023Z] <<< [apiv2][body] POST https://firebaserules.googleapis.com/v1/projects/tranzitti-90210:test {}
[info] +  firebase.storage: rules file storage.rules compiled successfully 
[info] i  firestore: reading indexes from firestore.indexes.json... 
[info] i  cloud.firestore: checking firestore.rules for compilation errors... 
[debug] [2025-05-17T20:16:35.028Z] Checked if tokens are valid: true, expires at: 1747515418616
[debug] [2025-05-17T20:16:35.028Z] Checked if tokens are valid: true, expires at: 1747515418616
[debug] [2025-05-17T20:16:35.028Z] >>> [apiv2][query] POST https://firebaserules.googleapis.com/v1/projects/tranzitti-90210:test [none]
[debug] [2025-05-17T20:16:35.028Z] >>> [apiv2][body] POST https://firebaserules.googleapis.com/v1/projects/tranzitti-90210:test [omitted]
[debug] [2025-05-17T20:16:35.338Z] <<< [apiv2][status] POST https://firebaserules.googleapis.com/v1/projects/tranzitti-90210:test 200
[debug] [2025-05-17T20:16:35.338Z] <<< [apiv2][body] POST https://firebaserules.googleapis.com/v1/projects/tranzitti-90210:test {}
[info] +  cloud.firestore: rules file firestore.rules compiled successfully 
[debug] [2025-05-17T20:16:35.341Z] Checked if tokens are valid: true, expires at: 1747515418616
[debug] [2025-05-17T20:16:35.341Z] Checked if tokens are valid: true, expires at: 1747515418616
[debug] [2025-05-17T20:16:35.341Z] >>> [apiv2][query] GET https://serviceusage.googleapis.com/v1/projects/tranzitti-90210/services/cloudresourcemanager.googleapis.com [none]
[debug] [2025-05-17T20:16:35.342Z] >>> [apiv2][(partial)header] GET https://serviceusage.googleapis.com/v1/projects/tranzitti-90210/services/cloudresourcemanager.googleapis.com x-goog-quota-user=projects/tranzitti-90210
[debug] [2025-05-17T20:16:35.688Z] <<< [apiv2][status] GET https://serviceusage.googleapis.com/v1/projects/tranzitti-90210/services/cloudresourcemanager.googleapis.com 200
[debug] [2025-05-17T20:16:35.688Z] <<< [apiv2][body] GET https://serviceusage.googleapis.com/v1/projects/tranzitti-90210/services/cloudresourcemanager.googleapis.com [omitted]
[debug] [2025-05-17T20:16:35.688Z] Checked if tokens are valid: true, expires at: 1747515418616
[debug] [2025-05-17T20:16:35.688Z] Checked if tokens are valid: true, expires at: 1747515418616
[debug] [2025-05-17T20:16:35.688Z] >>> [apiv2][query] GET https://cloudresourcemanager.googleapis.com/v1/projects/tranzitti-90210 [none]
[debug] [2025-05-17T20:16:36.055Z] <<< [apiv2][status] GET https://cloudresourcemanager.googleapis.com/v1/projects/tranzitti-90210 200
[debug] [2025-05-17T20:16:36.056Z] <<< [apiv2][body] GET https://cloudresourcemanager.googleapis.com/v1/projects/tranzitti-90210 {"projectNumber":"243323136379","projectId":"tranzitti-90210","lifecycleState":"ACTIVE","name":"Tranzitti","labels":{"firebase":"enabled","firebase-core":"disabled"},"createTime":"2025-05-17T01:54:36.787915Z","parent":{"type":"organization","id":"439686569459"}}
[info] i  functions: preparing codebase default for deployment 
[info] i  functions: preparing codebase auth-functions for deployment 
[info] i  functions: ensuring required API cloudfunctions.googleapis.com is enabled... 
[debug] [2025-05-17T20:16:36.060Z] Checked if tokens are valid: true, expires at: 1747515418616
[debug] [2025-05-17T20:16:36.060Z] Checked if tokens are valid: true, expires at: 1747515418616
[debug] [2025-05-17T20:16:36.060Z] Checked if tokens are valid: true, expires at: 1747515418616
[debug] [2025-05-17T20:16:36.060Z] Checked if tokens are valid: true, expires at: 1747515418616
[info] i  functions: ensuring required API cloudbuild.googleapis.com is enabled... 
[debug] [2025-05-17T20:16:36.061Z] Checked if tokens are valid: true, expires at: 1747515418616
[debug] [2025-05-17T20:16:36.061Z] Checked if tokens are valid: true, expires at: 1747515418616
[info] i  artifactregistry: ensuring required API artifactregistry.googleapis.com is enabled... 
[debug] [2025-05-17T20:16:36.062Z] Checked if tokens are valid: true, expires at: 1747515418616
[debug] [2025-05-17T20:16:36.062Z] Checked if tokens are valid: true, expires at: 1747515418616
[debug] [2025-05-17T20:16:36.063Z] >>> [apiv2][query] GET https://serviceusage.googleapis.com/v1/projects/tranzitti-90210/services/cloudfunctions.googleapis.com [none]
[debug] [2025-05-17T20:16:36.063Z] >>> [apiv2][(partial)header] GET https://serviceusage.googleapis.com/v1/projects/tranzitti-90210/services/cloudfunctions.googleapis.com x-goog-quota-user=projects/tranzitti-90210
[debug] [2025-05-17T20:16:36.064Z] >>> [apiv2][query] GET https://serviceusage.googleapis.com/v1/projects/tranzitti-90210/services/runtimeconfig.googleapis.com [none]
[debug] [2025-05-17T20:16:36.064Z] >>> [apiv2][(partial)header] GET https://serviceusage.googleapis.com/v1/projects/tranzitti-90210/services/runtimeconfig.googleapis.com x-goog-quota-user=projects/tranzitti-90210
[debug] [2025-05-17T20:16:36.068Z] >>> [apiv2][query] GET https://serviceusage.googleapis.com/v1/projects/tranzitti-90210/services/cloudbuild.googleapis.com [none]
[debug] [2025-05-17T20:16:36.069Z] >>> [apiv2][(partial)header] GET https://serviceusage.googleapis.com/v1/projects/tranzitti-90210/services/cloudbuild.googleapis.com x-goog-quota-user=projects/tranzitti-90210
[debug] [2025-05-17T20:16:36.075Z] >>> [apiv2][query] GET https://serviceusage.googleapis.com/v1/projects/tranzitti-90210/services/artifactregistry.googleapis.com [none]
[debug] [2025-05-17T20:16:36.076Z] >>> [apiv2][(partial)header] GET https://serviceusage.googleapis.com/v1/projects/tranzitti-90210/services/artifactregistry.googleapis.com x-goog-quota-user=projects/tranzitti-90210
[debug] [2025-05-17T20:16:36.559Z] <<< [apiv2][status] GET https://serviceusage.googleapis.com/v1/projects/tranzitti-90210/services/cloudbuild.googleapis.com 200
[debug] [2025-05-17T20:16:36.559Z] <<< [apiv2][body] GET https://serviceusage.googleapis.com/v1/projects/tranzitti-90210/services/cloudbuild.googleapis.com [omitted]
[info] +  functions: required API cloudbuild.googleapis.com is enabled 
[debug] [2025-05-17T20:16:36.562Z] <<< [apiv2][status] GET https://serviceusage.googleapis.com/v1/projects/tranzitti-90210/services/cloudfunctions.googleapis.com 200
[debug] [2025-05-17T20:16:36.562Z] <<< [apiv2][body] GET https://serviceusage.googleapis.com/v1/projects/tranzitti-90210/services/cloudfunctions.googleapis.com [omitted]
[info] +  functions: required API cloudfunctions.googleapis.com is enabled 
[debug] [2025-05-17T20:16:36.564Z] <<< [apiv2][status] GET https://serviceusage.googleapis.com/v1/projects/tranzitti-90210/services/artifactregistry.googleapis.com 200
[debug] [2025-05-17T20:16:36.564Z] <<< [apiv2][body] GET https://serviceusage.googleapis.com/v1/projects/tranzitti-90210/services/artifactregistry.googleapis.com [omitted]
[info] +  artifactregistry: required API artifactregistry.googleapis.com is enabled 
[debug] [2025-05-17T20:16:36.705Z] <<< [apiv2][status] GET https://serviceusage.googleapis.com/v1/projects/tranzitti-90210/services/runtimeconfig.googleapis.com 200
[debug] [2025-05-17T20:16:36.706Z] <<< [apiv2][body] GET https://serviceusage.googleapis.com/v1/projects/tranzitti-90210/services/runtimeconfig.googleapis.com [omitted]
[debug] [2025-05-17T20:16:36.706Z] Checked if tokens are valid: true, expires at: 1747515418616
[debug] [2025-05-17T20:16:36.706Z] Checked if tokens are valid: true, expires at: 1747515418616
[debug] [2025-05-17T20:16:36.707Z] >>> [apiv2][query] GET https://firebase.googleapis.com/v1beta1/projects/tranzitti-90210/adminSdkConfig [none]
[debug] [2025-05-17T20:16:37.227Z] <<< [apiv2][status] GET https://firebase.googleapis.com/v1beta1/projects/tranzitti-90210/adminSdkConfig 200
[debug] [2025-05-17T20:16:37.228Z] <<< [apiv2][body] GET https://firebase.googleapis.com/v1beta1/projects/tranzitti-90210/adminSdkConfig {"projectId":"tranzitti-90210","storageBucket":"tranzitti-90210.firebasestorage.app"}
[debug] [2025-05-17T20:16:37.228Z] Checked if tokens are valid: true, expires at: 1747515418616
[debug] [2025-05-17T20:16:37.228Z] Checked if tokens are valid: true, expires at: 1747515418616
[debug] [2025-05-17T20:16:37.229Z] >>> [apiv2][query] GET https://runtimeconfig.googleapis.com/v1beta1/projects/tranzitti-90210/configs [none]
[debug] [2025-05-17T20:16:37.545Z] <<< [apiv2][status] GET https://runtimeconfig.googleapis.com/v1beta1/projects/tranzitti-90210/configs 200
[debug] [2025-05-17T20:16:37.545Z] <<< [apiv2][body] GET https://runtimeconfig.googleapis.com/v1beta1/projects/tranzitti-90210/configs {}
[debug] [2025-05-17T20:16:37.548Z] Validating nodejs source
[debug] [2025-05-17T20:16:38.714Z] > [functions] package.json contents: {
  "name": "functions",
  "scripts": {
    "lint": "eslint --ext .js,.ts .",
    "build": "tsc",
    "build:watch": "tsc --watch",
    "serve": "npm run build && firebase emulators:start --only functions",
    "shell": "npm run build && firebase functions:shell",
    "start": "npm run shell",
    "deploy": "firebase deploy --only functions",
    "logs": "firebase functions:log"
  },
  "engines": {
    "node": "22"
  },
  "main": "lib/index.js",
  "dependencies": {
    "firebase-admin": "^12.6.0",
    "firebase-functions": "^6.0.1"
  },
  "devDependencies": {
    "@typescript-eslint/eslint-plugin": "^5.12.0",
    "@typescript-eslint/parser": "^5.12.0",
    "eslint": "^8.9.0",
    "eslint-config-google": "^0.14.0",
    "eslint-plugin-import": "^2.25.4",
    "firebase-functions-test": "^3.1.0",
    "typescript": "^4.9.0"
  },
  "private": true
}
[debug] [2025-05-17T20:16:38.715Z] Building nodejs source
[info] i  functions: Loading and analyzing source code for codebase default to determine what to deploy 
[debug] [2025-05-17T20:16:38.717Z] Could not find functions.yaml. Must use http discovery
[debug] [2025-05-17T20:16:38.730Z] Found firebase-functions binary at 'C:\Users\mrsha\Desktop\Tranzit.ioNew\functions\node_modules\.bin\firebase-functions'
[info] Serving at port 8280

[debug] [2025-05-17T20:16:39.344Z] Got response from /__/functions.yaml {"endpoints":{"helloWorld":{"availableMemoryMb":null,"timeoutSeconds":null,"minInstances":null,"maxInstances":null,"ingressSettings":null,"concurrency":null,"serviceAccountEmail":null,"vpc":null,"platform":"gcfv2","labels":{},"callableTrigger":{},"entryPoint":"helloWorld"}},"specVersion":"v1alpha1","requiredAPIs":[],"extensions":{}}
[debug] [2025-05-17T20:16:43.396Z] Validating nodejs source
[debug] [2025-05-17T20:16:44.551Z] > [functions] package.json contents: {
  "name": "functions",
  "scripts": {
    "lint": "eslint --ext .js,.ts .",
    "build": "tsc",
    "build:watch": "tsc --watch",
    "serve": "npm run build && firebase emulators:start --only functions",
    "shell": "npm run build && firebase functions:shell",
    "start": "npm run shell",
    "deploy": "firebase deploy --only functions",
    "logs": "firebase functions:log"
  },
  "engines": {
    "node": "22"
  },
  "main": "lib/index.js",
  "dependencies": {
    "firebase-admin": "^12.7.0",
    "firebase-functions": "^6.3.2"
  },
  "devDependencies": {
    "@typescript-eslint/eslint-plugin": "^5.12.0",
    "@typescript-eslint/parser": "^5.12.0",
    "eslint": "^8.9.0",
    "eslint-config-google": "^0.14.0",
    "eslint-plugin-import": "^2.25.4",
    "firebase-functions-test": "^3.1.0",
    "typescript": "^4.9.0"
  },
  "private": true
}
[debug] [2025-05-17T20:16:44.552Z] Building nodejs source
[info] i  functions: Loading and analyzing source code for codebase auth-functions to determine what to deploy 
[debug] [2025-05-17T20:16:44.553Z] Could not find functions.yaml. Must use http discovery
[debug] [2025-05-17T20:16:44.562Z] Found firebase-functions binary at 'C:\Users\mrsha\Desktop\Tranzit.ioNew\auth-functions\node_modules\.bin\firebase-functions'
[info] Serving at port 8257

[debug] [2025-05-17T20:16:45.124Z] Got response from /__/functions.yaml {"endpoints":{"setUserRole":{"availableMemoryMb":null,"timeoutSeconds":null,"minInstances":null,"maxInstances":null,"ingressSettings":null,"concurrency":null,"serviceAccountEmail":null,"vpc":null,"platform":"gcfv2","labels":{},"callableTrigger":{},"entryPoint":"setUserRole"},"getUserRole":{"availableMemoryMb":null,"timeoutSeconds":null,"minInstances":null,"maxInstances":null,"ingressSettings":null,"concurrency":null,"serviceAccountEmail":null,"vpc":null,"platform":"gcfv2","labels":{},"callableTrigger":{},"entryPoint":"getUserRole"}},"specVersion":"v1alpha1","requiredAPIs":[],"extensions":{}}
[info] i  extensions: ensuring required API firebaseextensions.googleapis.com is enabled... 
[debug] [2025-05-17T20:16:49.175Z] Checked if tokens are valid: true, expires at: 1747515418616
[debug] [2025-05-17T20:16:49.175Z] Checked if tokens are valid: true, expires at: 1747515418616
[debug] [2025-05-17T20:16:49.176Z] >>> [apiv2][query] GET https://serviceusage.googleapis.com/v1/projects/tranzitti-90210/services/firebaseextensions.googleapis.com [none]
[debug] [2025-05-17T20:16:49.176Z] >>> [apiv2][(partial)header] GET https://serviceusage.googleapis.com/v1/projects/tranzitti-90210/services/firebaseextensions.googleapis.com x-goog-quota-user=projects/tranzitti-90210
[debug] [2025-05-17T20:16:49.675Z] <<< [apiv2][status] GET https://serviceusage.googleapis.com/v1/projects/tranzitti-90210/services/firebaseextensions.googleapis.com 200
[debug] [2025-05-17T20:16:49.675Z] <<< [apiv2][body] GET https://serviceusage.googleapis.com/v1/projects/tranzitti-90210/services/firebaseextensions.googleapis.com [omitted]
[info] +  extensions: required API firebaseextensions.googleapis.com is enabled 
[debug] [2025-05-17T20:16:49.676Z] > command requires scopes: ["email","openid","https://www.googleapis.com/auth/cloudplatformprojects.readonly","https://www.googleapis.com/auth/firebase","https://www.googleapis.com/auth/cloud-platform"]
[debug] [2025-05-17T20:16:49.676Z] > authorizing via signed-in user (srose@norwalkls.com)
[debug] [2025-05-17T20:16:49.676Z] [iam] checking project tranzitti-90210 for permissions ["firebase.projects.get","firebaseextensions.instances.list"]
[debug] [2025-05-17T20:16:49.677Z] Checked if tokens are valid: true, expires at: 1747515418616
[debug] [2025-05-17T20:16:49.677Z] Checked if tokens are valid: true, expires at: 1747515418616
[debug] [2025-05-17T20:16:49.677Z] >>> [apiv2][query] POST https://cloudresourcemanager.googleapis.com/v1/projects/tranzitti-90210:testIamPermissions [none]
[debug] [2025-05-17T20:16:49.677Z] >>> [apiv2][(partial)header] POST https://cloudresourcemanager.googleapis.com/v1/projects/tranzitti-90210:testIamPermissions x-goog-quota-user=projects/tranzitti-90210
[debug] [2025-05-17T20:16:49.677Z] >>> [apiv2][body] POST https://cloudresourcemanager.googleapis.com/v1/projects/tranzitti-90210:testIamPermissions {"permissions":["firebase.projects.get","firebaseextensions.instances.list"]}
[debug] [2025-05-17T20:16:50.045Z] <<< [apiv2][status] POST https://cloudresourcemanager.googleapis.com/v1/projects/tranzitti-90210:testIamPermissions 200
[debug] [2025-05-17T20:16:50.046Z] <<< [apiv2][body] POST https://cloudresourcemanager.googleapis.com/v1/projects/tranzitti-90210:testIamPermissions {"permissions":["firebase.projects.get","firebaseextensions.instances.list"]}
[debug] [2025-05-17T20:16:50.047Z] Checked if tokens are valid: true, expires at: 1747515418616
[debug] [2025-05-17T20:16:50.047Z] Checked if tokens are valid: true, expires at: 1747515418616
[debug] [2025-05-17T20:16:50.047Z] >>> [apiv2][query] GET https://firebaseextensions.googleapis.com/v1beta/projects/tranzitti-90210/instances pageSize=100&pageToken=
[debug] [2025-05-17T20:16:50.594Z] <<< [apiv2][status] GET https://firebaseextensions.googleapis.com/v1beta/projects/tranzitti-90210/instances 200
[debug] [2025-05-17T20:16:50.594Z] <<< [apiv2][body] GET https://firebaseextensions.googleapis.com/v1beta/projects/tranzitti-90210/instances {}
[info] i  functions: preparing functions directory for uploading... 
[info] i  functions: packaged C:\Users\mrsha\Desktop\Tranzit.ioNew\functions (87.8 KB) for uploading 
[info] i  functions: preparing auth-functions directory for uploading... 
[info] i  functions: packaged C:\Users\mrsha\Desktop\Tranzit.ioNew\auth-functions (92.48 KB) for uploading 
[debug] [2025-05-17T20:16:50.725Z] Checked if tokens are valid: true, expires at: 1747515418616
[debug] [2025-05-17T20:16:50.725Z] Checked if tokens are valid: true, expires at: 1747515418616
[debug] [2025-05-17T20:16:50.725Z] >>> [apiv2][query] GET https://cloudfunctions.googleapis.com/v1/projects/tranzitti-90210/locations/-/functions [none]
[debug] [2025-05-17T20:16:51.519Z] <<< [apiv2][status] GET https://cloudfunctions.googleapis.com/v1/projects/tranzitti-90210/locations/-/functions 200
[debug] [2025-05-17T20:16:51.519Z] <<< [apiv2][body] GET https://cloudfunctions.googleapis.com/v1/projects/tranzitti-90210/locations/-/functions {}
[debug] [2025-05-17T20:16:51.520Z] Checked if tokens are valid: true, expires at: 1747515418616
[debug] [2025-05-17T20:16:51.520Z] Checked if tokens are valid: true, expires at: 1747515418616
[debug] [2025-05-17T20:16:51.520Z] >>> [apiv2][query] GET https://cloudfunctions.googleapis.com/v2/projects/tranzitti-90210/locations/-/functions filter=environment%3D%22GEN_2%22
[debug] [2025-05-17T20:16:52.109Z] <<< [apiv2][status] GET https://cloudfunctions.googleapis.com/v2/projects/tranzitti-90210/locations/-/functions 200
[debug] [2025-05-17T20:16:52.109Z] <<< [apiv2][body] GET https://cloudfunctions.googleapis.com/v2/projects/tranzitti-90210/locations/-/functions {}
[info] i  functions: ensuring required API run.googleapis.com is enabled... 
[debug] [2025-05-17T20:16:52.113Z] Checked if tokens are valid: true, expires at: 1747515418616
[debug] [2025-05-17T20:16:52.113Z] Checked if tokens are valid: true, expires at: 1747515418616
[info] i  functions: ensuring required API eventarc.googleapis.com is enabled... 
[debug] [2025-05-17T20:16:52.114Z] Checked if tokens are valid: true, expires at: 1747515418616
[debug] [2025-05-17T20:16:52.114Z] Checked if tokens are valid: true, expires at: 1747515418616
[info] i  functions: ensuring required API pubsub.googleapis.com is enabled... 
[debug] [2025-05-17T20:16:52.115Z] Checked if tokens are valid: true, expires at: 1747515418616
[debug] [2025-05-17T20:16:52.115Z] Checked if tokens are valid: true, expires at: 1747515418616
[info] i  functions: ensuring required API storage.googleapis.com is enabled... 
[debug] [2025-05-17T20:16:52.115Z] Checked if tokens are valid: true, expires at: 1747515418616
[debug] [2025-05-17T20:16:52.115Z] Checked if tokens are valid: true, expires at: 1747515418616
[debug] [2025-05-17T20:16:52.115Z] >>> [apiv2][query] GET https://serviceusage.googleapis.com/v1/projects/243323136379/services/run.googleapis.com [none]
[debug] [2025-05-17T20:16:52.115Z] >>> [apiv2][(partial)header] GET https://serviceusage.googleapis.com/v1/projects/243323136379/services/run.googleapis.com x-goog-quota-user=projects/243323136379
[debug] [2025-05-17T20:16:52.116Z] >>> [apiv2][query] GET https://serviceusage.googleapis.com/v1/projects/243323136379/services/eventarc.googleapis.com [none]
[debug] [2025-05-17T20:16:52.116Z] >>> [apiv2][(partial)header] GET https://serviceusage.googleapis.com/v1/projects/243323136379/services/eventarc.googleapis.com x-goog-quota-user=projects/243323136379
[debug] [2025-05-17T20:16:52.118Z] >>> [apiv2][query] GET https://serviceusage.googleapis.com/v1/projects/243323136379/services/pubsub.googleapis.com [none]
[debug] [2025-05-17T20:16:52.119Z] >>> [apiv2][(partial)header] GET https://serviceusage.googleapis.com/v1/projects/243323136379/services/pubsub.googleapis.com x-goog-quota-user=projects/243323136379
[debug] [2025-05-17T20:16:52.122Z] >>> [apiv2][query] GET https://serviceusage.googleapis.com/v1/projects/243323136379/services/storage.googleapis.com [none]
[debug] [2025-05-17T20:16:52.122Z] >>> [apiv2][(partial)header] GET https://serviceusage.googleapis.com/v1/projects/243323136379/services/storage.googleapis.com x-goog-quota-user=projects/243323136379
[debug] [2025-05-17T20:16:52.574Z] <<< [apiv2][status] GET https://serviceusage.googleapis.com/v1/projects/243323136379/services/eventarc.googleapis.com 200
[debug] [2025-05-17T20:16:52.574Z] <<< [apiv2][body] GET https://serviceusage.googleapis.com/v1/projects/243323136379/services/eventarc.googleapis.com [omitted]
[info] +  functions: required API eventarc.googleapis.com is enabled 
[debug] [2025-05-17T20:16:52.606Z] <<< [apiv2][status] GET https://serviceusage.googleapis.com/v1/projects/243323136379/services/run.googleapis.com 200
[debug] [2025-05-17T20:16:52.606Z] <<< [apiv2][body] GET https://serviceusage.googleapis.com/v1/projects/243323136379/services/run.googleapis.com [omitted]
[info] +  functions: required API run.googleapis.com is enabled 
[debug] [2025-05-17T20:16:52.614Z] <<< [apiv2][status] GET https://serviceusage.googleapis.com/v1/projects/243323136379/services/storage.googleapis.com 200
[debug] [2025-05-17T20:16:52.614Z] <<< [apiv2][body] GET https://serviceusage.googleapis.com/v1/projects/243323136379/services/storage.googleapis.com [omitted]
[info] +  functions: required API storage.googleapis.com is enabled 
[debug] [2025-05-17T20:16:52.740Z] <<< [apiv2][status] GET https://serviceusage.googleapis.com/v1/projects/243323136379/services/pubsub.googleapis.com 200
[debug] [2025-05-17T20:16:52.741Z] <<< [apiv2][body] GET https://serviceusage.googleapis.com/v1/projects/243323136379/services/pubsub.googleapis.com [omitted]
[info] +  functions: required API pubsub.googleapis.com is enabled 
[info] i  functions: generating the service identity for pubsub.googleapis.com... 
[debug] [2025-05-17T20:16:52.743Z] Checked if tokens are valid: true, expires at: 1747515418616
[debug] [2025-05-17T20:16:52.743Z] Checked if tokens are valid: true, expires at: 1747515418616
[info] i  functions: generating the service identity for eventarc.googleapis.com... 
[debug] [2025-05-17T20:16:52.744Z] Checked if tokens are valid: true, expires at: 1747515418616
[debug] [2025-05-17T20:16:52.744Z] Checked if tokens are valid: true, expires at: 1747515418616
[debug] [2025-05-17T20:16:52.744Z] >>> [apiv2][query] POST https://serviceusage.googleapis.com/v1beta1/projects/243323136379/services/pubsub.googleapis.com:generateServiceIdentity [none]
[debug] [2025-05-17T20:16:52.744Z] >>> [apiv2][query] POST https://serviceusage.googleapis.com/v1beta1/projects/243323136379/services/eventarc.googleapis.com:generateServiceIdentity [none]
[debug] [2025-05-17T20:16:53.055Z] <<< [apiv2][status] POST https://serviceusage.googleapis.com/v1beta1/projects/243323136379/services/eventarc.googleapis.com:generateServiceIdentity 200
[debug] [2025-05-17T20:16:53.055Z] <<< [apiv2][body] POST https://serviceusage.googleapis.com/v1beta1/projects/243323136379/services/eventarc.googleapis.com:generateServiceIdentity {"name":"operations/finished.DONE_OPERATION","done":true,"response":{"@type":"type.googleapis.com/google.api.serviceusage.v1beta1.ServiceIdentity","email":"service-243323136379@gcp-sa-eventarc.iam.gserviceaccount.com","uniqueId":"114225264947352681424"}}
[debug] [2025-05-17T20:16:53.055Z] <<< [apiv2][status] POST https://serviceusage.googleapis.com/v1beta1/projects/243323136379/services/pubsub.googleapis.com:generateServiceIdentity 200
[debug] [2025-05-17T20:16:53.055Z] <<< [apiv2][body] POST https://serviceusage.googleapis.com/v1beta1/projects/243323136379/services/pubsub.googleapis.com:generateServiceIdentity {"name":"operations/finished.DONE_OPERATION","done":true,"response":{"@type":"type.googleapis.com/google.api.serviceusage.v1beta1.ServiceIdentity","email":"service-243323136379@gcp-sa-pubsub.iam.gserviceaccount.com","uniqueId":"114267368831450114871"}}
[debug] [2025-05-17T20:16:53.058Z] Checked if tokens are valid: true, expires at: 1747515418616
[debug] [2025-05-17T20:16:53.058Z] Checked if tokens are valid: true, expires at: 1747515418616
[debug] [2025-05-17T20:16:53.058Z] >>> [apiv2][query] GET https://serviceusage.googleapis.com/v1/projects/tranzitti-90210/services/cloudresourcemanager.googleapis.com [none]
[debug] [2025-05-17T20:16:53.059Z] >>> [apiv2][(partial)header] GET https://serviceusage.googleapis.com/v1/projects/tranzitti-90210/services/cloudresourcemanager.googleapis.com x-goog-quota-user=projects/tranzitti-90210
[debug] [2025-05-17T20:16:53.386Z] <<< [apiv2][status] GET https://serviceusage.googleapis.com/v1/projects/tranzitti-90210/services/cloudresourcemanager.googleapis.com 200
[debug] [2025-05-17T20:16:53.386Z] <<< [apiv2][body] GET https://serviceusage.googleapis.com/v1/projects/tranzitti-90210/services/cloudresourcemanager.googleapis.com [omitted]
[debug] [2025-05-17T20:16:53.387Z] Checked if tokens are valid: true, expires at: 1747515418616
[debug] [2025-05-17T20:16:53.387Z] Checked if tokens are valid: true, expires at: 1747515418616
[debug] [2025-05-17T20:16:53.387Z] >>> [apiv2][query] GET https://cloudresourcemanager.googleapis.com/v1/projects/tranzitti-90210 [none]
[debug] [2025-05-17T20:16:53.540Z] <<< [apiv2][status] GET https://cloudresourcemanager.googleapis.com/v1/projects/tranzitti-90210 200
[debug] [2025-05-17T20:16:53.540Z] <<< [apiv2][body] GET https://cloudresourcemanager.googleapis.com/v1/projects/tranzitti-90210 {"projectNumber":"243323136379","projectId":"tranzitti-90210","lifecycleState":"ACTIVE","name":"Tranzitti","labels":{"firebase":"enabled","firebase-core":"disabled"},"createTime":"2025-05-17T01:54:36.787915Z","parent":{"type":"organization","id":"439686569459"}}
[debug] [2025-05-17T20:16:53.541Z] Checked if tokens are valid: true, expires at: 1747515418616
[debug] [2025-05-17T20:16:53.541Z] Checked if tokens are valid: true, expires at: 1747515418616
[debug] [2025-05-17T20:16:53.541Z] >>> [apiv2][query] GET https://compute.googleapis.com/compute/v1/projects/243323136379 [none]
[debug] [2025-05-17T20:16:53.790Z] <<< [apiv2][status] GET https://compute.googleapis.com/compute/v1/projects/243323136379 403
[debug] [2025-05-17T20:16:53.791Z] <<< [apiv2][body] GET https://compute.googleapis.com/compute/v1/projects/243323136379 {"error":{"code":403,"message":"Compute Engine API has not been used in project 243323136379 before or it is disabled. Enable it by visiting https://console.developers.google.com/apis/api/compute.googleapis.com/overview?project=243323136379 then retry. If you enabled this API recently, wait a few minutes for the action to propagate to our systems and retry.","errors":[{"message":"Compute Engine API has not been used in project 243323136379 before or it is disabled. Enable it by visiting https://console.developers.google.com/apis/api/compute.googleapis.com/overview?project=243323136379 then retry. If you enabled this API recently, wait a few minutes for the action to propagate to our systems and retry.","domain":"usageLimits","reason":"accessNotConfigured","extendedHelp":"https://console.developers.google.com"}],"status":"PERMISSION_DENIED","details":[{"@type":"type.googleapis.com/google.rpc.ErrorInfo","reason":"SERVICE_DISABLED","domain":"googleapis.com","metadata":{"activationUrl":"https://console.developers.google.com/apis/api/compute.googleapis.com/overview?project=243323136379","consumer":"projects/243323136379","service":"compute.googleapis.com","containerInfo":"243323136379","serviceTitle":"Compute Engine API"}},{"@type":"type.googleapis.com/google.rpc.LocalizedMessage","locale":"en-US","message":"Compute Engine API has not been used in project 243323136379 before or it is disabled. Enable it by visiting https://console.developers.google.com/apis/api/compute.googleapis.com/overview?project=243323136379 then retry. If you enabled this API recently, wait a few minutes for the action to propagate to our systems and retry."},{"@type":"type.googleapis.com/google.rpc.Help","links":[{"description":"Google developers console API activation","url":"https://console.developers.google.com/apis/api/compute.googleapis.com/overview?project=243323136379"}]}]}}
[debug] [2025-05-17T20:16:53.791Z] unable to look up default compute service account. Falling back to 243323136379-compute@developer.gserviceaccount.com. Error: {"name":"FirebaseError","children":[],"context":{"body":{"error":{"code":403,"message":"Compute Engine API has not been used in project 243323136379 before or it is disabled. Enable it by visiting https://console.developers.google.com/apis/api/compute.googleapis.com/overview?project=243323136379 then retry. If you enabled this API recently, wait a few minutes for the action to propagate to our systems and retry.","errors":[{"message":"Compute Engine API has not been used in project 243323136379 before or it is disabled. Enable it by visiting https://console.developers.google.com/apis/api/compute.googleapis.com/overview?project=243323136379 then retry. If you enabled this API recently, wait a few minutes for the action to propagate to our systems and retry.","domain":"usageLimits","reason":"accessNotConfigured","extendedHelp":"https://console.developers.google.com"}],"status":"PERMISSION_DENIED","details":[{"@type":"type.googleapis.com/google.rpc.ErrorInfo","reason":"SERVICE_DISABLED","domain":"googleapis.com","metadata":{"activationUrl":"https://console.developers.google.com/apis/api/compute.googleapis.com/overview?project=243323136379","consumer":"projects/243323136379","service":"compute.googleapis.com","containerInfo":"243323136379","serviceTitle":"Compute Engine API"}},{"@type":"type.googleapis.com/google.rpc.LocalizedMessage","locale":"en-US","message":"Compute Engine API has not been used in project 243323136379 before or it is disabled. Enable it by visiting https://console.developers.google.com/apis/api/compute.googleapis.com/overview?project=243323136379 then retry. If you enabled this API recently, wait a few minutes for the action to propagate to our systems and retry."},{"@type":"type.googleapis.com/google.rpc.Help","links":[{"description":"Google developers console API activation","url":"https://console.developers.google.com/apis/api/compute.googleapis.com/overview?project=243323136379"}]}]}},"response":{"statusCode":403}},"exit":1,"message":"Request to https://compute.googleapis.com/compute/v1/projects/243323136379 had HTTP Error: 403, Compute Engine API has not been used in project 243323136379 before or it is disabled. Enable it by visiting https://console.developers.google.com/apis/api/compute.googleapis.com/overview?project=243323136379 then retry. If you enabled this API recently, wait a few minutes for the action to propagate to our systems and retry.","status":403}
[debug] [2025-05-17T20:16:53.792Z] Checked if tokens are valid: true, expires at: 1747515418616
[debug] [2025-05-17T20:16:53.792Z] Checked if tokens are valid: true, expires at: 1747515418616
[debug] [2025-05-17T20:16:53.792Z] >>> [apiv2][query] GET https://compute.googleapis.com/compute/v1/projects/243323136379 [none]
[debug] [2025-05-17T20:16:53.876Z] <<< [apiv2][status] GET https://compute.googleapis.com/compute/v1/projects/243323136379 403
[debug] [2025-05-17T20:16:53.877Z] <<< [apiv2][body] GET https://compute.googleapis.com/compute/v1/projects/243323136379 {"error":{"code":403,"message":"Compute Engine API has not been used in project 243323136379 before or it is disabled. Enable it by visiting https://console.developers.google.com/apis/api/compute.googleapis.com/overview?project=243323136379 then retry. If you enabled this API recently, wait a few minutes for the action to propagate to our systems and retry.","errors":[{"message":"Compute Engine API has not been used in project 243323136379 before or it is disabled. Enable it by visiting https://console.developers.google.com/apis/api/compute.googleapis.com/overview?project=243323136379 then retry. If you enabled this API recently, wait a few minutes for the action to propagate to our systems and retry.","domain":"usageLimits","reason":"accessNotConfigured","extendedHelp":"https://console.developers.google.com"}],"status":"PERMISSION_DENIED","details":[{"@type":"type.googleapis.com/google.rpc.ErrorInfo","reason":"SERVICE_DISABLED","domain":"googleapis.com","metadata":{"service":"compute.googleapis.com","containerInfo":"243323136379","activationUrl":"https://console.developers.google.com/apis/api/compute.googleapis.com/overview?project=243323136379","serviceTitle":"Compute Engine API","consumer":"projects/243323136379"}},{"@type":"type.googleapis.com/google.rpc.LocalizedMessage","locale":"en-US","message":"Compute Engine API has not been used in project 243323136379 before or it is disabled. Enable it by visiting https://console.developers.google.com/apis/api/compute.googleapis.com/overview?project=243323136379 then retry. If you enabled this API recently, wait a few minutes for the action to propagate to our systems and retry."},{"@type":"type.googleapis.com/google.rpc.Help","links":[{"description":"Google developers console API activation","url":"https://console.developers.google.com/apis/api/compute.googleapis.com/overview?project=243323136379"}]}]}}
[debug] [2025-05-17T20:16:53.877Z] unable to look up default compute service account. Falling back to 243323136379-compute@developer.gserviceaccount.com. Error: {"name":"FirebaseError","children":[],"context":{"body":{"error":{"code":403,"message":"Compute Engine API has not been used in project 243323136379 before or it is disabled. Enable it by visiting https://console.developers.google.com/apis/api/compute.googleapis.com/overview?project=243323136379 then retry. If you enabled this API recently, wait a few minutes for the action to propagate to our systems and retry.","errors":[{"message":"Compute Engine API has not been used in project 243323136379 before or it is disabled. Enable it by visiting https://console.developers.google.com/apis/api/compute.googleapis.com/overview?project=243323136379 then retry. If you enabled this API recently, wait a few minutes for the action to propagate to our systems and retry.","domain":"usageLimits","reason":"accessNotConfigured","extendedHelp":"https://console.developers.google.com"}],"status":"PERMISSION_DENIED","details":[{"@type":"type.googleapis.com/google.rpc.ErrorInfo","reason":"SERVICE_DISABLED","domain":"googleapis.com","metadata":{"service":"compute.googleapis.com","containerInfo":"243323136379","activationUrl":"https://console.developers.google.com/apis/api/compute.googleapis.com/overview?project=243323136379","serviceTitle":"Compute Engine API","consumer":"projects/243323136379"}},{"@type":"type.googleapis.com/google.rpc.LocalizedMessage","locale":"en-US","message":"Compute Engine API has not been used in project 243323136379 before or it is disabled. Enable it by visiting https://console.developers.google.com/apis/api/compute.googleapis.com/overview?project=243323136379 then retry. If you enabled this API recently, wait a few minutes for the action to propagate to our systems and retry."},{"@type":"type.googleapis.com/google.rpc.Help","links":[{"description":"Google developers console API activation","url":"https://console.developers.google.com/apis/api/compute.googleapis.com/overview?project=243323136379"}]}]}},"response":{"statusCode":403}},"exit":1,"message":"Request to https://compute.googleapis.com/compute/v1/projects/243323136379 had HTTP Error: 403, Compute Engine API has not been used in project 243323136379 before or it is disabled. Enable it by visiting https://console.developers.google.com/apis/api/compute.googleapis.com/overview?project=243323136379 then retry. If you enabled this API recently, wait a few minutes for the action to propagate to our systems and retry.","status":403}
[debug] [2025-05-17T20:16:53.877Z] Checked if tokens are valid: true, expires at: 1747515418616
[debug] [2025-05-17T20:16:53.877Z] Checked if tokens are valid: true, expires at: 1747515418616
[debug] [2025-05-17T20:16:53.877Z] >>> [apiv2][query] GET https://compute.googleapis.com/compute/v1/projects/243323136379 [none]
[debug] [2025-05-17T20:16:53.977Z] <<< [apiv2][status] GET https://compute.googleapis.com/compute/v1/projects/243323136379 403
[debug] [2025-05-17T20:16:53.978Z] <<< [apiv2][body] GET https://compute.googleapis.com/compute/v1/projects/243323136379 {"error":{"code":403,"message":"Compute Engine API has not been used in project 243323136379 before or it is disabled. Enable it by visiting https://console.developers.google.com/apis/api/compute.googleapis.com/overview?project=243323136379 then retry. If you enabled this API recently, wait a few minutes for the action to propagate to our systems and retry.","errors":[{"message":"Compute Engine API has not been used in project 243323136379 before or it is disabled. Enable it by visiting https://console.developers.google.com/apis/api/compute.googleapis.com/overview?project=243323136379 then retry. If you enabled this API recently, wait a few minutes for the action to propagate to our systems and retry.","domain":"usageLimits","reason":"accessNotConfigured","extendedHelp":"https://console.developers.google.com"}],"status":"PERMISSION_DENIED","details":[{"@type":"type.googleapis.com/google.rpc.ErrorInfo","reason":"SERVICE_DISABLED","domain":"googleapis.com","metadata":{"activationUrl":"https://console.developers.google.com/apis/api/compute.googleapis.com/overview?project=243323136379","serviceTitle":"Compute Engine API","service":"compute.googleapis.com","consumer":"projects/243323136379","containerInfo":"243323136379"}},{"@type":"type.googleapis.com/google.rpc.LocalizedMessage","locale":"en-US","message":"Compute Engine API has not been used in project 243323136379 before or it is disabled. Enable it by visiting https://console.developers.google.com/apis/api/compute.googleapis.com/overview?project=243323136379 then retry. If you enabled this API recently, wait a few minutes for the action to propagate to our systems and retry."},{"@type":"type.googleapis.com/google.rpc.Help","links":[{"description":"Google developers console API activation","url":"https://console.developers.google.com/apis/api/compute.googleapis.com/overview?project=243323136379"}]}]}}
[debug] [2025-05-17T20:16:53.978Z] unable to look up default compute service account. Falling back to 243323136379-compute@developer.gserviceaccount.com. Error: {"name":"FirebaseError","children":[],"context":{"body":{"error":{"code":403,"message":"Compute Engine API has not been used in project 243323136379 before or it is disabled. Enable it by visiting https://console.developers.google.com/apis/api/compute.googleapis.com/overview?project=243323136379 then retry. If you enabled this API recently, wait a few minutes for the action to propagate to our systems and retry.","errors":[{"message":"Compute Engine API has not been used in project 243323136379 before or it is disabled. Enable it by visiting https://console.developers.google.com/apis/api/compute.googleapis.com/overview?project=243323136379 then retry. If you enabled this API recently, wait a few minutes for the action to propagate to our systems and retry.","domain":"usageLimits","reason":"accessNotConfigured","extendedHelp":"https://console.developers.google.com"}],"status":"PERMISSION_DENIED","details":[{"@type":"type.googleapis.com/google.rpc.ErrorInfo","reason":"SERVICE_DISABLED","domain":"googleapis.com","metadata":{"activationUrl":"https://console.developers.google.com/apis/api/compute.googleapis.com/overview?project=243323136379","serviceTitle":"Compute Engine API","service":"compute.googleapis.com","consumer":"projects/243323136379","containerInfo":"243323136379"}},{"@type":"type.googleapis.com/google.rpc.LocalizedMessage","locale":"en-US","message":"Compute Engine API has not been used in project 243323136379 before or it is disabled. Enable it by visiting https://console.developers.google.com/apis/api/compute.googleapis.com/overview?project=243323136379 then retry. If you enabled this API recently, wait a few minutes for the action to propagate to our systems and retry."},{"@type":"type.googleapis.com/google.rpc.Help","links":[{"description":"Google developers console API activation","url":"https://console.developers.google.com/apis/api/compute.googleapis.com/overview?project=243323136379"}]}]}},"response":{"statusCode":403}},"exit":1,"message":"Request to https://compute.googleapis.com/compute/v1/projects/243323136379 had HTTP Error: 403, Compute Engine API has not been used in project 243323136379 before or it is disabled. Enable it by visiting https://console.developers.google.com/apis/api/compute.googleapis.com/overview?project=243323136379 then retry. If you enabled this API recently, wait a few minutes for the action to propagate to our systems and retry.","status":403}
[debug] [2025-05-17T20:16:53.983Z] Checked if tokens are valid: true, expires at: 1747515418616
[debug] [2025-05-17T20:16:53.983Z] Checked if tokens are valid: true, expires at: 1747515418616
[debug] [2025-05-17T20:16:53.984Z] >>> [apiv2][query] POST https://firebasehosting.googleapis.com/v1beta1/projects/-/sites/tranzitti-90210/versions [none]
[debug] [2025-05-17T20:16:53.984Z] >>> [apiv2][body] POST https://firebasehosting.googleapis.com/v1beta1/projects/-/sites/tranzitti-90210/versions {"status":"CREATED","labels":{"deployment-tool":"cli-firebase"}}
[debug] [2025-05-17T20:16:54.767Z] <<< [apiv2][status] POST https://firebasehosting.googleapis.com/v1beta1/projects/-/sites/tranzitti-90210/versions 200
[debug] [2025-05-17T20:16:54.768Z] <<< [apiv2][body] POST https://firebasehosting.googleapis.com/v1beta1/projects/-/sites/tranzitti-90210/versions {"name":"projects/243323136379/sites/tranzitti-90210/versions/27f11f34c5943e4c","status":"CREATED","config":{},"labels":{"deployment-tool":"cli-firebase"}}
[debug] [2025-05-17T20:16:54.769Z] Checked if tokens are valid: true, expires at: 1747515418616
[debug] [2025-05-17T20:16:54.769Z] Checked if tokens are valid: true, expires at: 1747515418616
[debug] [2025-05-17T20:16:54.770Z] >>> [apiv2][query] GET https://firebaserules.googleapis.com/v1/projects/tranzitti-90210/releases pageSize=10&pageToken=
[debug] [2025-05-17T20:16:55.056Z] <<< [apiv2][status] GET https://firebaserules.googleapis.com/v1/projects/tranzitti-90210/releases 200
[debug] [2025-05-17T20:16:55.056Z] <<< [apiv2][body] GET https://firebaserules.googleapis.com/v1/projects/tranzitti-90210/releases {"releases":[{"name":"projects/tranzitti-90210/releases/cloud.firestore","rulesetName":"projects/tranzitti-90210/rulesets/67e42ada-a8a2-45cc-987a-f88ff4a72f18","createTime":"2025-05-17T20:15:59.776742Z","updateTime":"2025-05-17T20:15:59.776742Z"},{"name":"projects/tranzitti-90210/releases/firebase.storage/tranzitti-90210.firebasestorage.app","rulesetName":"projects/tranzitti-90210/rulesets/e5d56d1a-d1e9-4db4-92a9-3816c92a5622","createTime":"2025-05-17T20:01:06.822804Z","updateTime":"2025-05-17T20:01:06.822804Z"}]}
[debug] [2025-05-17T20:16:55.078Z] Checked if tokens are valid: true, expires at: 1747515418616
[debug] [2025-05-17T20:16:55.078Z] Checked if tokens are valid: true, expires at: 1747515418616
[debug] [2025-05-17T20:16:55.078Z] >>> [apiv2][query] GET https://firebaserules.googleapis.com/v1/projects/tranzitti-90210/rulesets/e5d56d1a-d1e9-4db4-92a9-3816c92a5622 [none]
[debug] [2025-05-17T20:16:55.348Z] <<< [apiv2][status] GET https://firebaserules.googleapis.com/v1/projects/tranzitti-90210/rulesets/e5d56d1a-d1e9-4db4-92a9-3816c92a5622 200
[debug] [2025-05-17T20:16:55.348Z] <<< [apiv2][body] GET https://firebaserules.googleapis.com/v1/projects/tranzitti-90210/rulesets/e5d56d1a-d1e9-4db4-92a9-3816c92a5622 [omitted]
[info] i  storage: uploading rules storage.rules... 
[debug] [2025-05-17T20:16:55.351Z] Checked if tokens are valid: true, expires at: 1747515418616
[debug] [2025-05-17T20:16:55.352Z] Checked if tokens are valid: true, expires at: 1747515418616
[debug] [2025-05-17T20:16:55.352Z] >>> [apiv2][query] POST https://firebaserules.googleapis.com/v1/projects/tranzitti-90210/rulesets [none]
[debug] [2025-05-17T20:16:55.352Z] >>> [apiv2][body] POST https://firebaserules.googleapis.com/v1/projects/tranzitti-90210/rulesets [omitted]
[debug] [2025-05-17T20:16:55.747Z] <<< [apiv2][status] POST https://firebaserules.googleapis.com/v1/projects/tranzitti-90210/rulesets 200
[debug] [2025-05-17T20:16:55.748Z] <<< [apiv2][body] POST https://firebaserules.googleapis.com/v1/projects/tranzitti-90210/rulesets {"name":"projects/tranzitti-90210/rulesets/d9e985ef-2940-49a3-97d5-c4b142b25f61","source":{"files":[{"content":"rules_version = '2';\r\n\r\nservice firebase.storage {\r\n  match /b/{bucket}/o {\r\n    // Helper function to check if user is authenticated\r\n    function isAuthenticated() {\r\n      return request.auth != null;\r\n    }\r\n\r\n    // Helper function to check if user is accessing their own files\r\n    function isOwner(userId) {\r\n      return isAuthenticated() && request.auth.uid == userId;\r\n    }\r\n\r\n    // User profile images\r\n    match /users/{userId}/profile/{fileName} {\r\n      allow read: if isAuthenticated();\r\n      allow write: if isOwner(userId) \r\n        && request.resource.size < 5 * 1024 * 1024 // 5MB\r\n        && request.resource.contentType.matches('image/.*');\r\n    }\r\n\r\n    // Load documents and images\r\n    match /loads/{loadId}/{fileName} {\r\n      allow read: if isAuthenticated();\r\n      allow create: if isAuthenticated()\r\n        && request.resource.size < 15 * 1024 * 1024 // 15MB\r\n        && (\r\n          request.resource.contentType.matches('image/.*') ||\r\n          request.resource.contentType.matches('application/pdf')\r\n        );\r\n      allow delete: if isAuthenticated() && \r\n        request.auth.uid == resource.metadata.uploaderId;\r\n    }\r\n\r\n    // Default deny\r\n    match /{allPaths=**} {\r\n      allow read, write: if false;\r\n    }\r\n  }\r\n} ","name":"storage.rules"}]},"createTime":"2025-05-17T20:16:55.686623Z","metadata":{"services":["firebase.storage"]}}
[debug] [2025-05-17T20:16:55.748Z] [rules] created ruleset projects/tranzitti-90210/rulesets/d9e985ef-2940-49a3-97d5-c4b142b25f61
[debug] [2025-05-17T20:16:55.748Z] Checked if tokens are valid: true, expires at: 1747515418616
[debug] [2025-05-17T20:16:55.748Z] Checked if tokens are valid: true, expires at: 1747515418616
[info] i  firestore: deploying indexes... 
[debug] [2025-05-17T20:16:55.750Z] Checked if tokens are valid: true, expires at: 1747515418616
[debug] [2025-05-17T20:16:55.750Z] Checked if tokens are valid: true, expires at: 1747515418616
[debug] [2025-05-17T20:16:55.751Z] >>> [apiv2][query] GET https://firebaserules.googleapis.com/v1/projects/tranzitti-90210/releases pageSize=10&pageToken=
[debug] [2025-05-17T20:16:55.751Z] >>> [apiv2][query] GET https://firestore.googleapis.com/v1/projects/tranzitti-90210/databases/(default)/collectionGroups/-/indexes [none]
[debug] [2025-05-17T20:16:55.945Z] <<< [apiv2][status] GET https://firebaserules.googleapis.com/v1/projects/tranzitti-90210/releases 200
[debug] [2025-05-17T20:16:55.945Z] <<< [apiv2][body] GET https://firebaserules.googleapis.com/v1/projects/tranzitti-90210/releases {"releases":[{"name":"projects/tranzitti-90210/releases/cloud.firestore","rulesetName":"projects/tranzitti-90210/rulesets/67e42ada-a8a2-45cc-987a-f88ff4a72f18","createTime":"2025-05-17T20:15:59.776742Z","updateTime":"2025-05-17T20:15:59.776742Z"},{"name":"projects/tranzitti-90210/releases/firebase.storage/tranzitti-90210.firebasestorage.app","rulesetName":"projects/tranzitti-90210/rulesets/e5d56d1a-d1e9-4db4-92a9-3816c92a5622","createTime":"2025-05-17T20:01:06.822804Z","updateTime":"2025-05-17T20:01:06.822804Z"}]}
[debug] [2025-05-17T20:16:55.945Z] Checked if tokens are valid: true, expires at: 1747515418616
[debug] [2025-05-17T20:16:55.945Z] Checked if tokens are valid: true, expires at: 1747515418616
[debug] [2025-05-17T20:16:55.945Z] >>> [apiv2][query] GET https://firebaserules.googleapis.com/v1/projects/tranzitti-90210/rulesets/67e42ada-a8a2-45cc-987a-f88ff4a72f18 [none]
[debug] [2025-05-17T20:16:56.128Z] <<< [apiv2][status] GET https://firebaserules.googleapis.com/v1/projects/tranzitti-90210/rulesets/67e42ada-a8a2-45cc-987a-f88ff4a72f18 200
[debug] [2025-05-17T20:16:56.128Z] <<< [apiv2][body] GET https://firebaserules.googleapis.com/v1/projects/tranzitti-90210/rulesets/67e42ada-a8a2-45cc-987a-f88ff4a72f18 [omitted]
[info] i  firestore: uploading rules firestore.rules... 
[debug] [2025-05-17T20:16:56.129Z] Checked if tokens are valid: true, expires at: 1747515418616
[debug] [2025-05-17T20:16:56.129Z] Checked if tokens are valid: true, expires at: 1747515418616
[debug] [2025-05-17T20:16:56.130Z] >>> [apiv2][query] POST https://firebaserules.googleapis.com/v1/projects/tranzitti-90210/rulesets [none]
[debug] [2025-05-17T20:16:56.130Z] >>> [apiv2][body] POST https://firebaserules.googleapis.com/v1/projects/tranzitti-90210/rulesets [omitted]
[debug] [2025-05-17T20:16:56.355Z] <<< [apiv2][status] GET https://firestore.googleapis.com/v1/projects/tranzitti-90210/databases/(default)/collectionGroups/-/indexes 200
[debug] [2025-05-17T20:16:56.355Z] <<< [apiv2][body] GET https://firestore.googleapis.com/v1/projects/tranzitti-90210/databases/(default)/collectionGroups/-/indexes {}
[debug] [2025-05-17T20:16:56.356Z] Checked if tokens are valid: true, expires at: 1747515418616
[debug] [2025-05-17T20:16:56.356Z] Checked if tokens are valid: true, expires at: 1747515418616
[debug] [2025-05-17T20:16:56.356Z] >>> [apiv2][query] GET https://firestore.googleapis.com/v1/projects/tranzitti-90210/databases/(default)/collectionGroups/-/fields?filter=indexConfig.usesAncestorConfig=false OR ttlConfig:* [none]
[debug] [2025-05-17T20:16:56.488Z] <<< [apiv2][status] POST https://firebaserules.googleapis.com/v1/projects/tranzitti-90210/rulesets 200
[debug] [2025-05-17T20:16:56.489Z] <<< [apiv2][body] POST https://firebaserules.googleapis.com/v1/projects/tranzitti-90210/rulesets {"name":"projects/tranzitti-90210/rulesets/f193740d-d456-4924-b05f-153a1b1f4281","source":{"files":[{"content":"rules_version = '2';\r\n\r\nservice cloud.firestore {\r\n  match /databases/{database}/documents {\r\n    // Helper function to check if user is authenticated\r\n    function isAuthenticated() {\r\n      return request.auth != null;\r\n    }\r\n\r\n    // Helper function to check if user is accessing their own data\r\n    function isOwner(userId) {\r\n      return isAuthenticated() && request.auth.uid == userId;\r\n    }\r\n\r\n    // Locations collection\r\n    match /locations/{userId} {\r\n      allow read: if isAuthenticated();\r\n      allow write: if isOwner(userId);\r\n    }\r\n\r\n    // Shipments collection\r\n    match /shipments/{shipmentId} {\r\n      allow read: if isAuthenticated();\r\n      allow create: if isAuthenticated();\r\n      allow update, delete: if isAuthenticated() && \r\n        resource.data.shipperId == request.auth.uid;\r\n    }\r\n\r\n    // Metrics collection\r\n    match /metrics/{userId} {\r\n      allow read: if isAuthenticated();\r\n      allow write: if isOwner(userId);\r\n    }\r\n\r\n    // User profiles and their subcollections\r\n    match /users/{userId} {\r\n      allow read: if isAuthenticated();\r\n      allow write: if isOwner(userId);\r\n      \r\n      // Partners subcollection (open to all authenticated users)\r\n      match /partners/{partnerId} {\r\n        allow read, create, update, delete: if isAuthenticated();\r\n      }\r\n    }\r\n\r\n    // Carriers collection\r\n    match /carriers/{carrierId} {\r\n      allow read: if isAuthenticated();\r\n      allow create: if isAuthenticated();\r\n      allow update, delete: if isAuthenticated() && \r\n        resource.data.userId == request.auth.uid;\r\n    }\r\n\r\n    // Carrier metrics collection\r\n    match /carrier_metrics/{carrierId} {\r\n      allow read: if isAuthenticated();\r\n      allow write: if isAuthenticated() && \r\n        exists(/databases/$(database)/documents/carriers/$(carrierId)) &&\r\n        get(/databases/$(database)/documents/carriers/$(carrierId)).data.userId == request.auth.uid;\r\n    }\r\n\r\n    // Posts\r\n    match /posts/{postId} {\r\n      allow read: if isAuthenticated();\r\n      allow create: if isAuthenticated();\r\n      allow update, delete: if isAuthenticated() && \r\n        resource.data.authorId == request.auth.uid;\r\n    }\r\n\r\n    // Comments\r\n    match /comments/{commentId} {\r\n      allow read: if isAuthenticated();\r\n      allow create: if isAuthenticated();\r\n      allow update, delete: if isAuthenticated() && \r\n        resource.data.authorId == request.auth.uid;\r\n    }\r\n\r\n    // Default deny\r\n    match /{document=**} {\r\n      allow read, write: if false;\r\n    }\r\n  }\r\n} ","name":"firestore.rules"}]},"createTime":"2025-05-17T20:16:56.417007Z","metadata":{"services":["cloud.firestore"]}}
[debug] [2025-05-17T20:16:56.489Z] [rules] created ruleset projects/tranzitti-90210/rulesets/f193740d-d456-4924-b05f-153a1b1f4281
[debug] [2025-05-17T20:16:56.843Z] <<< [apiv2][status] GET https://firestore.googleapis.com/v1/projects/tranzitti-90210/databases/(default)/collectionGroups/-/fields?filter=indexConfig.usesAncestorConfig=false OR ttlConfig:* 200
[debug] [2025-05-17T20:16:56.843Z] <<< [apiv2][body] GET https://firestore.googleapis.com/v1/projects/tranzitti-90210/databases/(default)/collectionGroups/-/fields?filter=indexConfig.usesAncestorConfig=false OR ttlConfig:* {"fields":[{"name":"projects/tranzitti-90210/databases/(default)/collectionGroups/__default__/fields/*","indexConfig":{"indexes":[{"queryScope":"COLLECTION","fields":[{"fieldPath":"*","order":"ASCENDING"}],"state":"READY"},{"queryScope":"COLLECTION","fields":[{"fieldPath":"*","order":"DESCENDING"}],"state":"READY"},{"queryScope":"COLLECTION","fields":[{"fieldPath":"*","arrayConfig":"CONTAINS"}],"state":"READY"}]}}]}
[info] +  firestore: deployed indexes in firestore.indexes.json successfully for (default) database 
[debug] [2025-05-17T20:16:56.845Z] Checked if tokens are valid: true, expires at: 1747515418616
[debug] [2025-05-17T20:16:56.845Z] Checked if tokens are valid: true, expires at: 1747515418616
[debug] [2025-05-17T20:16:56.845Z] >>> [apiv2][query] GET https://cloudbilling.googleapis.com/v1/projects/tranzitti-90210/billingInfo [none]
[debug] [2025-05-17T20:16:57.315Z] <<< [apiv2][status] GET https://cloudbilling.googleapis.com/v1/projects/tranzitti-90210/billingInfo 200
[debug] [2025-05-17T20:16:57.315Z] <<< [apiv2][body] GET https://cloudbilling.googleapis.com/v1/projects/tranzitti-90210/billingInfo {"name":"projects/tranzitti-90210/billingInfo","projectId":"tranzitti-90210","billingAccountName":"billingAccounts/0114C6-7CDE84-227FD4","billingEnabled":true}
[debug] [2025-05-17T20:16:57.317Z] Checked if tokens are valid: true, expires at: 1747515418616
[debug] [2025-05-17T20:16:57.317Z] Checked if tokens are valid: true, expires at: 1747515418616
[debug] [2025-05-17T20:16:57.317Z] Checked if tokens are valid: true, expires at: 1747515418616
[debug] [2025-05-17T20:16:57.317Z] Checked if tokens are valid: true, expires at: 1747515418616
[debug] [2025-05-17T20:16:57.317Z] >>> [apiv2][query] POST https://cloudfunctions.googleapis.com/v2/projects/tranzitti-90210/locations/us-central1/functions:generateUploadUrl [none]
[debug] [2025-05-17T20:16:57.320Z] >>> [apiv2][query] POST https://cloudfunctions.googleapis.com/v2/projects/tranzitti-90210/locations/us-central1/functions:generateUploadUrl [none]
[debug] [2025-05-17T20:16:59.384Z] <<< [apiv2][status] POST https://cloudfunctions.googleapis.com/v2/projects/tranzitti-90210/locations/us-central1/functions:generateUploadUrl 200
[debug] [2025-05-17T20:16:59.384Z] <<< [apiv2][body] POST https://cloudfunctions.googleapis.com/v2/projects/tranzitti-90210/locations/us-central1/functions:generateUploadUrl {"uploadUrl":"https://storage.googleapis.com/gcf-v2-uploads-243323136379.us-central1.cloudfunctions.appspot.com/4472b3d4-6235-4fe6-8d35-4b9fbf2b8d12.zip?GoogleAccessId=service-243323136379@gcf-admin-robot.iam.gserviceaccount.com&Expires=1747514819&Signature=Ie57jxUBvNYsW559CW9IDfLtyMgnD%2FeTyiwWIE%2BfYOpWGdAtykxpPalsC1p5Za%2Bya0IdrpCzYIRVKfZ795NtuEDNSr8e3aKrVRzOJFQ%2BBuJEj4y7jePFEQo%2FEBlQfGaBhpEP2XMCVs6Nl3TVDkj76YUUN%2BCHV3%2FJkg5AQMBG0dFR%2FTgZjBdAWtmzrinUU1YuNQZ6GOmGgHcUjgqTWczgnhi%2FAVIDOMl8ZRk8iR6dazvnQtIvWHXccJKKUABByAtiKZqV9kSig%2FGOuoGgzibBdGXTLjeWnKA4uQ5zPRTnBVEpxvJWD84egplQuxyo4TwrQramtNN1GKt2nhSfwSnhBQ%3D%3D","storageSource":{"bucket":"gcf-v2-uploads-243323136379.us-central1.cloudfunctions.appspot.com","object":"4472b3d4-6235-4fe6-8d35-4b9fbf2b8d12.zip"}}
[debug] [2025-05-17T20:16:59.386Z] >>> [apiv2][query] PUT https://storage.googleapis.com/gcf-v2-uploads-243323136379.us-central1.cloudfunctions.appspot.com/4472b3d4-6235-4fe6-8d35-4b9fbf2b8d12.zip GoogleAccessId=service-243323136379%40gcf-admin-robot.iam.gserviceaccount.com&Expires=1747514819&Signature=Ie57jxUBvNYsW559CW9IDfLtyMgnD%2FeTyiwWIE%2BfYOpWGdAtykxpPalsC1p5Za%2Bya0IdrpCzYIRVKfZ795NtuEDNSr8e3aKrVRzOJFQ%2BBuJEj4y7jePFEQo%2FEBlQfGaBhpEP2XMCVs6Nl3TVDkj76YUUN%2BCHV3%2FJkg5AQMBG0dFR%2FTgZjBdAWtmzrinUU1YuNQZ6GOmGgHcUjgqTWczgnhi%2FAVIDOMl8ZRk8iR6dazvnQtIvWHXccJKKUABByAtiKZqV9kSig%2FGOuoGgzibBdGXTLjeWnKA4uQ5zPRTnBVEpxvJWD84egplQuxyo4TwrQramtNN1GKt2nhSfwSnhBQ%3D%3D
[debug] [2025-05-17T20:16:59.386Z] >>> [apiv2][body] PUT https://storage.googleapis.com/gcf-v2-uploads-243323136379.us-central1.cloudfunctions.appspot.com/4472b3d4-6235-4fe6-8d35-4b9fbf2b8d12.zip [stream]
[debug] [2025-05-17T20:16:59.574Z] <<< [apiv2][status] POST https://cloudfunctions.googleapis.com/v2/projects/tranzitti-90210/locations/us-central1/functions:generateUploadUrl 200
[debug] [2025-05-17T20:16:59.574Z] <<< [apiv2][body] POST https://cloudfunctions.googleapis.com/v2/projects/tranzitti-90210/locations/us-central1/functions:generateUploadUrl {"uploadUrl":"https://storage.googleapis.com/gcf-v2-uploads-243323136379.us-central1.cloudfunctions.appspot.com/18a013ac-f867-4d2a-b5ce-d0191d22f18d.zip?GoogleAccessId=service-243323136379@gcf-admin-robot.iam.gserviceaccount.com&Expires=1747514819&Signature=jemW%2Bhb%2BdDAHhcRJvWohiW8WJrBEK8I4FQG1VpfrnG%2BcUrifdcKJuRctk%2Bb1XMK6utxgMWLVG5tXvCDpgYCwBqGOGAw1zFH2R1101rbJsObkQFICTCbUsu3qDrU54Cia6ksxbssVpHrWLXYmcQMvkso1BUHRott13xAN4zg%2Fv5prWlQDDS3uBBcPpSuHGxg7fwxDtJhTNufQ%2BTct1h1xV3KW%2Fokj3RaXHs0wqBni4e%2FU%2FXw4kc2Id1GeNY7zZPsZUCRWMYSendepYYujF0fo5aWVdhVGk1YnuqIqZ%2FenvdNyTCJkO%2Bwo0pFfZRMS9A1tuatJClk5SR%2BktGOE8AVg2Q%3D%3D","storageSource":{"bucket":"gcf-v2-uploads-243323136379.us-central1.cloudfunctions.appspot.com","object":"18a013ac-f867-4d2a-b5ce-d0191d22f18d.zip"}}
[debug] [2025-05-17T20:16:59.574Z] >>> [apiv2][query] PUT https://storage.googleapis.com/gcf-v2-uploads-243323136379.us-central1.cloudfunctions.appspot.com/18a013ac-f867-4d2a-b5ce-d0191d22f18d.zip GoogleAccessId=service-243323136379%40gcf-admin-robot.iam.gserviceaccount.com&Expires=1747514819&Signature=jemW%2Bhb%2BdDAHhcRJvWohiW8WJrBEK8I4FQG1VpfrnG%2BcUrifdcKJuRctk%2Bb1XMK6utxgMWLVG5tXvCDpgYCwBqGOGAw1zFH2R1101rbJsObkQFICTCbUsu3qDrU54Cia6ksxbssVpHrWLXYmcQMvkso1BUHRott13xAN4zg%2Fv5prWlQDDS3uBBcPpSuHGxg7fwxDtJhTNufQ%2BTct1h1xV3KW%2Fokj3RaXHs0wqBni4e%2FU%2FXw4kc2Id1GeNY7zZPsZUCRWMYSendepYYujF0fo5aWVdhVGk1YnuqIqZ%2FenvdNyTCJkO%2Bwo0pFfZRMS9A1tuatJClk5SR%2BktGOE8AVg2Q%3D%3D
[debug] [2025-05-17T20:16:59.574Z] >>> [apiv2][body] PUT https://storage.googleapis.com/gcf-v2-uploads-243323136379.us-central1.cloudfunctions.appspot.com/18a013ac-f867-4d2a-b5ce-d0191d22f18d.zip [stream]
[debug] [2025-05-17T20:16:59.900Z] <<< [apiv2][status] PUT https://storage.googleapis.com/gcf-v2-uploads-243323136379.us-central1.cloudfunctions.appspot.com/4472b3d4-6235-4fe6-8d35-4b9fbf2b8d12.zip 200
[debug] [2025-05-17T20:16:59.900Z] <<< [apiv2][body] PUT https://storage.googleapis.com/gcf-v2-uploads-243323136379.us-central1.cloudfunctions.appspot.com/4472b3d4-6235-4fe6-8d35-4b9fbf2b8d12.zip [omitted]
[info] +  functions: auth-functions folder uploaded successfully 
[debug] [2025-05-17T20:17:00.026Z] <<< [apiv2][status] PUT https://storage.googleapis.com/gcf-v2-uploads-243323136379.us-central1.cloudfunctions.appspot.com/18a013ac-f867-4d2a-b5ce-d0191d22f18d.zip 200
[debug] [2025-05-17T20:17:00.026Z] <<< [apiv2][body] PUT https://storage.googleapis.com/gcf-v2-uploads-243323136379.us-central1.cloudfunctions.appspot.com/18a013ac-f867-4d2a-b5ce-d0191d22f18d.zip [omitted]
[info] +  functions: functions folder uploaded successfully 
[info] i  hosting[tranzitti-90210]: beginning deploy... 
[info] i  hosting[tranzitti-90210]: found 17 files in build 
[debug] [2025-05-17T20:17:00.066Z] [hosting] uploading with 200 concurrency
[debug] [2025-05-17T20:17:00.074Z] Checked if tokens are valid: true, expires at: 1747515418616
[debug] [2025-05-17T20:17:00.074Z] Checked if tokens are valid: true, expires at: 1747515418616
[debug] [2025-05-17T20:17:00.076Z] [hosting] hash cache [YnVpbGQ] stored for 17 files
[debug] [2025-05-17T20:17:00.076Z] [hosting][hash queue][FINAL] {"max":3,"min":1,"avg":1,"active":0,"complete":17,"success":17,"errored":0,"retried":0,"total":17,"elapsed":6}
[debug] [2025-05-17T20:17:00.077Z] >>> [apiv2][query] POST https://firebasehosting.googleapis.com/v1beta1/projects/243323136379/sites/tranzitti-90210/versions/27f11f34c5943e4c:populateFiles [none]
[debug] [2025-05-17T20:17:00.077Z] >>> [apiv2][body] POST https://firebasehosting.googleapis.com/v1beta1/projects/243323136379/sites/tranzitti-90210/versions/27f11f34c5943e4c:populateFiles {"files":{"/warehouse-icon.svg":"36e3ce8c89263fa9a711de36757f57863b98a6d9a0d7c34ba6383c8dadb34dad","/truck-icon.svg":"308ad9b2a49f3242847342a2956a8ba9378cbd06a27eac7be02b7c3811afbb27","/robots.txt":"b2090cf9761ef60aa06e4fab97679bd43dfa5e5df073701ead5879d7c68f1ec5","/manifest.json":"4368aeaf848ae2e048765562c289452f33ad2a175c4b1951ea8bdf2ada0d5b10","/logo512.png":"212b102aa09e51b3b3e06647e81f7801a61333e171f6582e8124379aabccb41d","/logo192.png":"79e2b749561016bc8af300ea19f48347ceed3cb1a54f48ae456172eca45e08f0","/index.html":"e1849f960e687e80a9d05f05fe6919363f7633ca6ffe02857515e617e055ed87","/googlefa09bf12419809a8.html":"88221f0938a0020248bfeb755ce93c7e34bf6ac4e4129430465f4f3c8e946eb4","/favicon.ico":"876596c8b58d2f2c19b4b7da4e5be766155c5a917f5955b9a53a06d3be0a720b","/asset-manifest.json":"d3cad8c484e620745857f9e0d213c1ecda50db059329c8e0c65711885dec1071","/static/js/main.94871499.js.map":"4c930a7765ffbde1f4948997f1590d330c6ac76ced34093e1b1ed066ca9f7e94","/static/js/main.94871499.js.LICENSE.txt":"451b3b085c8ff3c8326616b41fe731863196735b6763458c34512eab8765f7b5","/static/js/main.94871499.js":"73b57ba19f952713fcb7a9409ca9d20eb220af492a7ea7f1ccc923602a3b111e","/static/js/453.efbef0c0.chunk.js.map":"7fa6f487bb02bf6414a95f3c42576cae503d7da8317b699f8d7b050f8116dbe3","/static/js/453.efbef0c0.chunk.js":"959fc592f2d108c2ccfb5aae6a38aea2654ebfb7d48084cc73ad476211f05349","/static/css/main.ed69b6c7.css.map":"3bc9d69ad5ac3ecc638c03c9a5537f6cd43a2ebd7e6c4595a26c915be0e90d92","/static/css/main.ed69b6c7.css":"3e56b0f6077f3d5984db40456a0cf0cb2f9e8d0cb10c21a5223bdb478d2ff501"}}
[debug] [2025-05-17T20:17:00.488Z] <<< [apiv2][status] POST https://firebasehosting.googleapis.com/v1beta1/projects/243323136379/sites/tranzitti-90210/versions/27f11f34c5943e4c:populateFiles 200
[debug] [2025-05-17T20:17:00.488Z] <<< [apiv2][body] POST https://firebasehosting.googleapis.com/v1beta1/projects/243323136379/sites/tranzitti-90210/versions/27f11f34c5943e4c:populateFiles {"uploadRequiredHashes":["876596c8b58d2f2c19b4b7da4e5be766155c5a917f5955b9a53a06d3be0a720b","36e3ce8c89263fa9a711de36757f57863b98a6d9a0d7c34ba6383c8dadb34dad","79e2b749561016bc8af300ea19f48347ceed3cb1a54f48ae456172eca45e08f0","451b3b085c8ff3c8326616b41fe731863196735b6763458c34512eab8765f7b5","88221f0938a0020248bfeb755ce93c7e34bf6ac4e4129430465f4f3c8e946eb4","7fa6f487bb02bf6414a95f3c42576cae503d7da8317b699f8d7b050f8116dbe3","3bc9d69ad5ac3ecc638c03c9a5537f6cd43a2ebd7e6c4595a26c915be0e90d92","d3cad8c484e620745857f9e0d213c1ecda50db059329c8e0c65711885dec1071","308ad9b2a49f3242847342a2956a8ba9378cbd06a27eac7be02b7c3811afbb27","b2090cf9761ef60aa06e4fab97679bd43dfa5e5df073701ead5879d7c68f1ec5","3e56b0f6077f3d5984db40456a0cf0cb2f9e8d0cb10c21a5223bdb478d2ff501","4c930a7765ffbde1f4948997f1590d330c6ac76ced34093e1b1ed066ca9f7e94","73b57ba19f952713fcb7a9409ca9d20eb220af492a7ea7f1ccc923602a3b111e","212b102aa09e51b3b3e06647e81f7801a61333e171f6582e8124379aabccb41d","e1849f960e687e80a9d05f05fe6919363f7633ca6ffe02857515e617e055ed87","4368aeaf848ae2e048765562c289452f33ad2a175c4b1951ea8bdf2ada0d5b10","959fc592f2d108c2ccfb5aae6a38aea2654ebfb7d48084cc73ad476211f05349"],"uploadUrl":"https://upload-firebasehosting.googleapis.com/upload/sites/tranzitti-90210/versions/27f11f34c5943e4c/files"}
[debug] [2025-05-17T20:17:00.488Z] Checked if tokens are valid: true, expires at: 1747515418616
[debug] [2025-05-17T20:17:00.489Z] Checked if tokens are valid: true, expires at: 1747515418616
[debug] [2025-05-17T20:17:00.489Z] Checked if tokens are valid: true, expires at: 1747515418616
[debug] [2025-05-17T20:17:00.489Z] Checked if tokens are valid: true, expires at: 1747515418616
[debug] [2025-05-17T20:17:00.489Z] Checked if tokens are valid: true, expires at: 1747515418616
[debug] [2025-05-17T20:17:00.489Z] Checked if tokens are valid: true, expires at: 1747515418616
[debug] [2025-05-17T20:17:00.489Z] Checked if tokens are valid: true, expires at: 1747515418616
[debug] [2025-05-17T20:17:00.489Z] Checked if tokens are valid: true, expires at: 1747515418616
[debug] [2025-05-17T20:17:00.489Z] Checked if tokens are valid: true, expires at: 1747515418616
[debug] [2025-05-17T20:17:00.489Z] Checked if tokens are valid: true, expires at: 1747515418616
[debug] [2025-05-17T20:17:00.489Z] Checked if tokens are valid: true, expires at: 1747515418616
[debug] [2025-05-17T20:17:00.490Z] Checked if tokens are valid: true, expires at: 1747515418616
[debug] [2025-05-17T20:17:00.490Z] Checked if tokens are valid: true, expires at: 1747515418616
[debug] [2025-05-17T20:17:00.490Z] Checked if tokens are valid: true, expires at: 1747515418616
[debug] [2025-05-17T20:17:00.490Z] Checked if tokens are valid: true, expires at: 1747515418616
[debug] [2025-05-17T20:17:00.490Z] Checked if tokens are valid: true, expires at: 1747515418616
[debug] [2025-05-17T20:17:00.490Z] Checked if tokens are valid: true, expires at: 1747515418616
[debug] [2025-05-17T20:17:00.490Z] Checked if tokens are valid: true, expires at: 1747515418616
[debug] [2025-05-17T20:17:00.490Z] Checked if tokens are valid: true, expires at: 1747515418616
[debug] [2025-05-17T20:17:00.490Z] Checked if tokens are valid: true, expires at: 1747515418616
[debug] [2025-05-17T20:17:00.490Z] Checked if tokens are valid: true, expires at: 1747515418616
[debug] [2025-05-17T20:17:00.490Z] Checked if tokens are valid: true, expires at: 1747515418616
[debug] [2025-05-17T20:17:00.491Z] Checked if tokens are valid: true, expires at: 1747515418616
[debug] [2025-05-17T20:17:00.491Z] Checked if tokens are valid: true, expires at: 1747515418616
[debug] [2025-05-17T20:17:00.491Z] Checked if tokens are valid: true, expires at: 1747515418616
[debug] [2025-05-17T20:17:00.491Z] Checked if tokens are valid: true, expires at: 1747515418616
[debug] [2025-05-17T20:17:00.491Z] Checked if tokens are valid: true, expires at: 1747515418616
[debug] [2025-05-17T20:17:00.491Z] Checked if tokens are valid: true, expires at: 1747515418616
[debug] [2025-05-17T20:17:00.491Z] Checked if tokens are valid: true, expires at: 1747515418616
[debug] [2025-05-17T20:17:00.491Z] Checked if tokens are valid: true, expires at: 1747515418616
[debug] [2025-05-17T20:17:00.491Z] Checked if tokens are valid: true, expires at: 1747515418616
[debug] [2025-05-17T20:17:00.491Z] Checked if tokens are valid: true, expires at: 1747515418616
[debug] [2025-05-17T20:17:00.491Z] Checked if tokens are valid: true, expires at: 1747515418616
[debug] [2025-05-17T20:17:00.491Z] Checked if tokens are valid: true, expires at: 1747515418616
[debug] [2025-05-17T20:17:00.492Z] >>> [apiv2][query] POST https://upload-firebasehosting.googleapis.com/upload/sites/tranzitti-90210/versions/27f11f34c5943e4c/files/876596c8b58d2f2c19b4b7da4e5be766155c5a917f5955b9a53a06d3be0a720b [none]
[debug] [2025-05-17T20:17:00.492Z] >>> [apiv2][body] POST https://upload-firebasehosting.googleapis.com/upload/sites/tranzitti-90210/versions/27f11f34c5943e4c/files/876596c8b58d2f2c19b4b7da4e5be766155c5a917f5955b9a53a06d3be0a720b [stream]
[debug] [2025-05-17T20:17:00.493Z] >>> [apiv2][query] POST https://upload-firebasehosting.googleapis.com/upload/sites/tranzitti-90210/versions/27f11f34c5943e4c/files/36e3ce8c89263fa9a711de36757f57863b98a6d9a0d7c34ba6383c8dadb34dad [none]
[debug] [2025-05-17T20:17:00.493Z] >>> [apiv2][body] POST https://upload-firebasehosting.googleapis.com/upload/sites/tranzitti-90210/versions/27f11f34c5943e4c/files/36e3ce8c89263fa9a711de36757f57863b98a6d9a0d7c34ba6383c8dadb34dad [stream]
[debug] [2025-05-17T20:17:00.495Z] >>> [apiv2][query] POST https://upload-firebasehosting.googleapis.com/upload/sites/tranzitti-90210/versions/27f11f34c5943e4c/files/79e2b749561016bc8af300ea19f48347ceed3cb1a54f48ae456172eca45e08f0 [none]
[debug] [2025-05-17T20:17:00.495Z] >>> [apiv2][body] POST https://upload-firebasehosting.googleapis.com/upload/sites/tranzitti-90210/versions/27f11f34c5943e4c/files/79e2b749561016bc8af300ea19f48347ceed3cb1a54f48ae456172eca45e08f0 [stream]
[debug] [2025-05-17T20:17:00.497Z] >>> [apiv2][query] POST https://upload-firebasehosting.googleapis.com/upload/sites/tranzitti-90210/versions/27f11f34c5943e4c/files/451b3b085c8ff3c8326616b41fe731863196735b6763458c34512eab8765f7b5 [none]
[debug] [2025-05-17T20:17:00.497Z] >>> [apiv2][body] POST https://upload-firebasehosting.googleapis.com/upload/sites/tranzitti-90210/versions/27f11f34c5943e4c/files/451b3b085c8ff3c8326616b41fe731863196735b6763458c34512eab8765f7b5 [stream]
[debug] [2025-05-17T20:17:00.498Z] >>> [apiv2][query] POST https://upload-firebasehosting.googleapis.com/upload/sites/tranzitti-90210/versions/27f11f34c5943e4c/files/88221f0938a0020248bfeb755ce93c7e34bf6ac4e4129430465f4f3c8e946eb4 [none]
[debug] [2025-05-17T20:17:00.498Z] >>> [apiv2][body] POST https://upload-firebasehosting.googleapis.com/upload/sites/tranzitti-90210/versions/27f11f34c5943e4c/files/88221f0938a0020248bfeb755ce93c7e34bf6ac4e4129430465f4f3c8e946eb4 [stream]
[debug] [2025-05-17T20:17:00.499Z] >>> [apiv2][query] POST https://upload-firebasehosting.googleapis.com/upload/sites/tranzitti-90210/versions/27f11f34c5943e4c/files/7fa6f487bb02bf6414a95f3c42576cae503d7da8317b699f8d7b050f8116dbe3 [none]
[debug] [2025-05-17T20:17:00.499Z] >>> [apiv2][body] POST https://upload-firebasehosting.googleapis.com/upload/sites/tranzitti-90210/versions/27f11f34c5943e4c/files/7fa6f487bb02bf6414a95f3c42576cae503d7da8317b699f8d7b050f8116dbe3 [stream]
[debug] [2025-05-17T20:17:00.500Z] >>> [apiv2][query] POST https://upload-firebasehosting.googleapis.com/upload/sites/tranzitti-90210/versions/27f11f34c5943e4c/files/3bc9d69ad5ac3ecc638c03c9a5537f6cd43a2ebd7e6c4595a26c915be0e90d92 [none]
[debug] [2025-05-17T20:17:00.500Z] >>> [apiv2][body] POST https://upload-firebasehosting.googleapis.com/upload/sites/tranzitti-90210/versions/27f11f34c5943e4c/files/3bc9d69ad5ac3ecc638c03c9a5537f6cd43a2ebd7e6c4595a26c915be0e90d92 [stream]
[debug] [2025-05-17T20:17:00.501Z] >>> [apiv2][query] POST https://upload-firebasehosting.googleapis.com/upload/sites/tranzitti-90210/versions/27f11f34c5943e4c/files/d3cad8c484e620745857f9e0d213c1ecda50db059329c8e0c65711885dec1071 [none]
[debug] [2025-05-17T20:17:00.502Z] >>> [apiv2][body] POST https://upload-firebasehosting.googleapis.com/upload/sites/tranzitti-90210/versions/27f11f34c5943e4c/files/d3cad8c484e620745857f9e0d213c1ecda50db059329c8e0c65711885dec1071 [stream]
[debug] [2025-05-17T20:17:00.504Z] >>> [apiv2][query] POST https://upload-firebasehosting.googleapis.com/upload/sites/tranzitti-90210/versions/27f11f34c5943e4c/files/308ad9b2a49f3242847342a2956a8ba9378cbd06a27eac7be02b7c3811afbb27 [none]
[debug] [2025-05-17T20:17:00.504Z] >>> [apiv2][body] POST https://upload-firebasehosting.googleapis.com/upload/sites/tranzitti-90210/versions/27f11f34c5943e4c/files/308ad9b2a49f3242847342a2956a8ba9378cbd06a27eac7be02b7c3811afbb27 [stream]
[debug] [2025-05-17T20:17:00.506Z] >>> [apiv2][query] POST https://upload-firebasehosting.googleapis.com/upload/sites/tranzitti-90210/versions/27f11f34c5943e4c/files/b2090cf9761ef60aa06e4fab97679bd43dfa5e5df073701ead5879d7c68f1ec5 [none]
[debug] [2025-05-17T20:17:00.506Z] >>> [apiv2][body] POST https://upload-firebasehosting.googleapis.com/upload/sites/tranzitti-90210/versions/27f11f34c5943e4c/files/b2090cf9761ef60aa06e4fab97679bd43dfa5e5df073701ead5879d7c68f1ec5 [stream]
[debug] [2025-05-17T20:17:00.506Z] >>> [apiv2][query] POST https://upload-firebasehosting.googleapis.com/upload/sites/tranzitti-90210/versions/27f11f34c5943e4c/files/3e56b0f6077f3d5984db40456a0cf0cb2f9e8d0cb10c21a5223bdb478d2ff501 [none]
[debug] [2025-05-17T20:17:00.506Z] >>> [apiv2][body] POST https://upload-firebasehosting.googleapis.com/upload/sites/tranzitti-90210/versions/27f11f34c5943e4c/files/3e56b0f6077f3d5984db40456a0cf0cb2f9e8d0cb10c21a5223bdb478d2ff501 [stream]
[debug] [2025-05-17T20:17:00.507Z] >>> [apiv2][query] POST https://upload-firebasehosting.googleapis.com/upload/sites/tranzitti-90210/versions/27f11f34c5943e4c/files/4c930a7765ffbde1f4948997f1590d330c6ac76ced34093e1b1ed066ca9f7e94 [none]
[debug] [2025-05-17T20:17:00.507Z] >>> [apiv2][body] POST https://upload-firebasehosting.googleapis.com/upload/sites/tranzitti-90210/versions/27f11f34c5943e4c/files/4c930a7765ffbde1f4948997f1590d330c6ac76ced34093e1b1ed066ca9f7e94 [stream]
[debug] [2025-05-17T20:17:00.508Z] >>> [apiv2][query] POST https://upload-firebasehosting.googleapis.com/upload/sites/tranzitti-90210/versions/27f11f34c5943e4c/files/73b57ba19f952713fcb7a9409ca9d20eb220af492a7ea7f1ccc923602a3b111e [none]
[debug] [2025-05-17T20:17:00.508Z] >>> [apiv2][body] POST https://upload-firebasehosting.googleapis.com/upload/sites/tranzitti-90210/versions/27f11f34c5943e4c/files/73b57ba19f952713fcb7a9409ca9d20eb220af492a7ea7f1ccc923602a3b111e [stream]
[debug] [2025-05-17T20:17:00.508Z] >>> [apiv2][query] POST https://upload-firebasehosting.googleapis.com/upload/sites/tranzitti-90210/versions/27f11f34c5943e4c/files/212b102aa09e51b3b3e06647e81f7801a61333e171f6582e8124379aabccb41d [none]
[debug] [2025-05-17T20:17:00.508Z] >>> [apiv2][body] POST https://upload-firebasehosting.googleapis.com/upload/sites/tranzitti-90210/versions/27f11f34c5943e4c/files/212b102aa09e51b3b3e06647e81f7801a61333e171f6582e8124379aabccb41d [stream]
[debug] [2025-05-17T20:17:00.509Z] >>> [apiv2][query] POST https://upload-firebasehosting.googleapis.com/upload/sites/tranzitti-90210/versions/27f11f34c5943e4c/files/e1849f960e687e80a9d05f05fe6919363f7633ca6ffe02857515e617e055ed87 [none]
[debug] [2025-05-17T20:17:00.509Z] >>> [apiv2][body] POST https://upload-firebasehosting.googleapis.com/upload/sites/tranzitti-90210/versions/27f11f34c5943e4c/files/e1849f960e687e80a9d05f05fe6919363f7633ca6ffe02857515e617e055ed87 [stream]
[debug] [2025-05-17T20:17:00.509Z] >>> [apiv2][query] POST https://upload-firebasehosting.googleapis.com/upload/sites/tranzitti-90210/versions/27f11f34c5943e4c/files/4368aeaf848ae2e048765562c289452f33ad2a175c4b1951ea8bdf2ada0d5b10 [none]
[debug] [2025-05-17T20:17:00.510Z] >>> [apiv2][body] POST https://upload-firebasehosting.googleapis.com/upload/sites/tranzitti-90210/versions/27f11f34c5943e4c/files/4368aeaf848ae2e048765562c289452f33ad2a175c4b1951ea8bdf2ada0d5b10 [stream]
[debug] [2025-05-17T20:17:00.510Z] >>> [apiv2][query] POST https://upload-firebasehosting.googleapis.com/upload/sites/tranzitti-90210/versions/27f11f34c5943e4c/files/959fc592f2d108c2ccfb5aae6a38aea2654ebfb7d48084cc73ad476211f05349 [none]
[debug] [2025-05-17T20:17:00.510Z] >>> [apiv2][body] POST https://upload-firebasehosting.googleapis.com/upload/sites/tranzitti-90210/versions/27f11f34c5943e4c/files/959fc592f2d108c2ccfb5aae6a38aea2654ebfb7d48084cc73ad476211f05349 [stream]
[debug] [2025-05-17T20:17:00.511Z] [hosting][populate queue][FINAL] {"max":417,"min":417,"avg":417,"active":0,"complete":1,"success":1,"errored":0,"retried":0,"total":1,"elapsed":437}
[debug] [2025-05-17T20:17:00.511Z] [hosting] uploads queued: 17
[debug] [2025-05-17T20:17:01.425Z] <<< [apiv2][status] POST https://upload-firebasehosting.googleapis.com/upload/sites/tranzitti-90210/versions/27f11f34c5943e4c/files/212b102aa09e51b3b3e06647e81f7801a61333e171f6582e8124379aabccb41d 200
[debug] [2025-05-17T20:17:01.425Z] <<< [apiv2][body] POST https://upload-firebasehosting.googleapis.com/upload/sites/tranzitti-90210/versions/27f11f34c5943e4c/files/212b102aa09e51b3b3e06647e81f7801a61333e171f6582e8124379aabccb41d [stream]
[debug] [2025-05-17T20:17:01.459Z] <<< [apiv2][status] POST https://upload-firebasehosting.googleapis.com/upload/sites/tranzitti-90210/versions/27f11f34c5943e4c/files/7fa6f487bb02bf6414a95f3c42576cae503d7da8317b699f8d7b050f8116dbe3 200
[debug] [2025-05-17T20:17:01.459Z] <<< [apiv2][body] POST https://upload-firebasehosting.googleapis.com/upload/sites/tranzitti-90210/versions/27f11f34c5943e4c/files/7fa6f487bb02bf6414a95f3c42576cae503d7da8317b699f8d7b050f8116dbe3 [stream]
[debug] [2025-05-17T20:17:01.463Z] <<< [apiv2][status] POST https://upload-firebasehosting.googleapis.com/upload/sites/tranzitti-90210/versions/27f11f34c5943e4c/files/876596c8b58d2f2c19b4b7da4e5be766155c5a917f5955b9a53a06d3be0a720b 200
[debug] [2025-05-17T20:17:01.463Z] <<< [apiv2][body] POST https://upload-firebasehosting.googleapis.com/upload/sites/tranzitti-90210/versions/27f11f34c5943e4c/files/876596c8b58d2f2c19b4b7da4e5be766155c5a917f5955b9a53a06d3be0a720b [stream]
[debug] [2025-05-17T20:17:01.464Z] <<< [apiv2][status] POST https://upload-firebasehosting.googleapis.com/upload/sites/tranzitti-90210/versions/27f11f34c5943e4c/files/959fc592f2d108c2ccfb5aae6a38aea2654ebfb7d48084cc73ad476211f05349 200
[debug] [2025-05-17T20:17:01.464Z] <<< [apiv2][body] POST https://upload-firebasehosting.googleapis.com/upload/sites/tranzitti-90210/versions/27f11f34c5943e4c/files/959fc592f2d108c2ccfb5aae6a38aea2654ebfb7d48084cc73ad476211f05349 [stream]
[debug] [2025-05-17T20:17:01.500Z] <<< [apiv2][status] POST https://upload-firebasehosting.googleapis.com/upload/sites/tranzitti-90210/versions/27f11f34c5943e4c/files/88221f0938a0020248bfeb755ce93c7e34bf6ac4e4129430465f4f3c8e946eb4 200
[debug] [2025-05-17T20:17:01.500Z] <<< [apiv2][body] POST https://upload-firebasehosting.googleapis.com/upload/sites/tranzitti-90210/versions/27f11f34c5943e4c/files/88221f0938a0020248bfeb755ce93c7e34bf6ac4e4129430465f4f3c8e946eb4 [stream]
[debug] [2025-05-17T20:17:01.501Z] <<< [apiv2][status] POST https://upload-firebasehosting.googleapis.com/upload/sites/tranzitti-90210/versions/27f11f34c5943e4c/files/3bc9d69ad5ac3ecc638c03c9a5537f6cd43a2ebd7e6c4595a26c915be0e90d92 200
[debug] [2025-05-17T20:17:01.501Z] <<< [apiv2][body] POST https://upload-firebasehosting.googleapis.com/upload/sites/tranzitti-90210/versions/27f11f34c5943e4c/files/3bc9d69ad5ac3ecc638c03c9a5537f6cd43a2ebd7e6c4595a26c915be0e90d92 [stream]
[debug] [2025-05-17T20:17:01.525Z] <<< [apiv2][status] POST https://upload-firebasehosting.googleapis.com/upload/sites/tranzitti-90210/versions/27f11f34c5943e4c/files/e1849f960e687e80a9d05f05fe6919363f7633ca6ffe02857515e617e055ed87 200
[debug] [2025-05-17T20:17:01.525Z] <<< [apiv2][body] POST https://upload-firebasehosting.googleapis.com/upload/sites/tranzitti-90210/versions/27f11f34c5943e4c/files/e1849f960e687e80a9d05f05fe6919363f7633ca6ffe02857515e617e055ed87 [stream]
[debug] [2025-05-17T20:17:01.527Z] <<< [apiv2][status] POST https://upload-firebasehosting.googleapis.com/upload/sites/tranzitti-90210/versions/27f11f34c5943e4c/files/308ad9b2a49f3242847342a2956a8ba9378cbd06a27eac7be02b7c3811afbb27 200
[debug] [2025-05-17T20:17:01.528Z] <<< [apiv2][body] POST https://upload-firebasehosting.googleapis.com/upload/sites/tranzitti-90210/versions/27f11f34c5943e4c/files/308ad9b2a49f3242847342a2956a8ba9378cbd06a27eac7be02b7c3811afbb27 [stream]
[debug] [2025-05-17T20:17:01.552Z] <<< [apiv2][status] POST https://upload-firebasehosting.googleapis.com/upload/sites/tranzitti-90210/versions/27f11f34c5943e4c/files/b2090cf9761ef60aa06e4fab97679bd43dfa5e5df073701ead5879d7c68f1ec5 200
[debug] [2025-05-17T20:17:01.552Z] <<< [apiv2][body] POST https://upload-firebasehosting.googleapis.com/upload/sites/tranzitti-90210/versions/27f11f34c5943e4c/files/b2090cf9761ef60aa06e4fab97679bd43dfa5e5df073701ead5879d7c68f1ec5 [stream]
[debug] [2025-05-17T20:17:01.553Z] <<< [apiv2][status] POST https://upload-firebasehosting.googleapis.com/upload/sites/tranzitti-90210/versions/27f11f34c5943e4c/files/79e2b749561016bc8af300ea19f48347ceed3cb1a54f48ae456172eca45e08f0 200
[debug] [2025-05-17T20:17:01.553Z] <<< [apiv2][body] POST https://upload-firebasehosting.googleapis.com/upload/sites/tranzitti-90210/versions/27f11f34c5943e4c/files/79e2b749561016bc8af300ea19f48347ceed3cb1a54f48ae456172eca45e08f0 [stream]
[debug] [2025-05-17T20:17:01.565Z] <<< [apiv2][status] POST https://upload-firebasehosting.googleapis.com/upload/sites/tranzitti-90210/versions/27f11f34c5943e4c/files/451b3b085c8ff3c8326616b41fe731863196735b6763458c34512eab8765f7b5 200
[debug] [2025-05-17T20:17:01.565Z] <<< [apiv2][body] POST https://upload-firebasehosting.googleapis.com/upload/sites/tranzitti-90210/versions/27f11f34c5943e4c/files/451b3b085c8ff3c8326616b41fe731863196735b6763458c34512eab8765f7b5 [stream]
[debug] [2025-05-17T20:17:01.581Z] <<< [apiv2][status] POST https://upload-firebasehosting.googleapis.com/upload/sites/tranzitti-90210/versions/27f11f34c5943e4c/files/d3cad8c484e620745857f9e0d213c1ecda50db059329c8e0c65711885dec1071 200
[debug] [2025-05-17T20:17:01.581Z] <<< [apiv2][body] POST https://upload-firebasehosting.googleapis.com/upload/sites/tranzitti-90210/versions/27f11f34c5943e4c/files/d3cad8c484e620745857f9e0d213c1ecda50db059329c8e0c65711885dec1071 [stream]
[debug] [2025-05-17T20:17:01.605Z] <<< [apiv2][status] POST https://upload-firebasehosting.googleapis.com/upload/sites/tranzitti-90210/versions/27f11f34c5943e4c/files/36e3ce8c89263fa9a711de36757f57863b98a6d9a0d7c34ba6383c8dadb34dad 200
[debug] [2025-05-17T20:17:01.606Z] <<< [apiv2][body] POST https://upload-firebasehosting.googleapis.com/upload/sites/tranzitti-90210/versions/27f11f34c5943e4c/files/36e3ce8c89263fa9a711de36757f57863b98a6d9a0d7c34ba6383c8dadb34dad [stream]
[debug] [2025-05-17T20:17:01.619Z] <<< [apiv2][status] POST https://upload-firebasehosting.googleapis.com/upload/sites/tranzitti-90210/versions/27f11f34c5943e4c/files/3e56b0f6077f3d5984db40456a0cf0cb2f9e8d0cb10c21a5223bdb478d2ff501 200
[debug] [2025-05-17T20:17:01.620Z] <<< [apiv2][body] POST https://upload-firebasehosting.googleapis.com/upload/sites/tranzitti-90210/versions/27f11f34c5943e4c/files/3e56b0f6077f3d5984db40456a0cf0cb2f9e8d0cb10c21a5223bdb478d2ff501 [stream]
[debug] [2025-05-17T20:17:01.626Z] <<< [apiv2][status] POST https://upload-firebasehosting.googleapis.com/upload/sites/tranzitti-90210/versions/27f11f34c5943e4c/files/4368aeaf848ae2e048765562c289452f33ad2a175c4b1951ea8bdf2ada0d5b10 200
[debug] [2025-05-17T20:17:01.626Z] <<< [apiv2][body] POST https://upload-firebasehosting.googleapis.com/upload/sites/tranzitti-90210/versions/27f11f34c5943e4c/files/4368aeaf848ae2e048765562c289452f33ad2a175c4b1951ea8bdf2ada0d5b10 [stream]
[debug] [2025-05-17T20:17:03.319Z] <<< [apiv2][status] POST https://upload-firebasehosting.googleapis.com/upload/sites/tranzitti-90210/versions/27f11f34c5943e4c/files/73b57ba19f952713fcb7a9409ca9d20eb220af492a7ea7f1ccc923602a3b111e 200
[debug] [2025-05-17T20:17:03.319Z] <<< [apiv2][body] POST https://upload-firebasehosting.googleapis.com/upload/sites/tranzitti-90210/versions/27f11f34c5943e4c/files/73b57ba19f952713fcb7a9409ca9d20eb220af492a7ea7f1ccc923602a3b111e [stream]
[debug] [2025-05-17T20:17:05.480Z] <<< [apiv2][status] POST https://upload-firebasehosting.googleapis.com/upload/sites/tranzitti-90210/versions/27f11f34c5943e4c/files/4c930a7765ffbde1f4948997f1590d330c6ac76ced34093e1b1ed066ca9f7e94 200
[debug] [2025-05-17T20:17:05.480Z] <<< [apiv2][body] POST https://upload-firebasehosting.googleapis.com/upload/sites/tranzitti-90210/versions/27f11f34c5943e4c/files/4c930a7765ffbde1f4948997f1590d330c6ac76ced34093e1b1ed066ca9f7e94 [stream]
[debug] [2025-05-17T20:17:05.480Z] [hosting][upload queue][FINAL] {"max":4990,"min":934,"avg":1378.8235294117646,"active":0,"complete":17,"success":17,"errored":0,"retried":0,"total":17,"elapsed":4992}
[info] +  hosting[tranzitti-90210]: file upload complete 
[debug] [2025-05-17T20:17:05.483Z] [hosting] deploy completed after 5450ms
[debug] [2025-05-17T20:17:05.483Z] [rules] releasing firebase.storage/tranzitti-90210.firebasestorage.app with ruleset projects/tranzitti-90210/rulesets/d9e985ef-2940-49a3-97d5-c4b142b25f61
[debug] [2025-05-17T20:17:05.484Z] Checked if tokens are valid: true, expires at: 1747515418616
[debug] [2025-05-17T20:17:05.484Z] Checked if tokens are valid: true, expires at: 1747515418616
[debug] [2025-05-17T20:17:05.484Z] >>> [apiv2][query] PATCH https://firebaserules.googleapis.com/v1/projects/tranzitti-90210/releases/firebase.storage/tranzitti-90210.firebasestorage.app [none]
[debug] [2025-05-17T20:17:05.484Z] >>> [apiv2][body] PATCH https://firebaserules.googleapis.com/v1/projects/tranzitti-90210/releases/firebase.storage/tranzitti-90210.firebasestorage.app {"release":{"name":"projects/tranzitti-90210/releases/firebase.storage/tranzitti-90210.firebasestorage.app","rulesetName":"projects/tranzitti-90210/rulesets/d9e985ef-2940-49a3-97d5-c4b142b25f61"}}
[debug] [2025-05-17T20:17:06.030Z] <<< [apiv2][status] PATCH https://firebaserules.googleapis.com/v1/projects/tranzitti-90210/releases/firebase.storage/tranzitti-90210.firebasestorage.app 200
[debug] [2025-05-17T20:17:06.030Z] <<< [apiv2][body] PATCH https://firebaserules.googleapis.com/v1/projects/tranzitti-90210/releases/firebase.storage/tranzitti-90210.firebasestorage.app {"name":"projects/tranzitti-90210/releases/firebase.storage/tranzitti-90210.firebasestorage.app","rulesetName":"projects/tranzitti-90210/rulesets/d9e985ef-2940-49a3-97d5-c4b142b25f61","createTime":"2025-05-17T20:01:06.822804Z","updateTime":"2025-05-17T20:17:05.945965Z"}
[debug] [2025-05-17T20:17:06.030Z] [rules] updated release projects/tranzitti-90210/releases/firebase.storage/tranzitti-90210.firebasestorage.app
[info] +  storage: released rules storage.rules to firebase.storage 
[debug] [2025-05-17T20:17:06.031Z] [rules] releasing cloud.firestore/(default) with ruleset projects/tranzitti-90210/rulesets/f193740d-d456-4924-b05f-153a1b1f4281
[debug] [2025-05-17T20:17:06.031Z] Checked if tokens are valid: true, expires at: 1747515418616
[debug] [2025-05-17T20:17:06.032Z] Checked if tokens are valid: true, expires at: 1747515418616
[debug] [2025-05-17T20:17:06.032Z] >>> [apiv2][query] PATCH https://firebaserules.googleapis.com/v1/projects/tranzitti-90210/releases/cloud.firestore/(default) [none]
[debug] [2025-05-17T20:17:06.032Z] >>> [apiv2][body] PATCH https://firebaserules.googleapis.com/v1/projects/tranzitti-90210/releases/cloud.firestore/(default) {"release":{"name":"projects/tranzitti-90210/releases/cloud.firestore/(default)","rulesetName":"projects/tranzitti-90210/rulesets/f193740d-d456-4924-b05f-153a1b1f4281"}}
[debug] [2025-05-17T20:17:06.388Z] <<< [apiv2][status] PATCH https://firebaserules.googleapis.com/v1/projects/tranzitti-90210/releases/cloud.firestore/(default) 200
[debug] [2025-05-17T20:17:06.388Z] <<< [apiv2][body] PATCH https://firebaserules.googleapis.com/v1/projects/tranzitti-90210/releases/cloud.firestore/(default) {"name":"projects/tranzitti-90210/releases/cloud.firestore","rulesetName":"projects/tranzitti-90210/rulesets/f193740d-d456-4924-b05f-153a1b1f4281","createTime":"2025-05-17T20:15:59.776742Z","updateTime":"2025-05-17T20:17:06.328466Z"}
[debug] [2025-05-17T20:17:06.388Z] [rules] updated release projects/tranzitti-90210/releases/cloud.firestore
[info] +  firestore: released rules firestore.rules to cloud.firestore 
[info] i  functions: creating Node.js 22 (2nd Gen) function helloWorld(us-central1)... 
[info] i  functions: creating Node.js 22 (2nd Gen) function auth-functions:setUserRole(us-central1)... 
[info] i  functions: creating Node.js 22 (2nd Gen) function auth-functions:getUserRole(us-central1)... 
[debug] [2025-05-17T20:17:06.397Z] Checked if tokens are valid: true, expires at: 1747515418616
[debug] [2025-05-17T20:17:06.398Z] Checked if tokens are valid: true, expires at: 1747515418616
[debug] [2025-05-17T20:17:06.398Z] Checked if tokens are valid: true, expires at: 1747515418616
[debug] [2025-05-17T20:17:06.398Z] Checked if tokens are valid: true, expires at: 1747515418616
[debug] [2025-05-17T20:17:06.398Z] >>> [apiv2][query] POST https://cloudfunctions.googleapis.com/v2/projects/tranzitti-90210/locations/us-central1/functions functionId=helloWorld
[debug] [2025-05-17T20:17:06.398Z] >>> [apiv2][body] POST https://cloudfunctions.googleapis.com/v2/projects/tranzitti-90210/locations/us-central1/functions {"name":"projects/tranzitti-90210/locations/us-central1/functions/helloWorld","buildConfig":{"runtime":"nodejs22","entryPoint":"helloWorld","source":{"storageSource":{"bucket":"gcf-v2-uploads-243323136379.us-central1.cloudfunctions.appspot.com","object":"18a013ac-f867-4d2a-b5ce-d0191d22f18d.zip"}},"environmentVariables":{"GOOGLE_NODE_RUN_SCRIPTS":""}},"serviceConfig":{"environmentVariables":{"FIREBASE_CONFIG":"{\"projectId\":\"tranzitti-90210\",\"storageBucket\":\"tranzitti-90210.firebasestorage.app\"}","GCLOUD_PROJECT":"tranzitti-90210","EVENTARC_CLOUD_EVENT_SOURCE":"projects/tranzitti-90210/locations/us-central1/services/helloWorld","FUNCTION_TARGET":"helloWorld","LOG_EXECUTION_ID":"true"},"ingressSettings":null,"timeoutSeconds":null,"serviceAccountEmail":null,"availableMemory":"256Mi","minInstanceCount":null,"maxInstanceCount":null,"maxInstanceRequestConcurrency":80,"availableCpu":"1","vpcConnector":null,"vpcConnectorEgressSettings":null},"labels":{"deployment-tool":"cli-firebase","deployment-callable":"true","firebase-functions-hash":"2476397d4fbaa05dca326c147f11b097590861ae"}}
[debug] [2025-05-17T20:17:06.402Z] >>> [apiv2][query] POST https://cloudfunctions.googleapis.com/v2/projects/tranzitti-90210/locations/us-central1/functions functionId=setUserRole
[debug] [2025-05-17T20:17:06.402Z] >>> [apiv2][body] POST https://cloudfunctions.googleapis.com/v2/projects/tranzitti-90210/locations/us-central1/functions {"name":"projects/tranzitti-90210/locations/us-central1/functions/setUserRole","buildConfig":{"runtime":"nodejs22","entryPoint":"setUserRole","source":{"storageSource":{"bucket":"gcf-v2-uploads-243323136379.us-central1.cloudfunctions.appspot.com","object":"4472b3d4-6235-4fe6-8d35-4b9fbf2b8d12.zip"}},"environmentVariables":{"GOOGLE_NODE_RUN_SCRIPTS":""}},"serviceConfig":{"environmentVariables":{"FIREBASE_CONFIG":"{\"projectId\":\"tranzitti-90210\",\"storageBucket\":\"tranzitti-90210.firebasestorage.app\"}","GCLOUD_PROJECT":"tranzitti-90210","EVENTARC_CLOUD_EVENT_SOURCE":"projects/tranzitti-90210/locations/us-central1/services/setUserRole","FUNCTION_TARGET":"setUserRole","LOG_EXECUTION_ID":"true"},"ingressSettings":null,"timeoutSeconds":null,"serviceAccountEmail":null,"availableMemory":"256Mi","minInstanceCount":null,"maxInstanceCount":null,"maxInstanceRequestConcurrency":80,"availableCpu":"1","vpcConnector":null,"vpcConnectorEgressSettings":null},"labels":{"deployment-tool":"cli-firebase","deployment-callable":"true","firebase-functions-codebase":"auth-functions","firebase-functions-hash":"36194583dc557d328f00fd9a3ccda0184a8005eb"}}
[debug] [2025-05-17T20:17:07.924Z] <<< [apiv2][status] POST https://cloudfunctions.googleapis.com/v2/projects/tranzitti-90210/locations/us-central1/functions 200
[debug] [2025-05-17T20:17:07.924Z] <<< [apiv2][body] POST https://cloudfunctions.googleapis.com/v2/projects/tranzitti-90210/locations/us-central1/functions {"name":"projects/tranzitti-90210/locations/us-central1/operations/operation-1747513026724-6355a9532c0de-e6b226a6-63b4e790","metadata":{"@type":"type.googleapis.com/google.cloud.functions.v2.OperationMetadata","createTime":"2025-05-17T20:17:07.861607932Z","target":"projects/tranzitti-90210/locations/us-central1/functions/helloWorld","verb":"create","cancelRequested":false,"apiVersion":"v2"},"done":false}
[debug] [2025-05-17T20:17:07.925Z] Checked if tokens are valid: true, expires at: 1747515418616
[debug] [2025-05-17T20:17:07.925Z] Checked if tokens are valid: true, expires at: 1747515418616
[debug] [2025-05-17T20:17:07.926Z] >>> [apiv2][query] GET https://cloudfunctions.googleapis.com/v2/projects/tranzitti-90210/locations/us-central1/operations/operation-1747513026724-6355a9532c0de-e6b226a6-63b4e790 [none]
[debug] [2025-05-17T20:17:08.004Z] <<< [apiv2][status] POST https://cloudfunctions.googleapis.com/v2/projects/tranzitti-90210/locations/us-central1/functions 200
[debug] [2025-05-17T20:17:08.004Z] <<< [apiv2][body] POST https://cloudfunctions.googleapis.com/v2/projects/tranzitti-90210/locations/us-central1/functions {"name":"projects/tranzitti-90210/locations/us-central1/operations/operation-1747513026747-6355a95331dbc-f7c03e2e-f6923bbd","metadata":{"@type":"type.googleapis.com/google.cloud.functions.v2.OperationMetadata","createTime":"2025-05-17T20:17:07.944027612Z","target":"projects/tranzitti-90210/locations/us-central1/functions/setUserRole","verb":"create","cancelRequested":false,"apiVersion":"v2"},"done":false}
[debug] [2025-05-17T20:17:08.005Z] Checked if tokens are valid: true, expires at: 1747515418616
[debug] [2025-05-17T20:17:08.005Z] Checked if tokens are valid: true, expires at: 1747515418616
[debug] [2025-05-17T20:17:08.005Z] >>> [apiv2][query] GET https://cloudfunctions.googleapis.com/v2/projects/tranzitti-90210/locations/us-central1/operations/operation-1747513026747-6355a95331dbc-f7c03e2e-f6923bbd [none]
[debug] [2025-05-17T20:17:08.167Z] <<< [apiv2][status] GET https://cloudfunctions.googleapis.com/v2/projects/tranzitti-90210/locations/us-central1/operations/operation-1747513026724-6355a9532c0de-e6b226a6-63b4e790 200
[debug] [2025-05-17T20:17:08.168Z] <<< [apiv2][body] GET https://cloudfunctions.googleapis.com/v2/projects/tranzitti-90210/locations/us-central1/operations/operation-1747513026724-6355a9532c0de-e6b226a6-63b4e790 {"name":"projects/tranzitti-90210/locations/us-central1/operations/operation-1747513026724-6355a9532c0de-e6b226a6-63b4e790","metadata":{"@type":"type.googleapis.com/google.cloud.functions.v2.OperationMetadata","createTime":"2025-05-17T20:17:07.861607932Z","target":"projects/tranzitti-90210/locations/us-central1/functions/helloWorld","verb":"create","cancelRequested":false,"apiVersion":"v2"},"done":false}
[debug] [2025-05-17T20:17:08.264Z] <<< [apiv2][status] GET https://cloudfunctions.googleapis.com/v2/projects/tranzitti-90210/locations/us-central1/operations/operation-1747513026747-6355a95331dbc-f7c03e2e-f6923bbd 200
[debug] [2025-05-17T20:17:08.265Z] <<< [apiv2][body] GET https://cloudfunctions.googleapis.com/v2/projects/tranzitti-90210/locations/us-central1/operations/operation-1747513026747-6355a95331dbc-f7c03e2e-f6923bbd {"name":"projects/tranzitti-90210/locations/us-central1/operations/operation-1747513026747-6355a95331dbc-f7c03e2e-f6923bbd","metadata":{"@type":"type.googleapis.com/google.cloud.functions.v2.OperationMetadata","createTime":"2025-05-17T20:17:07.944027612Z","target":"projects/tranzitti-90210/locations/us-central1/functions/setUserRole","verb":"create","cancelRequested":false,"apiVersion":"v2","requestResource":{"@type":"type.googleapis.com/google.cloud.functions.v2.Function","name":"projects/tranzitti-90210/locations/us-central1/functions/setUserRole","buildConfig":{"runtime":"nodejs22","entryPoint":"setUserRole","source":{"storageSource":{"bucket":"gcf-v2-sources-243323136379-us-central1","object":"setUserRole/function-source.zip","generation":"1747513027713761"}},"environmentVariables":{"GOOGLE_NODE_RUN_SCRIPTS":""},"serviceAccount":"projects/tranzitti-90210/serviceAccounts/243323136379-compute@developer.gserviceaccount.com","automaticUpdatePolicy":{}},"serviceConfig":{"service":"projects/tranzitti-90210/locations/us-central1/services/setuserrole","timeoutSeconds":60,"environmentVariables":{"FIREBASE_CONFIG":"{\"projectId\":\"tranzitti-90210\",\"storageBucket\":\"tranzitti-90210.firebasestorage.app\"}","GCLOUD_PROJECT":"tranzitti-90210","EVENTARC_CLOUD_EVENT_SOURCE":"projects/tranzitti-90210/locations/us-central1/services/setUserRole","FUNCTION_TARGET":"setUserRole","LOG_EXECUTION_ID":"true"},"ingressSettings":"ALLOW_ALL","serviceAccountEmail":"243323136379-compute@developer.gserviceaccount.com","availableMemory":"256Mi","maxInstanceRequestConcurrency":80,"availableCpu":"1"},"labels":{"deployment-tool":"cli-firebase","deployment-callable":"true","firebase-functions-codebase":"auth-functions","firebase-functions-hash":"36194583dc557d328f00fd9a3ccda0184a8005eb"},"environment":"GEN_2"},"stages":[{"name":"BUILD","state":"NOT_STARTED"},{"name":"SERVICE","state":"NOT_STARTED"}],"operationType":"CREATE_FUNCTION"},"done":false}
[debug] [2025-05-17T20:17:08.671Z] [create-default-us-central1-helloWorld] Retrying task index 0
[debug] [2025-05-17T20:17:08.672Z] Checked if tokens are valid: true, expires at: 1747515418616
[debug] [2025-05-17T20:17:08.672Z] Checked if tokens are valid: true, expires at: 1747515418616
[debug] [2025-05-17T20:17:08.672Z] >>> [apiv2][query] GET https://cloudfunctions.googleapis.com/v2/projects/tranzitti-90210/locations/us-central1/operations/operation-1747513026724-6355a9532c0de-e6b226a6-63b4e790 [none]
[debug] [2025-05-17T20:17:08.768Z] [create-auth-functions-us-central1-setUserRole] Retrying task index 0
[debug] [2025-05-17T20:17:08.769Z] Checked if tokens are valid: true, expires at: 1747515418616
[debug] [2025-05-17T20:17:08.769Z] Checked if tokens are valid: true, expires at: 1747515418616
[debug] [2025-05-17T20:17:08.769Z] >>> [apiv2][query] GET https://cloudfunctions.googleapis.com/v2/projects/tranzitti-90210/locations/us-central1/operations/operation-1747513026747-6355a95331dbc-f7c03e2e-f6923bbd [none]
[debug] [2025-05-17T20:17:08.916Z] <<< [apiv2][status] GET https://cloudfunctions.googleapis.com/v2/projects/tranzitti-90210/locations/us-central1/operations/operation-1747513026724-6355a9532c0de-e6b226a6-63b4e790 200
[debug] [2025-05-17T20:17:08.916Z] <<< [apiv2][body] GET https://cloudfunctions.googleapis.com/v2/projects/tranzitti-90210/locations/us-central1/operations/operation-1747513026724-6355a9532c0de-e6b226a6-63b4e790 {"name":"projects/tranzitti-90210/locations/us-central1/operations/operation-1747513026724-6355a9532c0de-e6b226a6-63b4e790","metadata":{"@type":"type.googleapis.com/google.cloud.functions.v2.OperationMetadata","createTime":"2025-05-17T20:17:07.861607932Z","target":"projects/tranzitti-90210/locations/us-central1/functions/helloWorld","verb":"create","cancelRequested":false,"apiVersion":"v2","requestResource":{"@type":"type.googleapis.com/google.cloud.functions.v2.Function","name":"projects/tranzitti-90210/locations/us-central1/functions/helloWorld","buildConfig":{"runtime":"nodejs22","entryPoint":"helloWorld","source":{"storageSource":{"bucket":"gcf-v2-sources-243323136379-us-central1","object":"helloWorld/function-source.zip","generation":"1747513027554228"}},"environmentVariables":{"GOOGLE_NODE_RUN_SCRIPTS":""},"serviceAccount":"projects/tranzitti-90210/serviceAccounts/243323136379-compute@developer.gserviceaccount.com","automaticUpdatePolicy":{}},"serviceConfig":{"service":"projects/tranzitti-90210/locations/us-central1/services/helloworld","timeoutSeconds":60,"environmentVariables":{"FIREBASE_CONFIG":"{\"projectId\":\"tranzitti-90210\",\"storageBucket\":\"tranzitti-90210.firebasestorage.app\"}","GCLOUD_PROJECT":"tranzitti-90210","EVENTARC_CLOUD_EVENT_SOURCE":"projects/tranzitti-90210/locations/us-central1/services/helloWorld","FUNCTION_TARGET":"helloWorld","LOG_EXECUTION_ID":"true"},"ingressSettings":"ALLOW_ALL","serviceAccountEmail":"243323136379-compute@developer.gserviceaccount.com","availableMemory":"256Mi","maxInstanceRequestConcurrency":80,"availableCpu":"1"},"labels":{"deployment-tool":"cli-firebase","deployment-callable":"true","firebase-functions-hash":"2476397d4fbaa05dca326c147f11b097590861ae"},"environment":"GEN_2"},"stages":[{"name":"BUILD","state":"NOT_STARTED"},{"name":"SERVICE","state":"NOT_STARTED"}],"operationType":"CREATE_FUNCTION"},"done":false}
[debug] [2025-05-17T20:17:09.013Z] <<< [apiv2][status] GET https://cloudfunctions.googleapis.com/v2/projects/tranzitti-90210/locations/us-central1/operations/operation-1747513026747-6355a95331dbc-f7c03e2e-f6923bbd 200
[debug] [2025-05-17T20:17:09.013Z] <<< [apiv2][body] GET https://cloudfunctions.googleapis.com/v2/projects/tranzitti-90210/locations/us-central1/operations/operation-1747513026747-6355a95331dbc-f7c03e2e-f6923bbd {"name":"projects/tranzitti-90210/locations/us-central1/operations/operation-1747513026747-6355a95331dbc-f7c03e2e-f6923bbd","metadata":{"@type":"type.googleapis.com/google.cloud.functions.v2.OperationMetadata","createTime":"2025-05-17T20:17:07.944027612Z","target":"projects/tranzitti-90210/locations/us-central1/functions/setUserRole","verb":"create","cancelRequested":false,"apiVersion":"v2","requestResource":{"@type":"type.googleapis.com/google.cloud.functions.v2.Function","name":"projects/tranzitti-90210/locations/us-central1/functions/setUserRole","buildConfig":{"runtime":"nodejs22","entryPoint":"setUserRole","source":{"storageSource":{"bucket":"gcf-v2-sources-243323136379-us-central1","object":"setUserRole/function-source.zip","generation":"1747513027713761"}},"environmentVariables":{"GOOGLE_NODE_RUN_SCRIPTS":""},"serviceAccount":"projects/tranzitti-90210/serviceAccounts/243323136379-compute@developer.gserviceaccount.com","automaticUpdatePolicy":{}},"serviceConfig":{"service":"projects/tranzitti-90210/locations/us-central1/services/setuserrole","timeoutSeconds":60,"environmentVariables":{"FIREBASE_CONFIG":"{\"projectId\":\"tranzitti-90210\",\"storageBucket\":\"tranzitti-90210.firebasestorage.app\"}","GCLOUD_PROJECT":"tranzitti-90210","EVENTARC_CLOUD_EVENT_SOURCE":"projects/tranzitti-90210/locations/us-central1/services/setUserRole","FUNCTION_TARGET":"setUserRole","LOG_EXECUTION_ID":"true"},"ingressSettings":"ALLOW_ALL","serviceAccountEmail":"243323136379-compute@developer.gserviceaccount.com","availableMemory":"256Mi","maxInstanceRequestConcurrency":80,"availableCpu":"1"},"labels":{"deployment-tool":"cli-firebase","deployment-callable":"true","firebase-functions-codebase":"auth-functions","firebase-functions-hash":"36194583dc557d328f00fd9a3ccda0184a8005eb"},"environment":"GEN_2"},"stages":[{"name":"BUILD","state":"NOT_STARTED"},{"name":"SERVICE","state":"NOT_STARTED"}],"operationType":"CREATE_FUNCTION"},"done":false}
[debug] [2025-05-17T20:17:09.929Z] [create-default-us-central1-helloWorld] Retrying task index 0
[debug] [2025-05-17T20:17:09.930Z] Checked if tokens are valid: true, expires at: 1747515418616
[debug] [2025-05-17T20:17:09.931Z] Checked if tokens are valid: true, expires at: 1747515418616
[debug] [2025-05-17T20:17:09.931Z] >>> [apiv2][query] GET https://cloudfunctions.googleapis.com/v2/projects/tranzitti-90210/locations/us-central1/operations/operation-1747513026724-6355a9532c0de-e6b226a6-63b4e790 [none]
[debug] [2025-05-17T20:17:10.024Z] [create-auth-functions-us-central1-setUserRole] Retrying task index 0
[debug] [2025-05-17T20:17:10.025Z] Checked if tokens are valid: true, expires at: 1747515418616
[debug] [2025-05-17T20:17:10.025Z] Checked if tokens are valid: true, expires at: 1747515418616
[debug] [2025-05-17T20:17:10.025Z] >>> [apiv2][query] GET https://cloudfunctions.googleapis.com/v2/projects/tranzitti-90210/locations/us-central1/operations/operation-1747513026747-6355a95331dbc-f7c03e2e-f6923bbd [none]
[debug] [2025-05-17T20:17:10.161Z] <<< [apiv2][status] GET https://cloudfunctions.googleapis.com/v2/projects/tranzitti-90210/locations/us-central1/operations/operation-1747513026724-6355a9532c0de-e6b226a6-63b4e790 200
[debug] [2025-05-17T20:17:10.162Z] <<< [apiv2][body] GET https://cloudfunctions.googleapis.com/v2/projects/tranzitti-90210/locations/us-central1/operations/operation-1747513026724-6355a9532c0de-e6b226a6-63b4e790 {"name":"projects/tranzitti-90210/locations/us-central1/operations/operation-1747513026724-6355a9532c0de-e6b226a6-63b4e790","metadata":{"@type":"type.googleapis.com/google.cloud.functions.v2.OperationMetadata","createTime":"2025-05-17T20:17:07.861607932Z","target":"projects/tranzitti-90210/locations/us-central1/functions/helloWorld","verb":"create","cancelRequested":false,"apiVersion":"v2","requestResource":{"@type":"type.googleapis.com/google.cloud.functions.v2.Function","name":"projects/tranzitti-90210/locations/us-central1/functions/helloWorld","buildConfig":{"runtime":"nodejs22","entryPoint":"helloWorld","source":{"storageSource":{"bucket":"gcf-v2-sources-243323136379-us-central1","object":"helloWorld/function-source.zip","generation":"1747513027554228"}},"environmentVariables":{"GOOGLE_NODE_RUN_SCRIPTS":""},"serviceAccount":"projects/tranzitti-90210/serviceAccounts/243323136379-compute@developer.gserviceaccount.com","automaticUpdatePolicy":{}},"serviceConfig":{"service":"projects/tranzitti-90210/locations/us-central1/services/helloworld","timeoutSeconds":60,"environmentVariables":{"FIREBASE_CONFIG":"{\"projectId\":\"tranzitti-90210\",\"storageBucket\":\"tranzitti-90210.firebasestorage.app\"}","GCLOUD_PROJECT":"tranzitti-90210","EVENTARC_CLOUD_EVENT_SOURCE":"projects/tranzitti-90210/locations/us-central1/services/helloWorld","FUNCTION_TARGET":"helloWorld","LOG_EXECUTION_ID":"true"},"ingressSettings":"ALLOW_ALL","serviceAccountEmail":"243323136379-compute@developer.gserviceaccount.com","availableMemory":"256Mi","maxInstanceRequestConcurrency":80,"availableCpu":"1"},"labels":{"deployment-tool":"cli-firebase","deployment-callable":"true","firebase-functions-hash":"2476397d4fbaa05dca326c147f11b097590861ae"},"environment":"GEN_2"},"stages":[{"name":"BUILD","state":"NOT_STARTED"},{"name":"SERVICE","state":"NOT_STARTED"}],"operationType":"CREATE_FUNCTION"},"done":false}
[debug] [2025-05-17T20:17:10.297Z] <<< [apiv2][status] GET https://cloudfunctions.googleapis.com/v2/projects/tranzitti-90210/locations/us-central1/operations/operation-1747513026747-6355a95331dbc-f7c03e2e-f6923bbd 200
[debug] [2025-05-17T20:17:10.297Z] <<< [apiv2][body] GET https://cloudfunctions.googleapis.com/v2/projects/tranzitti-90210/locations/us-central1/operations/operation-1747513026747-6355a95331dbc-f7c03e2e-f6923bbd {"name":"projects/tranzitti-90210/locations/us-central1/operations/operation-1747513026747-6355a95331dbc-f7c03e2e-f6923bbd","metadata":{"@type":"type.googleapis.com/google.cloud.functions.v2.OperationMetadata","createTime":"2025-05-17T20:17:07.944027612Z","target":"projects/tranzitti-90210/locations/us-central1/functions/setUserRole","verb":"create","cancelRequested":false,"apiVersion":"v2","requestResource":{"@type":"type.googleapis.com/google.cloud.functions.v2.Function","name":"projects/tranzitti-90210/locations/us-central1/functions/setUserRole","buildConfig":{"runtime":"nodejs22","entryPoint":"setUserRole","source":{"storageSource":{"bucket":"gcf-v2-sources-243323136379-us-central1","object":"setUserRole/function-source.zip","generation":"1747513027713761"}},"environmentVariables":{"GOOGLE_NODE_RUN_SCRIPTS":""},"serviceAccount":"projects/tranzitti-90210/serviceAccounts/243323136379-compute@developer.gserviceaccount.com","automaticUpdatePolicy":{}},"serviceConfig":{"service":"projects/tranzitti-90210/locations/us-central1/services/setuserrole","timeoutSeconds":60,"environmentVariables":{"FIREBASE_CONFIG":"{\"projectId\":\"tranzitti-90210\",\"storageBucket\":\"tranzitti-90210.firebasestorage.app\"}","GCLOUD_PROJECT":"tranzitti-90210","EVENTARC_CLOUD_EVENT_SOURCE":"projects/tranzitti-90210/locations/us-central1/services/setUserRole","FUNCTION_TARGET":"setUserRole","LOG_EXECUTION_ID":"true"},"ingressSettings":"ALLOW_ALL","serviceAccountEmail":"243323136379-compute@developer.gserviceaccount.com","availableMemory":"256Mi","maxInstanceRequestConcurrency":80,"availableCpu":"1"},"labels":{"deployment-tool":"cli-firebase","deployment-callable":"true","firebase-functions-codebase":"auth-functions","firebase-functions-hash":"36194583dc557d328f00fd9a3ccda0184a8005eb"},"environment":"GEN_2"},"stages":[{"name":"BUILD","message":"Build in progress","state":"IN_PROGRESS","resource":"projects/243323136379/locations/us-central1/builds/4cf1decc-885c-4e85-9087-fe41aa46811f","resourceUri":"https://console.cloud.google.com/cloud-build/builds;region=us-central1/4cf1decc-885c-4e85-9087-fe41aa46811f?project=243323136379"},{"name":"SERVICE","state":"NOT_STARTED"}],"operationType":"CREATE_FUNCTION","buildName":"projects/243323136379/locations/us-central1/builds/4cf1decc-885c-4e85-9087-fe41aa46811f"},"done":false}
[debug] [2025-05-17T20:17:12.165Z] [create-default-us-central1-helloWorld] Retrying task index 0
[debug] [2025-05-17T20:17:12.166Z] Checked if tokens are valid: true, expires at: 1747515418616
[debug] [2025-05-17T20:17:12.166Z] Checked if tokens are valid: true, expires at: 1747515418616
[debug] [2025-05-17T20:17:12.166Z] >>> [apiv2][query] GET https://cloudfunctions.googleapis.com/v2/projects/tranzitti-90210/locations/us-central1/operations/operation-1747513026724-6355a9532c0de-e6b226a6-63b4e790 [none]
[debug] [2025-05-17T20:17:12.310Z] [create-auth-functions-us-central1-setUserRole] Retrying task index 0
[debug] [2025-05-17T20:17:12.310Z] Checked if tokens are valid: true, expires at: 1747515418616
[debug] [2025-05-17T20:17:12.310Z] Checked if tokens are valid: true, expires at: 1747515418616
[debug] [2025-05-17T20:17:12.310Z] >>> [apiv2][query] GET https://cloudfunctions.googleapis.com/v2/projects/tranzitti-90210/locations/us-central1/operations/operation-1747513026747-6355a95331dbc-f7c03e2e-f6923bbd [none]
[debug] [2025-05-17T20:17:12.408Z] <<< [apiv2][status] GET https://cloudfunctions.googleapis.com/v2/projects/tranzitti-90210/locations/us-central1/operations/operation-1747513026724-6355a9532c0de-e6b226a6-63b4e790 200
[debug] [2025-05-17T20:17:12.409Z] <<< [apiv2][body] GET https://cloudfunctions.googleapis.com/v2/projects/tranzitti-90210/locations/us-central1/operations/operation-1747513026724-6355a9532c0de-e6b226a6-63b4e790 {"name":"projects/tranzitti-90210/locations/us-central1/operations/operation-1747513026724-6355a9532c0de-e6b226a6-63b4e790","metadata":{"@type":"type.googleapis.com/google.cloud.functions.v2.OperationMetadata","createTime":"2025-05-17T20:17:07.861607932Z","target":"projects/tranzitti-90210/locations/us-central1/functions/helloWorld","verb":"create","cancelRequested":false,"apiVersion":"v2","requestResource":{"@type":"type.googleapis.com/google.cloud.functions.v2.Function","name":"projects/tranzitti-90210/locations/us-central1/functions/helloWorld","buildConfig":{"runtime":"nodejs22","entryPoint":"helloWorld","source":{"storageSource":{"bucket":"gcf-v2-sources-243323136379-us-central1","object":"helloWorld/function-source.zip","generation":"1747513027554228"}},"environmentVariables":{"GOOGLE_NODE_RUN_SCRIPTS":""},"serviceAccount":"projects/tranzitti-90210/serviceAccounts/243323136379-compute@developer.gserviceaccount.com","automaticUpdatePolicy":{}},"serviceConfig":{"service":"projects/tranzitti-90210/locations/us-central1/services/helloworld","timeoutSeconds":60,"environmentVariables":{"FIREBASE_CONFIG":"{\"projectId\":\"tranzitti-90210\",\"storageBucket\":\"tranzitti-90210.firebasestorage.app\"}","GCLOUD_PROJECT":"tranzitti-90210","EVENTARC_CLOUD_EVENT_SOURCE":"projects/tranzitti-90210/locations/us-central1/services/helloWorld","FUNCTION_TARGET":"helloWorld","LOG_EXECUTION_ID":"true"},"ingressSettings":"ALLOW_ALL","serviceAccountEmail":"243323136379-compute@developer.gserviceaccount.com","availableMemory":"256Mi","maxInstanceRequestConcurrency":80,"availableCpu":"1"},"labels":{"deployment-tool":"cli-firebase","deployment-callable":"true","firebase-functions-hash":"2476397d4fbaa05dca326c147f11b097590861ae"},"environment":"GEN_2"},"stages":[{"name":"BUILD","state":"NOT_STARTED"},{"name":"SERVICE","state":"NOT_STARTED"}],"operationType":"CREATE_FUNCTION"},"done":false}
[debug] [2025-05-17T20:17:12.522Z] <<< [apiv2][status] GET https://cloudfunctions.googleapis.com/v2/projects/tranzitti-90210/locations/us-central1/operations/operation-1747513026747-6355a95331dbc-f7c03e2e-f6923bbd 200
[debug] [2025-05-17T20:17:12.523Z] <<< [apiv2][body] GET https://cloudfunctions.googleapis.com/v2/projects/tranzitti-90210/locations/us-central1/operations/operation-1747513026747-6355a95331dbc-f7c03e2e-f6923bbd {"name":"projects/tranzitti-90210/locations/us-central1/operations/operation-1747513026747-6355a95331dbc-f7c03e2e-f6923bbd","metadata":{"@type":"type.googleapis.com/google.cloud.functions.v2.OperationMetadata","createTime":"2025-05-17T20:17:07.944027612Z","target":"projects/tranzitti-90210/locations/us-central1/functions/setUserRole","verb":"create","cancelRequested":false,"apiVersion":"v2","requestResource":{"@type":"type.googleapis.com/google.cloud.functions.v2.Function","name":"projects/tranzitti-90210/locations/us-central1/functions/setUserRole","buildConfig":{"runtime":"nodejs22","entryPoint":"setUserRole","source":{"storageSource":{"bucket":"gcf-v2-sources-243323136379-us-central1","object":"setUserRole/function-source.zip","generation":"1747513027713761"}},"environmentVariables":{"GOOGLE_NODE_RUN_SCRIPTS":""},"serviceAccount":"projects/tranzitti-90210/serviceAccounts/243323136379-compute@developer.gserviceaccount.com","automaticUpdatePolicy":{}},"serviceConfig":{"service":"projects/tranzitti-90210/locations/us-central1/services/setuserrole","timeoutSeconds":60,"environmentVariables":{"FIREBASE_CONFIG":"{\"projectId\":\"tranzitti-90210\",\"storageBucket\":\"tranzitti-90210.firebasestorage.app\"}","GCLOUD_PROJECT":"tranzitti-90210","EVENTARC_CLOUD_EVENT_SOURCE":"projects/tranzitti-90210/locations/us-central1/services/setUserRole","FUNCTION_TARGET":"setUserRole","LOG_EXECUTION_ID":"true"},"ingressSettings":"ALLOW_ALL","serviceAccountEmail":"243323136379-compute@developer.gserviceaccount.com","availableMemory":"256Mi","maxInstanceRequestConcurrency":80,"availableCpu":"1"},"labels":{"deployment-tool":"cli-firebase","deployment-callable":"true","firebase-functions-codebase":"auth-functions","firebase-functions-hash":"36194583dc557d328f00fd9a3ccda0184a8005eb"},"environment":"GEN_2"},"stages":[{"name":"BUILD","message":"Build in progress","state":"IN_PROGRESS","resource":"projects/243323136379/locations/us-central1/builds/4cf1decc-885c-4e85-9087-fe41aa46811f","resourceUri":"https://console.cloud.google.com/cloud-build/builds;region=us-central1/4cf1decc-885c-4e85-9087-fe41aa46811f?project=243323136379"},{"name":"SERVICE","state":"NOT_STARTED"}],"operationType":"CREATE_FUNCTION","buildName":"projects/243323136379/locations/us-central1/builds/4cf1decc-885c-4e85-9087-fe41aa46811f"},"done":false}
[debug] [2025-05-17T20:17:16.418Z] [create-default-us-central1-helloWorld] Retrying task index 0
[debug] [2025-05-17T20:17:16.419Z] Checked if tokens are valid: true, expires at: 1747515418616
[debug] [2025-05-17T20:17:16.419Z] Checked if tokens are valid: true, expires at: 1747515418616
[debug] [2025-05-17T20:17:16.419Z] >>> [apiv2][query] GET https://cloudfunctions.googleapis.com/v2/projects/tranzitti-90210/locations/us-central1/operations/operation-1747513026724-6355a9532c0de-e6b226a6-63b4e790 [none]
[debug] [2025-05-17T20:17:16.530Z] [create-auth-functions-us-central1-setUserRole] Retrying task index 0
[debug] [2025-05-17T20:17:16.531Z] Checked if tokens are valid: true, expires at: 1747515418616
[debug] [2025-05-17T20:17:16.531Z] Checked if tokens are valid: true, expires at: 1747515418616
[debug] [2025-05-17T20:17:16.532Z] >>> [apiv2][query] GET https://cloudfunctions.googleapis.com/v2/projects/tranzitti-90210/locations/us-central1/operations/operation-1747513026747-6355a95331dbc-f7c03e2e-f6923bbd [none]
[debug] [2025-05-17T20:17:16.651Z] <<< [apiv2][status] GET https://cloudfunctions.googleapis.com/v2/projects/tranzitti-90210/locations/us-central1/operations/operation-1747513026724-6355a9532c0de-e6b226a6-63b4e790 200
[debug] [2025-05-17T20:17:16.651Z] <<< [apiv2][body] GET https://cloudfunctions.googleapis.com/v2/projects/tranzitti-90210/locations/us-central1/operations/operation-1747513026724-6355a9532c0de-e6b226a6-63b4e790 {"name":"projects/tranzitti-90210/locations/us-central1/operations/operation-1747513026724-6355a9532c0de-e6b226a6-63b4e790","metadata":{"@type":"type.googleapis.com/google.cloud.functions.v2.OperationMetadata","createTime":"2025-05-17T20:17:07.861607932Z","target":"projects/tranzitti-90210/locations/us-central1/functions/helloWorld","verb":"create","cancelRequested":false,"apiVersion":"v2","requestResource":{"@type":"type.googleapis.com/google.cloud.functions.v2.Function","name":"projects/tranzitti-90210/locations/us-central1/functions/helloWorld","buildConfig":{"runtime":"nodejs22","entryPoint":"helloWorld","source":{"storageSource":{"bucket":"gcf-v2-sources-243323136379-us-central1","object":"helloWorld/function-source.zip","generation":"1747513027554228"}},"environmentVariables":{"GOOGLE_NODE_RUN_SCRIPTS":""},"serviceAccount":"projects/tranzitti-90210/serviceAccounts/243323136379-compute@developer.gserviceaccount.com","automaticUpdatePolicy":{}},"serviceConfig":{"service":"projects/tranzitti-90210/locations/us-central1/services/helloworld","timeoutSeconds":60,"environmentVariables":{"FIREBASE_CONFIG":"{\"projectId\":\"tranzitti-90210\",\"storageBucket\":\"tranzitti-90210.firebasestorage.app\"}","GCLOUD_PROJECT":"tranzitti-90210","EVENTARC_CLOUD_EVENT_SOURCE":"projects/tranzitti-90210/locations/us-central1/services/helloWorld","FUNCTION_TARGET":"helloWorld","LOG_EXECUTION_ID":"true"},"ingressSettings":"ALLOW_ALL","serviceAccountEmail":"243323136379-compute@developer.gserviceaccount.com","availableMemory":"256Mi","maxInstanceRequestConcurrency":80,"availableCpu":"1"},"labels":{"deployment-tool":"cli-firebase","deployment-callable":"true","firebase-functions-hash":"2476397d4fbaa05dca326c147f11b097590861ae"},"environment":"GEN_2"},"stages":[{"name":"BUILD","state":"NOT_STARTED"},{"name":"SERVICE","state":"NOT_STARTED"}],"operationType":"CREATE_FUNCTION"},"done":false}
[debug] [2025-05-17T20:17:16.755Z] <<< [apiv2][status] GET https://cloudfunctions.googleapis.com/v2/projects/tranzitti-90210/locations/us-central1/operations/operation-1747513026747-6355a95331dbc-f7c03e2e-f6923bbd 200
[debug] [2025-05-17T20:17:16.755Z] <<< [apiv2][body] GET https://cloudfunctions.googleapis.com/v2/projects/tranzitti-90210/locations/us-central1/operations/operation-1747513026747-6355a95331dbc-f7c03e2e-f6923bbd {"name":"projects/tranzitti-90210/locations/us-central1/operations/operation-1747513026747-6355a95331dbc-f7c03e2e-f6923bbd","metadata":{"@type":"type.googleapis.com/google.cloud.functions.v2.OperationMetadata","createTime":"2025-05-17T20:17:07.944027612Z","target":"projects/tranzitti-90210/locations/us-central1/functions/setUserRole","verb":"create","cancelRequested":false,"apiVersion":"v2","requestResource":{"@type":"type.googleapis.com/google.cloud.functions.v2.Function","name":"projects/tranzitti-90210/locations/us-central1/functions/setUserRole","buildConfig":{"runtime":"nodejs22","entryPoint":"setUserRole","source":{"storageSource":{"bucket":"gcf-v2-sources-243323136379-us-central1","object":"setUserRole/function-source.zip","generation":"1747513027713761"}},"environmentVariables":{"GOOGLE_NODE_RUN_SCRIPTS":""},"serviceAccount":"projects/tranzitti-90210/serviceAccounts/243323136379-compute@developer.gserviceaccount.com","automaticUpdatePolicy":{}},"serviceConfig":{"service":"projects/tranzitti-90210/locations/us-central1/services/setuserrole","timeoutSeconds":60,"environmentVariables":{"FIREBASE_CONFIG":"{\"projectId\":\"tranzitti-90210\",\"storageBucket\":\"tranzitti-90210.firebasestorage.app\"}","GCLOUD_PROJECT":"tranzitti-90210","EVENTARC_CLOUD_EVENT_SOURCE":"projects/tranzitti-90210/locations/us-central1/services/setUserRole","FUNCTION_TARGET":"setUserRole","LOG_EXECUTION_ID":"true"},"ingressSettings":"ALLOW_ALL","serviceAccountEmail":"243323136379-compute@developer.gserviceaccount.com","availableMemory":"256Mi","maxInstanceRequestConcurrency":80,"availableCpu":"1"},"labels":{"deployment-tool":"cli-firebase","deployment-callable":"true","firebase-functions-codebase":"auth-functions","firebase-functions-hash":"36194583dc557d328f00fd9a3ccda0184a8005eb"},"environment":"GEN_2"},"stages":[{"name":"BUILD","message":"Build in progress","state":"IN_PROGRESS","resource":"projects/243323136379/locations/us-central1/builds/4cf1decc-885c-4e85-9087-fe41aa46811f","resourceUri":"https://console.cloud.google.com/cloud-build/builds;region=us-central1/4cf1decc-885c-4e85-9087-fe41aa46811f?project=243323136379"},{"name":"SERVICE","state":"NOT_STARTED"}],"operationType":"CREATE_FUNCTION","buildName":"projects/243323136379/locations/us-central1/builds/4cf1decc-885c-4e85-9087-fe41aa46811f"},"done":false}
[debug] [2025-05-17T20:17:24.656Z] [create-default-us-central1-helloWorld] Retrying task index 0
[debug] [2025-05-17T20:17:24.657Z] Checked if tokens are valid: true, expires at: 1747515418616
[debug] [2025-05-17T20:17:24.657Z] Checked if tokens are valid: true, expires at: 1747515418616
[debug] [2025-05-17T20:17:24.657Z] >>> [apiv2][query] GET https://cloudfunctions.googleapis.com/v2/projects/tranzitti-90210/locations/us-central1/operations/operation-1747513026724-6355a9532c0de-e6b226a6-63b4e790 [none]
[debug] [2025-05-17T20:17:24.764Z] [create-auth-functions-us-central1-setUserRole] Retrying task index 0
[debug] [2025-05-17T20:17:24.764Z] Checked if tokens are valid: true, expires at: 1747515418616
[debug] [2025-05-17T20:17:24.764Z] Checked if tokens are valid: true, expires at: 1747515418616
[debug] [2025-05-17T20:17:24.765Z] >>> [apiv2][query] GET https://cloudfunctions.googleapis.com/v2/projects/tranzitti-90210/locations/us-central1/operations/operation-1747513026747-6355a95331dbc-f7c03e2e-f6923bbd [none]
[debug] [2025-05-17T20:17:25.026Z] <<< [apiv2][status] GET https://cloudfunctions.googleapis.com/v2/projects/tranzitti-90210/locations/us-central1/operations/operation-1747513026724-6355a9532c0de-e6b226a6-63b4e790 200
[debug] [2025-05-17T20:17:25.026Z] <<< [apiv2][body] GET https://cloudfunctions.googleapis.com/v2/projects/tranzitti-90210/locations/us-central1/operations/operation-1747513026724-6355a9532c0de-e6b226a6-63b4e790 {"name":"projects/tranzitti-90210/locations/us-central1/operations/operation-1747513026724-6355a9532c0de-e6b226a6-63b4e790","metadata":{"@type":"type.googleapis.com/google.cloud.functions.v2.OperationMetadata","createTime":"2025-05-17T20:17:07.861607932Z","target":"projects/tranzitti-90210/locations/us-central1/functions/helloWorld","verb":"create","cancelRequested":false,"apiVersion":"v2","requestResource":{"@type":"type.googleapis.com/google.cloud.functions.v2.Function","name":"projects/tranzitti-90210/locations/us-central1/functions/helloWorld","buildConfig":{"runtime":"nodejs22","entryPoint":"helloWorld","source":{"storageSource":{"bucket":"gcf-v2-sources-243323136379-us-central1","object":"helloWorld/function-source.zip","generation":"1747513027554228"}},"environmentVariables":{"GOOGLE_NODE_RUN_SCRIPTS":""},"serviceAccount":"projects/tranzitti-90210/serviceAccounts/243323136379-compute@developer.gserviceaccount.com","automaticUpdatePolicy":{}},"serviceConfig":{"service":"projects/tranzitti-90210/locations/us-central1/services/helloworld","timeoutSeconds":60,"environmentVariables":{"FIREBASE_CONFIG":"{\"projectId\":\"tranzitti-90210\",\"storageBucket\":\"tranzitti-90210.firebasestorage.app\"}","GCLOUD_PROJECT":"tranzitti-90210","EVENTARC_CLOUD_EVENT_SOURCE":"projects/tranzitti-90210/locations/us-central1/services/helloWorld","FUNCTION_TARGET":"helloWorld","LOG_EXECUTION_ID":"true"},"ingressSettings":"ALLOW_ALL","serviceAccountEmail":"243323136379-compute@developer.gserviceaccount.com","availableMemory":"256Mi","maxInstanceRequestConcurrency":80,"availableCpu":"1"},"labels":{"deployment-tool":"cli-firebase","deployment-callable":"true","firebase-functions-hash":"2476397d4fbaa05dca326c147f11b097590861ae"},"environment":"GEN_2"},"stages":[{"name":"BUILD","message":"Build in progress","state":"IN_PROGRESS","resource":"projects/243323136379/locations/us-central1/builds/665b0eb8-af49-4d28-9458-9548e2801cfc","resourceUri":"https://console.cloud.google.com/cloud-build/builds;region=us-central1/665b0eb8-af49-4d28-9458-9548e2801cfc?project=243323136379"},{"name":"SERVICE","state":"NOT_STARTED"}],"operationType":"CREATE_FUNCTION","buildName":"projects/243323136379/locations/us-central1/builds/665b0eb8-af49-4d28-9458-9548e2801cfc"},"done":false}
[debug] [2025-05-17T20:17:25.137Z] <<< [apiv2][status] GET https://cloudfunctions.googleapis.com/v2/projects/tranzitti-90210/locations/us-central1/operations/operation-1747513026747-6355a95331dbc-f7c03e2e-f6923bbd 200
[debug] [2025-05-17T20:17:25.138Z] <<< [apiv2][body] GET https://cloudfunctions.googleapis.com/v2/projects/tranzitti-90210/locations/us-central1/operations/operation-1747513026747-6355a95331dbc-f7c03e2e-f6923bbd {"name":"projects/tranzitti-90210/locations/us-central1/operations/operation-1747513026747-6355a95331dbc-f7c03e2e-f6923bbd","metadata":{"@type":"type.googleapis.com/google.cloud.functions.v2.OperationMetadata","createTime":"2025-05-17T20:17:07.944027612Z","target":"projects/tranzitti-90210/locations/us-central1/functions/setUserRole","verb":"create","cancelRequested":false,"apiVersion":"v2","requestResource":{"@type":"type.googleapis.com/google.cloud.functions.v2.Function","name":"projects/tranzitti-90210/locations/us-central1/functions/setUserRole","buildConfig":{"runtime":"nodejs22","entryPoint":"setUserRole","source":{"storageSource":{"bucket":"gcf-v2-sources-243323136379-us-central1","object":"setUserRole/function-source.zip","generation":"1747513027713761"}},"environmentVariables":{"GOOGLE_NODE_RUN_SCRIPTS":""},"serviceAccount":"projects/tranzitti-90210/serviceAccounts/243323136379-compute@developer.gserviceaccount.com","automaticUpdatePolicy":{}},"serviceConfig":{"service":"projects/tranzitti-90210/locations/us-central1/services/setuserrole","timeoutSeconds":60,"environmentVariables":{"FIREBASE_CONFIG":"{\"projectId\":\"tranzitti-90210\",\"storageBucket\":\"tranzitti-90210.firebasestorage.app\"}","GCLOUD_PROJECT":"tranzitti-90210","EVENTARC_CLOUD_EVENT_SOURCE":"projects/tranzitti-90210/locations/us-central1/services/setUserRole","FUNCTION_TARGET":"setUserRole","LOG_EXECUTION_ID":"true"},"ingressSettings":"ALLOW_ALL","serviceAccountEmail":"243323136379-compute@developer.gserviceaccount.com","availableMemory":"256Mi","maxInstanceRequestConcurrency":80,"availableCpu":"1"},"labels":{"deployment-tool":"cli-firebase","deployment-callable":"true","firebase-functions-codebase":"auth-functions","firebase-functions-hash":"36194583dc557d328f00fd9a3ccda0184a8005eb"},"environment":"GEN_2"},"stages":[{"name":"BUILD","message":"Build in progress","state":"IN_PROGRESS","resource":"projects/243323136379/locations/us-central1/builds/4cf1decc-885c-4e85-9087-fe41aa46811f","resourceUri":"https://console.cloud.google.com/cloud-build/builds;region=us-central1/4cf1decc-885c-4e85-9087-fe41aa46811f?project=243323136379"},{"name":"SERVICE","state":"NOT_STARTED"}],"operationType":"CREATE_FUNCTION","buildName":"projects/243323136379/locations/us-central1/builds/4cf1decc-885c-4e85-9087-fe41aa46811f"},"done":false}
[debug] [2025-05-17T20:17:35.032Z] [create-default-us-central1-helloWorld] Retrying task index 0
[debug] [2025-05-17T20:17:35.033Z] Checked if tokens are valid: true, expires at: 1747515418616
[debug] [2025-05-17T20:17:35.033Z] Checked if tokens are valid: true, expires at: 1747515418616
[debug] [2025-05-17T20:17:35.034Z] >>> [apiv2][query] GET https://cloudfunctions.googleapis.com/v2/projects/tranzitti-90210/locations/us-central1/operations/operation-1747513026724-6355a9532c0de-e6b226a6-63b4e790 [none]
[debug] [2025-05-17T20:17:35.143Z] [create-auth-functions-us-central1-setUserRole] Retrying task index 0
[debug] [2025-05-17T20:17:35.143Z] Checked if tokens are valid: true, expires at: 1747515418616
[debug] [2025-05-17T20:17:35.143Z] Checked if tokens are valid: true, expires at: 1747515418616
[debug] [2025-05-17T20:17:35.144Z] >>> [apiv2][query] GET https://cloudfunctions.googleapis.com/v2/projects/tranzitti-90210/locations/us-central1/operations/operation-1747513026747-6355a95331dbc-f7c03e2e-f6923bbd [none]
[debug] [2025-05-17T20:17:35.412Z] <<< [apiv2][status] GET https://cloudfunctions.googleapis.com/v2/projects/tranzitti-90210/locations/us-central1/operations/operation-1747513026724-6355a9532c0de-e6b226a6-63b4e790 200
[debug] [2025-05-17T20:17:35.412Z] <<< [apiv2][body] GET https://cloudfunctions.googleapis.com/v2/projects/tranzitti-90210/locations/us-central1/operations/operation-1747513026724-6355a9532c0de-e6b226a6-63b4e790 {"name":"projects/tranzitti-90210/locations/us-central1/operations/operation-1747513026724-6355a9532c0de-e6b226a6-63b4e790","metadata":{"@type":"type.googleapis.com/google.cloud.functions.v2.OperationMetadata","createTime":"2025-05-17T20:17:07.861607932Z","target":"projects/tranzitti-90210/locations/us-central1/functions/helloWorld","verb":"create","cancelRequested":false,"apiVersion":"v2","requestResource":{"@type":"type.googleapis.com/google.cloud.functions.v2.Function","name":"projects/tranzitti-90210/locations/us-central1/functions/helloWorld","buildConfig":{"runtime":"nodejs22","entryPoint":"helloWorld","source":{"storageSource":{"bucket":"gcf-v2-sources-243323136379-us-central1","object":"helloWorld/function-source.zip","generation":"1747513027554228"}},"environmentVariables":{"GOOGLE_NODE_RUN_SCRIPTS":""},"serviceAccount":"projects/tranzitti-90210/serviceAccounts/243323136379-compute@developer.gserviceaccount.com","automaticUpdatePolicy":{}},"serviceConfig":{"service":"projects/tranzitti-90210/locations/us-central1/services/helloworld","timeoutSeconds":60,"environmentVariables":{"FIREBASE_CONFIG":"{\"projectId\":\"tranzitti-90210\",\"storageBucket\":\"tranzitti-90210.firebasestorage.app\"}","GCLOUD_PROJECT":"tranzitti-90210","EVENTARC_CLOUD_EVENT_SOURCE":"projects/tranzitti-90210/locations/us-central1/services/helloWorld","FUNCTION_TARGET":"helloWorld","LOG_EXECUTION_ID":"true"},"ingressSettings":"ALLOW_ALL","serviceAccountEmail":"243323136379-compute@developer.gserviceaccount.com","availableMemory":"256Mi","maxInstanceRequestConcurrency":80,"availableCpu":"1"},"labels":{"deployment-tool":"cli-firebase","deployment-callable":"true","firebase-functions-hash":"2476397d4fbaa05dca326c147f11b097590861ae"},"environment":"GEN_2"},"stages":[{"name":"BUILD","message":"Build in progress","state":"IN_PROGRESS","resource":"projects/243323136379/locations/us-central1/builds/665b0eb8-af49-4d28-9458-9548e2801cfc","resourceUri":"https://console.cloud.google.com/cloud-build/builds;region=us-central1/665b0eb8-af49-4d28-9458-9548e2801cfc?project=243323136379"},{"name":"SERVICE","state":"NOT_STARTED"}],"operationType":"CREATE_FUNCTION","buildName":"projects/243323136379/locations/us-central1/builds/665b0eb8-af49-4d28-9458-9548e2801cfc"},"done":false}
[debug] [2025-05-17T20:17:35.531Z] <<< [apiv2][status] GET https://cloudfunctions.googleapis.com/v2/projects/tranzitti-90210/locations/us-central1/operations/operation-1747513026747-6355a95331dbc-f7c03e2e-f6923bbd 200
[debug] [2025-05-17T20:17:35.531Z] <<< [apiv2][body] GET https://cloudfunctions.googleapis.com/v2/projects/tranzitti-90210/locations/us-central1/operations/operation-1747513026747-6355a95331dbc-f7c03e2e-f6923bbd {"name":"projects/tranzitti-90210/locations/us-central1/operations/operation-1747513026747-6355a95331dbc-f7c03e2e-f6923bbd","metadata":{"@type":"type.googleapis.com/google.cloud.functions.v2.OperationMetadata","createTime":"2025-05-17T20:17:07.944027612Z","endTime":"2025-05-17T20:17:28.559763422Z","target":"projects/tranzitti-90210/locations/us-central1/functions/setUserRole","verb":"create","cancelRequested":false,"apiVersion":"v2","requestResource":{"@type":"type.googleapis.com/google.cloud.functions.v2.Function","name":"projects/tranzitti-90210/locations/us-central1/functions/setUserRole","buildConfig":{"runtime":"nodejs22","entryPoint":"setUserRole","source":{"storageSource":{"bucket":"gcf-v2-sources-243323136379-us-central1","object":"setUserRole/function-source.zip","generation":"1747513027713761"}},"environmentVariables":{"GOOGLE_NODE_RUN_SCRIPTS":""},"serviceAccount":"projects/tranzitti-90210/serviceAccounts/243323136379-compute@developer.gserviceaccount.com","automaticUpdatePolicy":{}},"serviceConfig":{"service":"projects/tranzitti-90210/locations/us-central1/services/setuserrole","timeoutSeconds":60,"environmentVariables":{"FIREBASE_CONFIG":"{\"projectId\":\"tranzitti-90210\",\"storageBucket\":\"tranzitti-90210.firebasestorage.app\"}","GCLOUD_PROJECT":"tranzitti-90210","EVENTARC_CLOUD_EVENT_SOURCE":"projects/tranzitti-90210/locations/us-central1/services/setUserRole","FUNCTION_TARGET":"setUserRole","LOG_EXECUTION_ID":"true"},"ingressSettings":"ALLOW_ALL","serviceAccountEmail":"243323136379-compute@developer.gserviceaccount.com","availableMemory":"256Mi","maxInstanceRequestConcurrency":80,"availableCpu":"1"},"labels":{"deployment-tool":"cli-firebase","deployment-callable":"true","firebase-functions-codebase":"auth-functions","firebase-functions-hash":"36194583dc557d328f00fd9a3ccda0184a8005eb"},"environment":"GEN_2"},"stages":[{"name":"ARTIFACT_REGISTRY","message":"Deleting function artifacts in Artifact Registry","state":"COMPLETE"},{"name":"SERVICE","message":"Deleting Cloud Run service","state":"COMPLETE","resource":"projects/tranzitti-90210/locations/us-central1/services/setuserrole"}],"operationType":"CREATE_FUNCTION"},"done":true,"error":{"code":3,"message":"Build failed with status: FAILURE. Could not build the function due to a missing permission on the build service account. If you didn't revoke that permission explicitly, this could be caused by a change in the organization policies. Please refer to the following documentation for more details and resolution: https://cloud.google.com/functions/docs/troubleshooting#build-service-account\n You can also view the logs at https://console.cloud.google.com/cloud-build/builds;region=us-central1/4cf1decc-885c-4e85-9087-fe41aa46811f?project=243323136379.\n"}}
[debug] [2025-05-17T20:17:35.531Z] Got source token undefined for region us-central1
[debug] [2025-05-17T20:17:35.531Z] Checked if tokens are valid: true, expires at: 1747515418616
[debug] [2025-05-17T20:17:35.532Z] Checked if tokens are valid: true, expires at: 1747515418616
[debug] [2025-05-17T20:17:35.532Z] >>> [apiv2][query] POST https://cloudfunctions.googleapis.com/v2/projects/tranzitti-90210/locations/us-central1/functions functionId=getUserRole
[debug] [2025-05-17T20:17:35.532Z] >>> [apiv2][body] POST https://cloudfunctions.googleapis.com/v2/projects/tranzitti-90210/locations/us-central1/functions {"name":"projects/tranzitti-90210/locations/us-central1/functions/getUserRole","buildConfig":{"runtime":"nodejs22","entryPoint":"getUserRole","source":{"storageSource":{"bucket":"gcf-v2-uploads-243323136379.us-central1.cloudfunctions.appspot.com","object":"4472b3d4-6235-4fe6-8d35-4b9fbf2b8d12.zip"}},"environmentVariables":{"GOOGLE_NODE_RUN_SCRIPTS":""}},"serviceConfig":{"environmentVariables":{"FIREBASE_CONFIG":"{\"projectId\":\"tranzitti-90210\",\"storageBucket\":\"tranzitti-90210.firebasestorage.app\"}","GCLOUD_PROJECT":"tranzitti-90210","EVENTARC_CLOUD_EVENT_SOURCE":"projects/tranzitti-90210/locations/us-central1/services/getUserRole","FUNCTION_TARGET":"getUserRole","LOG_EXECUTION_ID":"true"},"ingressSettings":null,"timeoutSeconds":null,"serviceAccountEmail":null,"availableMemory":"256Mi","minInstanceCount":null,"maxInstanceCount":null,"maxInstanceRequestConcurrency":80,"availableCpu":"1","vpcConnector":null,"vpcConnectorEgressSettings":null},"labels":{"deployment-tool":"cli-firebase","deployment-callable":"true","firebase-functions-codebase":"auth-functions","firebase-functions-hash":"36194583dc557d328f00fd9a3ccda0184a8005eb"}}
[error] Build failed with status: FAILURE. Could not build the function due to a missing permission on the build service account. If you didn't revoke that permission explicitly, this could be caused by a change in the organization policies. Please refer to the following documentation for more details and resolution: https://cloud.google.com/functions/docs/troubleshooting#build-service-account
 You can also view the logs at https://console.cloud.google.com/cloud-build/builds;region=us-central1/4cf1decc-885c-4e85-9087-fe41aa46811f?project=243323136379.

[debug] [2025-05-17T20:17:36.371Z] <<< [apiv2][status] POST https://cloudfunctions.googleapis.com/v2/projects/tranzitti-90210/locations/us-central1/functions 200
[debug] [2025-05-17T20:17:36.371Z] <<< [apiv2][body] POST https://cloudfunctions.googleapis.com/v2/projects/tranzitti-90210/locations/us-central1/functions {"name":"projects/tranzitti-90210/locations/us-central1/operations/operation-1747513055744-6355a96ed92ed-bb3eab71-ad38a39d","metadata":{"@type":"type.googleapis.com/google.cloud.functions.v2.OperationMetadata","createTime":"2025-05-17T20:17:36.231075078Z","target":"projects/tranzitti-90210/locations/us-central1/functions/getUserRole","verb":"create","cancelRequested":false,"apiVersion":"v2"},"done":false}
[debug] [2025-05-17T20:17:36.372Z] Checked if tokens are valid: true, expires at: 1747515418616
[debug] [2025-05-17T20:17:36.372Z] Checked if tokens are valid: true, expires at: 1747515418616
[debug] [2025-05-17T20:17:36.372Z] >>> [apiv2][query] GET https://cloudfunctions.googleapis.com/v2/projects/tranzitti-90210/locations/us-central1/operations/operation-1747513055744-6355a96ed92ed-bb3eab71-ad38a39d [none]
[debug] [2025-05-17T20:17:36.678Z] <<< [apiv2][status] GET https://cloudfunctions.googleapis.com/v2/projects/tranzitti-90210/locations/us-central1/operations/operation-1747513055744-6355a96ed92ed-bb3eab71-ad38a39d 200
[debug] [2025-05-17T20:17:36.678Z] <<< [apiv2][body] GET https://cloudfunctions.googleapis.com/v2/projects/tranzitti-90210/locations/us-central1/operations/operation-1747513055744-6355a96ed92ed-bb3eab71-ad38a39d {"name":"projects/tranzitti-90210/locations/us-central1/operations/operation-1747513055744-6355a96ed92ed-bb3eab71-ad38a39d","metadata":{"@type":"type.googleapis.com/google.cloud.functions.v2.OperationMetadata","createTime":"2025-05-17T20:17:36.231075078Z","target":"projects/tranzitti-90210/locations/us-central1/functions/getUserRole","verb":"create","cancelRequested":false,"apiVersion":"v2","requestResource":{"@type":"type.googleapis.com/google.cloud.functions.v2.Function","name":"projects/tranzitti-90210/locations/us-central1/functions/getUserRole","buildConfig":{"runtime":"nodejs22","entryPoint":"getUserRole","source":{"storageSource":{"bucket":"gcf-v2-sources-243323136379-us-central1","object":"getUserRole/function-source.zip","generation":"1747513055989719"}},"environmentVariables":{"GOOGLE_NODE_RUN_SCRIPTS":""},"serviceAccount":"projects/tranzitti-90210/serviceAccounts/243323136379-compute@developer.gserviceaccount.com","automaticUpdatePolicy":{}},"serviceConfig":{"service":"projects/tranzitti-90210/locations/us-central1/services/getuserrole","timeoutSeconds":60,"environmentVariables":{"FIREBASE_CONFIG":"{\"projectId\":\"tranzitti-90210\",\"storageBucket\":\"tranzitti-90210.firebasestorage.app\"}","GCLOUD_PROJECT":"tranzitti-90210","EVENTARC_CLOUD_EVENT_SOURCE":"projects/tranzitti-90210/locations/us-central1/services/getUserRole","FUNCTION_TARGET":"getUserRole","LOG_EXECUTION_ID":"true"},"ingressSettings":"ALLOW_ALL","serviceAccountEmail":"243323136379-compute@developer.gserviceaccount.com","availableMemory":"256Mi","maxInstanceRequestConcurrency":80,"availableCpu":"1"},"labels":{"deployment-tool":"cli-firebase","deployment-callable":"true","firebase-functions-codebase":"auth-functions","firebase-functions-hash":"36194583dc557d328f00fd9a3ccda0184a8005eb"},"environment":"GEN_2"},"stages":[{"name":"BUILD","state":"NOT_STARTED"},{"name":"SERVICE","state":"NOT_STARTED"}],"operationType":"CREATE_FUNCTION"},"done":false}
[debug] [2025-05-17T20:17:37.188Z] [create-auth-functions-us-central1-getUserRole] Retrying task index 0
[debug] [2025-05-17T20:17:37.189Z] Checked if tokens are valid: true, expires at: 1747515418616
[debug] [2025-05-17T20:17:37.189Z] Checked if tokens are valid: true, expires at: 1747515418616
[debug] [2025-05-17T20:17:37.189Z] >>> [apiv2][query] GET https://cloudfunctions.googleapis.com/v2/projects/tranzitti-90210/locations/us-central1/operations/operation-1747513055744-6355a96ed92ed-bb3eab71-ad38a39d [none]
[debug] [2025-05-17T20:17:37.421Z] <<< [apiv2][status] GET https://cloudfunctions.googleapis.com/v2/projects/tranzitti-90210/locations/us-central1/operations/operation-1747513055744-6355a96ed92ed-bb3eab71-ad38a39d 200
[debug] [2025-05-17T20:17:37.422Z] <<< [apiv2][body] GET https://cloudfunctions.googleapis.com/v2/projects/tranzitti-90210/locations/us-central1/operations/operation-1747513055744-6355a96ed92ed-bb3eab71-ad38a39d {"name":"projects/tranzitti-90210/locations/us-central1/operations/operation-1747513055744-6355a96ed92ed-bb3eab71-ad38a39d","metadata":{"@type":"type.googleapis.com/google.cloud.functions.v2.OperationMetadata","createTime":"2025-05-17T20:17:36.231075078Z","target":"projects/tranzitti-90210/locations/us-central1/functions/getUserRole","verb":"create","cancelRequested":false,"apiVersion":"v2","requestResource":{"@type":"type.googleapis.com/google.cloud.functions.v2.Function","name":"projects/tranzitti-90210/locations/us-central1/functions/getUserRole","buildConfig":{"runtime":"nodejs22","entryPoint":"getUserRole","source":{"storageSource":{"bucket":"gcf-v2-sources-243323136379-us-central1","object":"getUserRole/function-source.zip","generation":"1747513055989719"}},"environmentVariables":{"GOOGLE_NODE_RUN_SCRIPTS":""},"serviceAccount":"projects/tranzitti-90210/serviceAccounts/243323136379-compute@developer.gserviceaccount.com","automaticUpdatePolicy":{}},"serviceConfig":{"service":"projects/tranzitti-90210/locations/us-central1/services/getuserrole","timeoutSeconds":60,"environmentVariables":{"FIREBASE_CONFIG":"{\"projectId\":\"tranzitti-90210\",\"storageBucket\":\"tranzitti-90210.firebasestorage.app\"}","GCLOUD_PROJECT":"tranzitti-90210","EVENTARC_CLOUD_EVENT_SOURCE":"projects/tranzitti-90210/locations/us-central1/services/getUserRole","FUNCTION_TARGET":"getUserRole","LOG_EXECUTION_ID":"true"},"ingressSettings":"ALLOW_ALL","serviceAccountEmail":"243323136379-compute@developer.gserviceaccount.com","availableMemory":"256Mi","maxInstanceRequestConcurrency":80,"availableCpu":"1"},"labels":{"deployment-tool":"cli-firebase","deployment-callable":"true","firebase-functions-codebase":"auth-functions","firebase-functions-hash":"36194583dc557d328f00fd9a3ccda0184a8005eb"},"environment":"GEN_2"},"stages":[{"name":"BUILD","state":"NOT_STARTED"},{"name":"SERVICE","state":"NOT_STARTED"}],"operationType":"CREATE_FUNCTION"},"done":false}
[debug] [2025-05-17T20:17:38.422Z] [create-auth-functions-us-central1-getUserRole] Retrying task index 0
[debug] [2025-05-17T20:17:38.423Z] Checked if tokens are valid: true, expires at: 1747515418616
[debug] [2025-05-17T20:17:38.423Z] Checked if tokens are valid: true, expires at: 1747515418616
[debug] [2025-05-17T20:17:38.423Z] >>> [apiv2][query] GET https://cloudfunctions.googleapis.com/v2/projects/tranzitti-90210/locations/us-central1/operations/operation-1747513055744-6355a96ed92ed-bb3eab71-ad38a39d [none]
[debug] [2025-05-17T20:17:38.636Z] <<< [apiv2][status] GET https://cloudfunctions.googleapis.com/v2/projects/tranzitti-90210/locations/us-central1/operations/operation-1747513055744-6355a96ed92ed-bb3eab71-ad38a39d 200
[debug] [2025-05-17T20:17:38.636Z] <<< [apiv2][body] GET https://cloudfunctions.googleapis.com/v2/projects/tranzitti-90210/locations/us-central1/operations/operation-1747513055744-6355a96ed92ed-bb3eab71-ad38a39d {"name":"projects/tranzitti-90210/locations/us-central1/operations/operation-1747513055744-6355a96ed92ed-bb3eab71-ad38a39d","metadata":{"@type":"type.googleapis.com/google.cloud.functions.v2.OperationMetadata","createTime":"2025-05-17T20:17:36.231075078Z","target":"projects/tranzitti-90210/locations/us-central1/functions/getUserRole","verb":"create","cancelRequested":false,"apiVersion":"v2","requestResource":{"@type":"type.googleapis.com/google.cloud.functions.v2.Function","name":"projects/tranzitti-90210/locations/us-central1/functions/getUserRole","buildConfig":{"runtime":"nodejs22","entryPoint":"getUserRole","source":{"storageSource":{"bucket":"gcf-v2-sources-243323136379-us-central1","object":"getUserRole/function-source.zip","generation":"1747513055989719"}},"environmentVariables":{"GOOGLE_NODE_RUN_SCRIPTS":""},"serviceAccount":"projects/tranzitti-90210/serviceAccounts/243323136379-compute@developer.gserviceaccount.com","automaticUpdatePolicy":{}},"serviceConfig":{"service":"projects/tranzitti-90210/locations/us-central1/services/getuserrole","timeoutSeconds":60,"environmentVariables":{"FIREBASE_CONFIG":"{\"projectId\":\"tranzitti-90210\",\"storageBucket\":\"tranzitti-90210.firebasestorage.app\"}","GCLOUD_PROJECT":"tranzitti-90210","EVENTARC_CLOUD_EVENT_SOURCE":"projects/tranzitti-90210/locations/us-central1/services/getUserRole","FUNCTION_TARGET":"getUserRole","LOG_EXECUTION_ID":"true"},"ingressSettings":"ALLOW_ALL","serviceAccountEmail":"243323136379-compute@developer.gserviceaccount.com","availableMemory":"256Mi","maxInstanceRequestConcurrency":80,"availableCpu":"1"},"labels":{"deployment-tool":"cli-firebase","deployment-callable":"true","firebase-functions-codebase":"auth-functions","firebase-functions-hash":"36194583dc557d328f00fd9a3ccda0184a8005eb"},"environment":"GEN_2"},"stages":[{"name":"BUILD","message":"Build in progress","state":"IN_PROGRESS","resource":"projects/243323136379/locations/us-central1/builds/6ec1635f-1cf6-4a8e-afbb-f40b90b22333","resourceUri":"https://console.cloud.google.com/cloud-build/builds;region=us-central1/6ec1635f-1cf6-4a8e-afbb-f40b90b22333?project=243323136379"},{"name":"SERVICE","state":"NOT_STARTED"}],"operationType":"CREATE_FUNCTION","buildName":"projects/243323136379/locations/us-central1/builds/6ec1635f-1cf6-4a8e-afbb-f40b90b22333"},"done":false}
[debug] [2025-05-17T20:17:40.647Z] [create-auth-functions-us-central1-getUserRole] Retrying task index 0
[debug] [2025-05-17T20:17:40.647Z] Checked if tokens are valid: true, expires at: 1747515418616
[debug] [2025-05-17T20:17:40.647Z] Checked if tokens are valid: true, expires at: 1747515418616
[debug] [2025-05-17T20:17:40.648Z] >>> [apiv2][query] GET https://cloudfunctions.googleapis.com/v2/projects/tranzitti-90210/locations/us-central1/operations/operation-1747513055744-6355a96ed92ed-bb3eab71-ad38a39d [none]
[debug] [2025-05-17T20:17:40.978Z] <<< [apiv2][status] GET https://cloudfunctions.googleapis.com/v2/projects/tranzitti-90210/locations/us-central1/operations/operation-1747513055744-6355a96ed92ed-bb3eab71-ad38a39d 200
[debug] [2025-05-17T20:17:40.979Z] <<< [apiv2][body] GET https://cloudfunctions.googleapis.com/v2/projects/tranzitti-90210/locations/us-central1/operations/operation-1747513055744-6355a96ed92ed-bb3eab71-ad38a39d {"name":"projects/tranzitti-90210/locations/us-central1/operations/operation-1747513055744-6355a96ed92ed-bb3eab71-ad38a39d","metadata":{"@type":"type.googleapis.com/google.cloud.functions.v2.OperationMetadata","createTime":"2025-05-17T20:17:36.231075078Z","target":"projects/tranzitti-90210/locations/us-central1/functions/getUserRole","verb":"create","cancelRequested":false,"apiVersion":"v2","requestResource":{"@type":"type.googleapis.com/google.cloud.functions.v2.Function","name":"projects/tranzitti-90210/locations/us-central1/functions/getUserRole","buildConfig":{"runtime":"nodejs22","entryPoint":"getUserRole","source":{"storageSource":{"bucket":"gcf-v2-sources-243323136379-us-central1","object":"getUserRole/function-source.zip","generation":"1747513055989719"}},"environmentVariables":{"GOOGLE_NODE_RUN_SCRIPTS":""},"serviceAccount":"projects/tranzitti-90210/serviceAccounts/243323136379-compute@developer.gserviceaccount.com","automaticUpdatePolicy":{}},"serviceConfig":{"service":"projects/tranzitti-90210/locations/us-central1/services/getuserrole","timeoutSeconds":60,"environmentVariables":{"FIREBASE_CONFIG":"{\"projectId\":\"tranzitti-90210\",\"storageBucket\":\"tranzitti-90210.firebasestorage.app\"}","GCLOUD_PROJECT":"tranzitti-90210","EVENTARC_CLOUD_EVENT_SOURCE":"projects/tranzitti-90210/locations/us-central1/services/getUserRole","FUNCTION_TARGET":"getUserRole","LOG_EXECUTION_ID":"true"},"ingressSettings":"ALLOW_ALL","serviceAccountEmail":"243323136379-compute@developer.gserviceaccount.com","availableMemory":"256Mi","maxInstanceRequestConcurrency":80,"availableCpu":"1"},"labels":{"deployment-tool":"cli-firebase","deployment-callable":"true","firebase-functions-codebase":"auth-functions","firebase-functions-hash":"36194583dc557d328f00fd9a3ccda0184a8005eb"},"environment":"GEN_2"},"stages":[{"name":"BUILD","message":"Build in progress","state":"IN_PROGRESS","resource":"projects/243323136379/locations/us-central1/builds/6ec1635f-1cf6-4a8e-afbb-f40b90b22333","resourceUri":"https://console.cloud.google.com/cloud-build/builds;region=us-central1/6ec1635f-1cf6-4a8e-afbb-f40b90b22333?project=243323136379"},{"name":"SERVICE","state":"NOT_STARTED"}],"operationType":"CREATE_FUNCTION","buildName":"projects/243323136379/locations/us-central1/builds/6ec1635f-1cf6-4a8e-afbb-f40b90b22333"},"done":false}
[debug] [2025-05-17T20:17:44.986Z] [create-auth-functions-us-central1-getUserRole] Retrying task index 0
[debug] [2025-05-17T20:17:44.987Z] Checked if tokens are valid: true, expires at: 1747515418616
[debug] [2025-05-17T20:17:44.988Z] Checked if tokens are valid: true, expires at: 1747515418616
[debug] [2025-05-17T20:17:44.988Z] >>> [apiv2][query] GET https://cloudfunctions.googleapis.com/v2/projects/tranzitti-90210/locations/us-central1/operations/operation-1747513055744-6355a96ed92ed-bb3eab71-ad38a39d [none]
[debug] [2025-05-17T20:17:45.223Z] <<< [apiv2][status] GET https://cloudfunctions.googleapis.com/v2/projects/tranzitti-90210/locations/us-central1/operations/operation-1747513055744-6355a96ed92ed-bb3eab71-ad38a39d 200
[debug] [2025-05-17T20:17:45.223Z] <<< [apiv2][body] GET https://cloudfunctions.googleapis.com/v2/projects/tranzitti-90210/locations/us-central1/operations/operation-1747513055744-6355a96ed92ed-bb3eab71-ad38a39d {"name":"projects/tranzitti-90210/locations/us-central1/operations/operation-1747513055744-6355a96ed92ed-bb3eab71-ad38a39d","metadata":{"@type":"type.googleapis.com/google.cloud.functions.v2.OperationMetadata","createTime":"2025-05-17T20:17:36.231075078Z","target":"projects/tranzitti-90210/locations/us-central1/functions/getUserRole","verb":"create","cancelRequested":false,"apiVersion":"v2","requestResource":{"@type":"type.googleapis.com/google.cloud.functions.v2.Function","name":"projects/tranzitti-90210/locations/us-central1/functions/getUserRole","buildConfig":{"runtime":"nodejs22","entryPoint":"getUserRole","source":{"storageSource":{"bucket":"gcf-v2-sources-243323136379-us-central1","object":"getUserRole/function-source.zip","generation":"1747513055989719"}},"environmentVariables":{"GOOGLE_NODE_RUN_SCRIPTS":""},"serviceAccount":"projects/tranzitti-90210/serviceAccounts/243323136379-compute@developer.gserviceaccount.com","automaticUpdatePolicy":{}},"serviceConfig":{"service":"projects/tranzitti-90210/locations/us-central1/services/getuserrole","timeoutSeconds":60,"environmentVariables":{"FIREBASE_CONFIG":"{\"projectId\":\"tranzitti-90210\",\"storageBucket\":\"tranzitti-90210.firebasestorage.app\"}","GCLOUD_PROJECT":"tranzitti-90210","EVENTARC_CLOUD_EVENT_SOURCE":"projects/tranzitti-90210/locations/us-central1/services/getUserRole","FUNCTION_TARGET":"getUserRole","LOG_EXECUTION_ID":"true"},"ingressSettings":"ALLOW_ALL","serviceAccountEmail":"243323136379-compute@developer.gserviceaccount.com","availableMemory":"256Mi","maxInstanceRequestConcurrency":80,"availableCpu":"1"},"labels":{"deployment-tool":"cli-firebase","deployment-callable":"true","firebase-functions-codebase":"auth-functions","firebase-functions-hash":"36194583dc557d328f00fd9a3ccda0184a8005eb"},"environment":"GEN_2"},"stages":[{"name":"BUILD","message":"Build in progress","state":"IN_PROGRESS","resource":"projects/243323136379/locations/us-central1/builds/6ec1635f-1cf6-4a8e-afbb-f40b90b22333","resourceUri":"https://console.cloud.google.com/cloud-build/builds;region=us-central1/6ec1635f-1cf6-4a8e-afbb-f40b90b22333?project=243323136379"},{"name":"SERVICE","state":"NOT_STARTED"}],"operationType":"CREATE_FUNCTION","buildName":"projects/243323136379/locations/us-central1/builds/6ec1635f-1cf6-4a8e-afbb-f40b90b22333"},"done":false}
[debug] [2025-05-17T20:17:45.419Z] [create-default-us-central1-helloWorld] Retrying task index 0
[debug] [2025-05-17T20:17:45.419Z] Checked if tokens are valid: true, expires at: 1747515418616
[debug] [2025-05-17T20:17:45.420Z] Checked if tokens are valid: true, expires at: 1747515418616
[debug] [2025-05-17T20:17:45.420Z] >>> [apiv2][query] GET https://cloudfunctions.googleapis.com/v2/projects/tranzitti-90210/locations/us-central1/operations/operation-1747513026724-6355a9532c0de-e6b226a6-63b4e790 [none]
[debug] [2025-05-17T20:17:45.690Z] <<< [apiv2][status] GET https://cloudfunctions.googleapis.com/v2/projects/tranzitti-90210/locations/us-central1/operations/operation-1747513026724-6355a9532c0de-e6b226a6-63b4e790 200
[debug] [2025-05-17T20:17:45.690Z] <<< [apiv2][body] GET https://cloudfunctions.googleapis.com/v2/projects/tranzitti-90210/locations/us-central1/operations/operation-1747513026724-6355a9532c0de-e6b226a6-63b4e790 {"name":"projects/tranzitti-90210/locations/us-central1/operations/operation-1747513026724-6355a9532c0de-e6b226a6-63b4e790","metadata":{"@type":"type.googleapis.com/google.cloud.functions.v2.OperationMetadata","createTime":"2025-05-17T20:17:07.861607932Z","endTime":"2025-05-17T20:17:36.355603152Z","target":"projects/tranzitti-90210/locations/us-central1/functions/helloWorld","verb":"create","cancelRequested":false,"apiVersion":"v2","requestResource":{"@type":"type.googleapis.com/google.cloud.functions.v2.Function","name":"projects/tranzitti-90210/locations/us-central1/functions/helloWorld","buildConfig":{"runtime":"nodejs22","entryPoint":"helloWorld","source":{"storageSource":{"bucket":"gcf-v2-sources-243323136379-us-central1","object":"helloWorld/function-source.zip","generation":"1747513027554228"}},"environmentVariables":{"GOOGLE_NODE_RUN_SCRIPTS":""},"serviceAccount":"projects/tranzitti-90210/serviceAccounts/243323136379-compute@developer.gserviceaccount.com","automaticUpdatePolicy":{}},"serviceConfig":{"service":"projects/tranzitti-90210/locations/us-central1/services/helloworld","timeoutSeconds":60,"environmentVariables":{"FIREBASE_CONFIG":"{\"projectId\":\"tranzitti-90210\",\"storageBucket\":\"tranzitti-90210.firebasestorage.app\"}","GCLOUD_PROJECT":"tranzitti-90210","EVENTARC_CLOUD_EVENT_SOURCE":"projects/tranzitti-90210/locations/us-central1/services/helloWorld","FUNCTION_TARGET":"helloWorld","LOG_EXECUTION_ID":"true"},"ingressSettings":"ALLOW_ALL","serviceAccountEmail":"243323136379-compute@developer.gserviceaccount.com","availableMemory":"256Mi","maxInstanceRequestConcurrency":80,"availableCpu":"1"},"labels":{"deployment-tool":"cli-firebase","deployment-callable":"true","firebase-functions-hash":"2476397d4fbaa05dca326c147f11b097590861ae"},"environment":"GEN_2"},"stages":[{"name":"ARTIFACT_REGISTRY","message":"Deleting function artifacts in Artifact Registry","state":"COMPLETE"},{"name":"SERVICE","message":"Deleting Cloud Run service","state":"COMPLETE","resource":"projects/tranzitti-90210/locations/us-central1/services/helloworld"}],"operationType":"CREATE_FUNCTION"},"done":true,"error":{"code":3,"message":"Build failed with status: FAILURE. Could not build the function due to a missing permission on the build service account. If you didn't revoke that permission explicitly, this could be caused by a change in the organization policies. Please refer to the following documentation for more details and resolution: https://cloud.google.com/functions/docs/troubleshooting#build-service-account\n You can also view the logs at https://console.cloud.google.com/cloud-build/builds;region=us-central1/665b0eb8-af49-4d28-9458-9548e2801cfc?project=243323136379.\n"}}
[debug] [2025-05-17T20:17:45.690Z] Got source token undefined for region us-central1
[error] Build failed with status: FAILURE. Could not build the function due to a missing permission on the build service account. If you didn't revoke that permission explicitly, this could be caused by a change in the organization policies. Please refer to the following documentation for more details and resolution: https://cloud.google.com/functions/docs/troubleshooting#build-service-account
 You can also view the logs at https://console.cloud.google.com/cloud-build/builds;region=us-central1/665b0eb8-af49-4d28-9458-9548e2801cfc?project=243323136379.

[debug] [2025-05-17T20:17:53.226Z] [create-auth-functions-us-central1-getUserRole] Retrying task index 0
[debug] [2025-05-17T20:17:53.226Z] Checked if tokens are valid: true, expires at: 1747515418616
[debug] [2025-05-17T20:17:53.226Z] Checked if tokens are valid: true, expires at: 1747515418616
[debug] [2025-05-17T20:17:53.227Z] >>> [apiv2][query] GET https://cloudfunctions.googleapis.com/v2/projects/tranzitti-90210/locations/us-central1/operations/operation-1747513055744-6355a96ed92ed-bb3eab71-ad38a39d [none]
[debug] [2025-05-17T20:17:53.676Z] <<< [apiv2][status] GET https://cloudfunctions.googleapis.com/v2/projects/tranzitti-90210/locations/us-central1/operations/operation-1747513055744-6355a96ed92ed-bb3eab71-ad38a39d 200
[debug] [2025-05-17T20:17:53.676Z] <<< [apiv2][body] GET https://cloudfunctions.googleapis.com/v2/projects/tranzitti-90210/locations/us-central1/operations/operation-1747513055744-6355a96ed92ed-bb3eab71-ad38a39d {"name":"projects/tranzitti-90210/locations/us-central1/operations/operation-1747513055744-6355a96ed92ed-bb3eab71-ad38a39d","metadata":{"@type":"type.googleapis.com/google.cloud.functions.v2.OperationMetadata","createTime":"2025-05-17T20:17:36.231075078Z","target":"projects/tranzitti-90210/locations/us-central1/functions/getUserRole","verb":"create","cancelRequested":false,"apiVersion":"v2","requestResource":{"@type":"type.googleapis.com/google.cloud.functions.v2.Function","name":"projects/tranzitti-90210/locations/us-central1/functions/getUserRole","buildConfig":{"runtime":"nodejs22","entryPoint":"getUserRole","source":{"storageSource":{"bucket":"gcf-v2-sources-243323136379-us-central1","object":"getUserRole/function-source.zip","generation":"1747513055989719"}},"environmentVariables":{"GOOGLE_NODE_RUN_SCRIPTS":""},"serviceAccount":"projects/tranzitti-90210/serviceAccounts/243323136379-compute@developer.gserviceaccount.com","automaticUpdatePolicy":{}},"serviceConfig":{"service":"projects/tranzitti-90210/locations/us-central1/services/getuserrole","timeoutSeconds":60,"environmentVariables":{"FIREBASE_CONFIG":"{\"projectId\":\"tranzitti-90210\",\"storageBucket\":\"tranzitti-90210.firebasestorage.app\"}","GCLOUD_PROJECT":"tranzitti-90210","EVENTARC_CLOUD_EVENT_SOURCE":"projects/tranzitti-90210/locations/us-central1/services/getUserRole","FUNCTION_TARGET":"getUserRole","LOG_EXECUTION_ID":"true"},"ingressSettings":"ALLOW_ALL","serviceAccountEmail":"243323136379-compute@developer.gserviceaccount.com","availableMemory":"256Mi","maxInstanceRequestConcurrency":80,"availableCpu":"1"},"labels":{"deployment-tool":"cli-firebase","deployment-callable":"true","firebase-functions-codebase":"auth-functions","firebase-functions-hash":"36194583dc557d328f00fd9a3ccda0184a8005eb"},"environment":"GEN_2"},"stages":[{"name":"BUILD","message":"Build in progress","state":"IN_PROGRESS","resource":"projects/243323136379/locations/us-central1/builds/6ec1635f-1cf6-4a8e-afbb-f40b90b22333","resourceUri":"https://console.cloud.google.com/cloud-build/builds;region=us-central1/6ec1635f-1cf6-4a8e-afbb-f40b90b22333?project=243323136379"},{"name":"SERVICE","state":"NOT_STARTED"}],"operationType":"CREATE_FUNCTION","buildName":"projects/243323136379/locations/us-central1/builds/6ec1635f-1cf6-4a8e-afbb-f40b90b22333"},"done":false}
[debug] [2025-05-17T20:18:03.679Z] [create-auth-functions-us-central1-getUserRole] Retrying task index 0
[debug] [2025-05-17T20:18:03.679Z] Checked if tokens are valid: true, expires at: 1747515418616
[debug] [2025-05-17T20:18:03.679Z] Checked if tokens are valid: true, expires at: 1747515418616
[debug] [2025-05-17T20:18:03.680Z] >>> [apiv2][query] GET https://cloudfunctions.googleapis.com/v2/projects/tranzitti-90210/locations/us-central1/operations/operation-1747513055744-6355a96ed92ed-bb3eab71-ad38a39d [none]
[debug] [2025-05-17T20:18:04.022Z] <<< [apiv2][status] GET https://cloudfunctions.googleapis.com/v2/projects/tranzitti-90210/locations/us-central1/operations/operation-1747513055744-6355a96ed92ed-bb3eab71-ad38a39d 200
[debug] [2025-05-17T20:18:04.022Z] <<< [apiv2][body] GET https://cloudfunctions.googleapis.com/v2/projects/tranzitti-90210/locations/us-central1/operations/operation-1747513055744-6355a96ed92ed-bb3eab71-ad38a39d {"name":"projects/tranzitti-90210/locations/us-central1/operations/operation-1747513055744-6355a96ed92ed-bb3eab71-ad38a39d","metadata":{"@type":"type.googleapis.com/google.cloud.functions.v2.OperationMetadata","createTime":"2025-05-17T20:17:36.231075078Z","endTime":"2025-05-17T20:17:54.418087320Z","target":"projects/tranzitti-90210/locations/us-central1/functions/getUserRole","verb":"create","cancelRequested":false,"apiVersion":"v2","requestResource":{"@type":"type.googleapis.com/google.cloud.functions.v2.Function","name":"projects/tranzitti-90210/locations/us-central1/functions/getUserRole","buildConfig":{"runtime":"nodejs22","entryPoint":"getUserRole","source":{"storageSource":{"bucket":"gcf-v2-sources-243323136379-us-central1","object":"getUserRole/function-source.zip","generation":"1747513055989719"}},"environmentVariables":{"GOOGLE_NODE_RUN_SCRIPTS":""},"serviceAccount":"projects/tranzitti-90210/serviceAccounts/243323136379-compute@developer.gserviceaccount.com","automaticUpdatePolicy":{}},"serviceConfig":{"service":"projects/tranzitti-90210/locations/us-central1/services/getuserrole","timeoutSeconds":60,"environmentVariables":{"FIREBASE_CONFIG":"{\"projectId\":\"tranzitti-90210\",\"storageBucket\":\"tranzitti-90210.firebasestorage.app\"}","GCLOUD_PROJECT":"tranzitti-90210","EVENTARC_CLOUD_EVENT_SOURCE":"projects/tranzitti-90210/locations/us-central1/services/getUserRole","FUNCTION_TARGET":"getUserRole","LOG_EXECUTION_ID":"true"},"ingressSettings":"ALLOW_ALL","serviceAccountEmail":"243323136379-compute@developer.gserviceaccount.com","availableMemory":"256Mi","maxInstanceRequestConcurrency":80,"availableCpu":"1"},"labels":{"deployment-tool":"cli-firebase","deployment-callable":"true","firebase-functions-codebase":"auth-functions","firebase-functions-hash":"36194583dc557d328f00fd9a3ccda0184a8005eb"},"environment":"GEN_2"},"stages":[{"name":"ARTIFACT_REGISTRY","message":"Deleting function artifacts in Artifact Registry","state":"COMPLETE"},{"name":"SERVICE","message":"Deleting Cloud Run service","state":"COMPLETE","resource":"projects/tranzitti-90210/locations/us-central1/services/getuserrole"}],"operationType":"CREATE_FUNCTION"},"done":true,"error":{"code":3,"message":"Build failed with status: FAILURE. Could not build the function due to a missing permission on the build service account. If you didn't revoke that permission explicitly, this could be caused by a change in the organization policies. Please refer to the following documentation for more details and resolution: https://cloud.google.com/functions/docs/troubleshooting#build-service-account\n You can also view the logs at https://console.cloud.google.com/cloud-build/builds;region=us-central1/6ec1635f-1cf6-4a8e-afbb-f40b90b22333?project=243323136379.\n"}}
[debug] [2025-05-17T20:18:04.022Z] Got source token undefined for region us-central1
[error] Build failed with status: FAILURE. Could not build the function due to a missing permission on the build service account. If you didn't revoke that permission explicitly, this could be caused by a change in the organization policies. Please refer to the following documentation for more details and resolution: https://cloud.google.com/functions/docs/troubleshooting#build-service-account
 You can also view the logs at https://console.cloud.google.com/cloud-build/builds;region=us-central1/6ec1635f-1cf6-4a8e-afbb-f40b90b22333?project=243323136379.

[debug] [2025-05-17T20:18:04.043Z] Total Function Deployment time: 57628
[debug] [2025-05-17T20:18:04.043Z] 3 Functions Deployed
[debug] [2025-05-17T20:18:04.043Z] 3 Functions Errored
[debug] [2025-05-17T20:18:04.043Z] 0 Function Deployments Aborted
[debug] [2025-05-17T20:18:04.043Z] Average Function Deployment time: 42018
[info] 
[info] Functions deploy had errors with the following functions:
	auth-functions:getUserRole(us-central1)
	helloWorld(us-central1)
	auth-functions:setUserRole(us-central1)
[debug] [2025-05-17T20:18:04.252Z] Checked if tokens are valid: true, expires at: 1747515418616
[debug] [2025-05-17T20:18:04.252Z] Checked if tokens are valid: true, expires at: 1747515418616
[debug] [2025-05-17T20:18:04.252Z] >>> [apiv2][query] GET https://artifactregistry.googleapis.com/v1/projects/tranzitti-90210/locations/us-central1/repositories/gcf-artifacts [none]
[debug] [2025-05-17T20:18:04.694Z] <<< [apiv2][status] GET https://artifactregistry.googleapis.com/v1/projects/tranzitti-90210/locations/us-central1/repositories/gcf-artifacts 200
[debug] [2025-05-17T20:18:04.695Z] <<< [apiv2][body] GET https://artifactregistry.googleapis.com/v1/projects/tranzitti-90210/locations/us-central1/repositories/gcf-artifacts {"name":"projects/tranzitti-90210/locations/us-central1/repositories/gcf-artifacts","format":"DOCKER","description":"This repository is created and used by Cloud Functions for storing function docker images.","labels":{"goog-managed-by":"cloudfunctions"},"createTime":"2025-05-17T20:17:16.736892Z","updateTime":"2025-05-17T20:17:16.736892Z","mode":"STANDARD_REPOSITORY","vulnerabilityScanningConfig":{"lastEnableTime":"2025-05-17T20:17:08.042608601Z","enablementState":"SCANNING_DISABLED","enablementStateReason":"API containerscanning.googleapis.com is not enabled."},"satisfiesPzi":true,"registryUri":"us-central1-docker.pkg.dev/tranzitti-90210/gcf-artifacts"}
[warn] !  functions: No cleanup policy detected for repositories in us-central1. This may result in a small monthly bill as container images accumulate over time. 
[info] i  functions: Configuring cleanup policy for repository in us-central1. Images older than 1 days will be automatically deleted. 
[debug] [2025-05-17T20:18:34.842Z] Setting up artifact cleanup policy for region us-central1
[debug] [2025-05-17T20:18:34.845Z] Checked if tokens are valid: true, expires at: 1747515418616
[debug] [2025-05-17T20:18:34.845Z] Checked if tokens are valid: true, expires at: 1747515418616
[debug] [2025-05-17T20:18:34.846Z] >>> [apiv2][query] PATCH https://artifactregistry.googleapis.com/v1/projects/tranzitti-90210/locations/us-central1/repositories/gcf-artifacts updateMask=name%2CcleanupPolicies%2CcleanupPolicyDryRun%2Clabels
[debug] [2025-05-17T20:18:34.846Z] >>> [apiv2][body] PATCH https://artifactregistry.googleapis.com/v1/projects/tranzitti-90210/locations/us-central1/repositories/gcf-artifacts {"name":"projects/tranzitti-90210/locations/us-central1/repositories/gcf-artifacts","cleanupPolicies":{"firebase-functions-cleanup":{"id":"firebase-functions-cleanup","condition":{"tagState":"ANY","olderThan":"86400s"},"action":"DELETE"}},"cleanupPolicyDryRun":false,"labels":{"goog-managed-by":"cloudfunctions"}}
[debug] [2025-05-17T20:18:35.314Z] <<< [apiv2][status] PATCH https://artifactregistry.googleapis.com/v1/projects/tranzitti-90210/locations/us-central1/repositories/gcf-artifacts 200
[debug] [2025-05-17T20:18:35.314Z] <<< [apiv2][body] PATCH https://artifactregistry.googleapis.com/v1/projects/tranzitti-90210/locations/us-central1/repositories/gcf-artifacts {"name":"projects/tranzitti-90210/locations/us-central1/repositories/gcf-artifacts","format":"DOCKER","description":"This repository is created and used by Cloud Functions for storing function docker images.","labels":{"goog-managed-by":"cloudfunctions"},"createTime":"2025-05-17T20:17:16.736892Z","updateTime":"2025-05-17T20:18:35.241558Z","mode":"STANDARD_REPOSITORY","cleanupPolicies":{"firebase-functions-cleanup":{"id":"firebase-functions-cleanup","action":"DELETE","condition":{"tagState":"ANY","olderThan":"86400s"}}},"vulnerabilityScanningConfig":{"lastEnableTime":"2025-05-17T20:17:08.042608601Z","enablementState":"SCANNING_DISABLED","enablementStateReason":"API containerscanning.googleapis.com is not enabled."},"satisfiesPzi":true}
[info] i  functions: Configured cleanup policy for repository in us-central1. 
[debug] [2025-05-17T20:18:35.315Z] Functions deploy failed.
[debug] [2025-05-17T20:18:35.315Z] {
  "endpoint": {
    "id": "helloWorld",
    "project": "tranzitti-90210",
    "region": "us-central1",
    "entryPoint": "helloWorld",
    "platform": "gcfv2",
    "runtime": "nodejs22",
    "callableTrigger": {},
    "labels": {
      "deployment-tool": "cli-firebase"
    },
    "serviceAccount": null,
    "ingressSettings": null,
    "availableMemoryMb": null,
    "timeoutSeconds": null,
    "maxInstances": null,
    "minInstances": null,
    "concurrency": 80,
    "vpc": null,
    "environmentVariables": {
      "FIREBASE_CONFIG": "{\"projectId\":\"tranzitti-90210\",\"storageBucket\":\"tranzitti-90210.firebasestorage.app\"}",
      "GCLOUD_PROJECT": "tranzitti-90210",
      "EVENTARC_CLOUD_EVENT_SOURCE": "projects/tranzitti-90210/locations/us-central1/services/helloWorld"
    },
    "codebase": "default",
    "cpu": 1,
    "targetedByOnly": false,
    "hash": "2476397d4fbaa05dca326c147f11b097590861ae"
  },
  "op": "create",
  "original": {
    "name": "FirebaseError",
    "children": [],
    "exit": 1,
    "message": "Build failed with status: FAILURE. Could not build the function due to a missing permission on the build service account. If you didn't revoke that permission explicitly, this could be caused by a change in the organization policies. Please refer to the following documentation for more details and resolution: https://cloud.google.com/functions/docs/troubleshooting#build-service-account\n You can also view the logs at https://console.cloud.google.com/cloud-build/builds;region=us-central1/665b0eb8-af49-4d28-9458-9548e2801cfc?project=243323136379.\n",
    "original": {
      "code": 3,
      "message": "Build failed with status: FAILURE. Could not build the function due to a missing permission on the build service account. If you didn't revoke that permission explicitly, this could be caused by a change in the organization policies. Please refer to the following documentation for more details and resolution: https://cloud.google.com/functions/docs/troubleshooting#build-service-account\n You can also view the logs at https://console.cloud.google.com/cloud-build/builds;region=us-central1/665b0eb8-af49-4d28-9458-9548e2801cfc?project=243323136379.\n"
    },
    "status": 3,
    "code": 3
  }
}
[debug] [2025-05-17T20:18:35.315Z] {
  "endpoint": {
    "id": "setUserRole",
    "project": "tranzitti-90210",
    "region": "us-central1",
    "entryPoint": "setUserRole",
    "platform": "gcfv2",
    "runtime": "nodejs22",
    "callableTrigger": {},
    "labels": {
      "deployment-tool": "cli-firebase"
    },
    "serviceAccount": null,
    "ingressSettings": null,
    "availableMemoryMb": null,
    "timeoutSeconds": null,
    "maxInstances": null,
    "minInstances": null,
    "concurrency": 80,
    "vpc": null,
    "environmentVariables": {
      "FIREBASE_CONFIG": "{\"projectId\":\"tranzitti-90210\",\"storageBucket\":\"tranzitti-90210.firebasestorage.app\"}",
      "GCLOUD_PROJECT": "tranzitti-90210",
      "EVENTARC_CLOUD_EVENT_SOURCE": "projects/tranzitti-90210/locations/us-central1/services/setUserRole"
    },
    "codebase": "auth-functions",
    "cpu": 1,
    "targetedByOnly": false,
    "hash": "36194583dc557d328f00fd9a3ccda0184a8005eb"
  },
  "op": "create",
  "original": {
    "name": "FirebaseError",
    "children": [],
    "exit": 1,
    "message": "Build failed with status: FAILURE. Could not build the function due to a missing permission on the build service account. If you didn't revoke that permission explicitly, this could be caused by a change in the organization policies. Please refer to the following documentation for more details and resolution: https://cloud.google.com/functions/docs/troubleshooting#build-service-account\n You can also view the logs at https://console.cloud.google.com/cloud-build/builds;region=us-central1/4cf1decc-885c-4e85-9087-fe41aa46811f?project=243323136379.\n",
    "original": {
      "code": 3,
      "message": "Build failed with status: FAILURE. Could not build the function due to a missing permission on the build service account. If you didn't revoke that permission explicitly, this could be caused by a change in the organization policies. Please refer to the following documentation for more details and resolution: https://cloud.google.com/functions/docs/troubleshooting#build-service-account\n You can also view the logs at https://console.cloud.google.com/cloud-build/builds;region=us-central1/4cf1decc-885c-4e85-9087-fe41aa46811f?project=243323136379.\n"
    },
    "status": 3,
    "code": 3
  }
}
[debug] [2025-05-17T20:18:35.315Z] {
  "endpoint": {
    "id": "getUserRole",
    "project": "tranzitti-90210",
    "region": "us-central1",
    "entryPoint": "getUserRole",
    "platform": "gcfv2",
    "runtime": "nodejs22",
    "callableTrigger": {},
    "labels": {
      "deployment-tool": "cli-firebase"
    },
    "serviceAccount": null,
    "ingressSettings": null,
    "availableMemoryMb": null,
    "timeoutSeconds": null,
    "maxInstances": null,
    "minInstances": null,
    "concurrency": 80,
    "vpc": null,
    "environmentVariables": {
      "FIREBASE_CONFIG": "{\"projectId\":\"tranzitti-90210\",\"storageBucket\":\"tranzitti-90210.firebasestorage.app\"}",
      "GCLOUD_PROJECT": "tranzitti-90210",
      "EVENTARC_CLOUD_EVENT_SOURCE": "projects/tranzitti-90210/locations/us-central1/services/getUserRole"
    },
    "codebase": "auth-functions",
    "cpu": 1,
    "targetedByOnly": false,
    "hash": "36194583dc557d328f00fd9a3ccda0184a8005eb"
  },
  "op": "create",
  "original": {
    "name": "FirebaseError",
    "children": [],
    "exit": 1,
    "message": "Build failed with status: FAILURE. Could not build the function due to a missing permission on the build service account. If you didn't revoke that permission explicitly, this could be caused by a change in the organization policies. Please refer to the following documentation for more details and resolution: https://cloud.google.com/functions/docs/troubleshooting#build-service-account\n You can also view the logs at https://console.cloud.google.com/cloud-build/builds;region=us-central1/6ec1635f-1cf6-4a8e-afbb-f40b90b22333?project=243323136379.\n",
    "original": {
      "code": 3,
      "message": "Build failed with status: FAILURE. Could not build the function due to a missing permission on the build service account. If you didn't revoke that permission explicitly, this could be caused by a change in the organization policies. Please refer to the following documentation for more details and resolution: https://cloud.google.com/functions/docs/troubleshooting#build-service-account\n You can also view the logs at https://console.cloud.google.com/cloud-build/builds;region=us-central1/6ec1635f-1cf6-4a8e-afbb-f40b90b22333?project=243323136379.\n"
    },
    "status": 3,
    "code": 3
  }
}
[error] Error: There was an error deploying functions:
[error] - Error Failed to create function helloWorld in region us-central1
[error] - Error Failed to create function setUserRole in region us-central1
[error] - Error Failed to create function getUserRole in region us-central1
[debug] [2025-05-17T20:27:32.075Z] ----------------------------------------------------------------------
[debug] [2025-05-17T20:27:32.076Z] Command:       C:\Program Files\nodejs\node.exe C:\Users\mrsha\AppData\Roaming\npm\node_modules\firebase-tools\lib\bin\firebase.js deploy
[debug] [2025-05-17T20:27:32.076Z] CLI Version:   14.4.0
[debug] [2025-05-17T20:27:32.076Z] Platform:      win32
[debug] [2025-05-17T20:27:32.077Z] Node Version:  v22.15.0
[debug] [2025-05-17T20:27:32.077Z] Time:          Sat May 17 2025 16:27:32 GMT-0400 (Eastern Daylight Time)
[debug] [2025-05-17T20:27:32.077Z] ----------------------------------------------------------------------
[debug] 
[debug] [2025-05-17T20:27:32.221Z] > command requires scopes: ["email","openid","https://www.googleapis.com/auth/cloudplatformprojects.readonly","https://www.googleapis.com/auth/firebase","https://www.googleapis.com/auth/cloud-platform"]
[debug] [2025-05-17T20:27:32.222Z] > authorizing via signed-in user (srose@norwalkls.com)
[debug] [2025-05-17T20:27:32.222Z] [iam] checking project tranzitti-90210 for permissions ["cloudfunctions.functions.create","cloudfunctions.functions.delete","cloudfunctions.functions.get","cloudfunctions.functions.list","cloudfunctions.functions.update","cloudfunctions.operations.get","datastore.indexes.create","datastore.indexes.delete","datastore.indexes.list","datastore.indexes.update","firebase.projects.get","firebasehosting.sites.update","firebaserules.releases.create","firebaserules.releases.update","firebaserules.rulesets.create"]
[debug] [2025-05-17T20:27:32.223Z] Checked if tokens are valid: true, expires at: 1747515418616
[debug] [2025-05-17T20:27:32.223Z] Checked if tokens are valid: true, expires at: 1747515418616
[debug] [2025-05-17T20:27:32.224Z] >>> [apiv2][query] POST https://cloudresourcemanager.googleapis.com/v1/projects/tranzitti-90210:testIamPermissions [none]
[debug] [2025-05-17T20:27:32.224Z] >>> [apiv2][(partial)header] POST https://cloudresourcemanager.googleapis.com/v1/projects/tranzitti-90210:testIamPermissions x-goog-quota-user=projects/tranzitti-90210
[debug] [2025-05-17T20:27:32.224Z] >>> [apiv2][body] POST https://cloudresourcemanager.googleapis.com/v1/projects/tranzitti-90210:testIamPermissions {"permissions":["cloudfunctions.functions.create","cloudfunctions.functions.delete","cloudfunctions.functions.get","cloudfunctions.functions.list","cloudfunctions.functions.update","cloudfunctions.operations.get","datastore.indexes.create","datastore.indexes.delete","datastore.indexes.list","datastore.indexes.update","firebase.projects.get","firebasehosting.sites.update","firebaserules.releases.create","firebaserules.releases.update","firebaserules.rulesets.create"]}
[debug] [2025-05-17T20:27:32.621Z] <<< [apiv2][status] POST https://cloudresourcemanager.googleapis.com/v1/projects/tranzitti-90210:testIamPermissions 200
[debug] [2025-05-17T20:27:32.621Z] <<< [apiv2][body] POST https://cloudresourcemanager.googleapis.com/v1/projects/tranzitti-90210:testIamPermissions {"permissions":["cloudfunctions.functions.create","cloudfunctions.functions.delete","cloudfunctions.functions.get","cloudfunctions.functions.list","cloudfunctions.functions.update","cloudfunctions.operations.get","datastore.indexes.create","datastore.indexes.delete","datastore.indexes.list","datastore.indexes.update","firebase.projects.get","firebasehosting.sites.update","firebaserules.releases.create","firebaserules.releases.update","firebaserules.rulesets.create"]}
[debug] [2025-05-17T20:27:32.622Z] Checked if tokens are valid: true, expires at: 1747515418616
[debug] [2025-05-17T20:27:32.622Z] Checked if tokens are valid: true, expires at: 1747515418616
[debug] [2025-05-17T20:27:32.622Z] >>> [apiv2][query] POST https://iam.googleapis.com/v1/projects/tranzitti-90210/serviceAccounts/tranzitti-90210@appspot.gserviceaccount.com:testIamPermissions [none]
[debug] [2025-05-17T20:27:32.622Z] >>> [apiv2][body] POST https://iam.googleapis.com/v1/projects/tranzitti-90210/serviceAccounts/tranzitti-90210@appspot.gserviceaccount.com:testIamPermissions {"permissions":["iam.serviceAccounts.actAs"]}
[debug] [2025-05-17T20:27:32.966Z] <<< [apiv2][status] POST https://iam.googleapis.com/v1/projects/tranzitti-90210/serviceAccounts/tranzitti-90210@appspot.gserviceaccount.com:testIamPermissions 200
[debug] [2025-05-17T20:27:32.966Z] <<< [apiv2][body] POST https://iam.googleapis.com/v1/projects/tranzitti-90210/serviceAccounts/tranzitti-90210@appspot.gserviceaccount.com:testIamPermissions {"permissions":["iam.serviceAccounts.actAs"]}
[debug] [2025-05-17T20:27:32.967Z] Checked if tokens are valid: true, expires at: 1747515418616
[debug] [2025-05-17T20:27:32.967Z] Checked if tokens are valid: true, expires at: 1747515418616
[debug] [2025-05-17T20:27:32.968Z] >>> [apiv2][query] GET https://firebase.googleapis.com/v1beta1/projects/tranzitti-90210 [none]
[debug] [2025-05-17T20:27:33.425Z] <<< [apiv2][status] GET https://firebase.googleapis.com/v1beta1/projects/tranzitti-90210 200
[debug] [2025-05-17T20:27:33.425Z] <<< [apiv2][body] GET https://firebase.googleapis.com/v1beta1/projects/tranzitti-90210 {"projectId":"tranzitti-90210","projectNumber":"243323136379","displayName":"Tranzitti","name":"projects/tranzitti-90210","resources":{"hostingSite":"tranzitti-90210"},"state":"ACTIVE","etag":"1_666df5c9-0c71-429a-8692-0402960a1c7a"}
[info] 
[info] === Deploying to 'tranzitti-90210'...
[info] 
[info] i  deploying storage, firestore, functions, hosting 
[info] Running command: npm --prefix "$RESOURCE_DIR" run lint
[info] Running command: npm --prefix "$RESOURCE_DIR" run build
[info] +  functions: Finished running predeploy script. 
[info] Running command: npm --prefix "$RESOURCE_DIR" run lint
[info] Running command: npm --prefix "$RESOURCE_DIR" run build
[info] +  functions: Finished running predeploy script. 
[info] i  storage: ensuring required API firebasestorage.googleapis.com is enabled... 
[debug] [2025-05-17T20:27:44.835Z] Checked if tokens are valid: true, expires at: 1747515418616
[debug] [2025-05-17T20:27:44.835Z] Checked if tokens are valid: true, expires at: 1747515418616
[debug] [2025-05-17T20:27:44.835Z] >>> [apiv2][query] GET https://serviceusage.googleapis.com/v1/projects/tranzitti-90210/services/firebasestorage.googleapis.com [none]
[debug] [2025-05-17T20:27:44.835Z] >>> [apiv2][(partial)header] GET https://serviceusage.googleapis.com/v1/projects/tranzitti-90210/services/firebasestorage.googleapis.com x-goog-quota-user=projects/tranzitti-90210
[debug] [2025-05-17T20:27:45.453Z] <<< [apiv2][status] GET https://serviceusage.googleapis.com/v1/projects/tranzitti-90210/services/firebasestorage.googleapis.com 200
[debug] [2025-05-17T20:27:45.453Z] <<< [apiv2][body] GET https://serviceusage.googleapis.com/v1/projects/tranzitti-90210/services/firebasestorage.googleapis.com [omitted]
[info] +  storage: required API firebasestorage.googleapis.com is enabled 
[debug] [2025-05-17T20:27:45.454Z] Checked if tokens are valid: true, expires at: 1747515418616
[debug] [2025-05-17T20:27:45.455Z] Checked if tokens are valid: true, expires at: 1747515418616
[debug] [2025-05-17T20:27:45.455Z] >>> [apiv2][query] GET https://firebasestorage.googleapis.com/v1alpha/projects/tranzitti-90210/defaultBucket [none]
[debug] [2025-05-17T20:27:45.902Z] <<< [apiv2][status] GET https://firebasestorage.googleapis.com/v1alpha/projects/tranzitti-90210/defaultBucket 200
[debug] [2025-05-17T20:27:45.902Z] <<< [apiv2][body] GET https://firebasestorage.googleapis.com/v1alpha/projects/tranzitti-90210/defaultBucket {"name":"projects/tranzitti-90210/defaultBucket","location":"US-CENTRAL1","bucket":{"name":"projects/tranzitti-90210/buckets/tranzitti-90210.firebasestorage.app"},"storageClass":"REGIONAL"}
[info] i  firebase.storage: checking storage.rules for compilation errors... 
[debug] [2025-05-17T20:27:45.904Z] Checked if tokens are valid: true, expires at: 1747515418616
[debug] [2025-05-17T20:27:45.904Z] Checked if tokens are valid: true, expires at: 1747515418616
[debug] [2025-05-17T20:27:45.904Z] >>> [apiv2][query] POST https://firebaserules.googleapis.com/v1/projects/tranzitti-90210:test [none]
[debug] [2025-05-17T20:27:45.904Z] >>> [apiv2][body] POST https://firebaserules.googleapis.com/v1/projects/tranzitti-90210:test [omitted]
[debug] [2025-05-17T20:27:46.277Z] <<< [apiv2][status] POST https://firebaserules.googleapis.com/v1/projects/tranzitti-90210:test 200
[debug] [2025-05-17T20:27:46.278Z] <<< [apiv2][body] POST https://firebaserules.googleapis.com/v1/projects/tranzitti-90210:test {}
[info] +  firebase.storage: rules file storage.rules compiled successfully 
[info] i  firestore: reading indexes from firestore.indexes.json... 
[info] i  cloud.firestore: checking firestore.rules for compilation errors... 
[debug] [2025-05-17T20:27:46.283Z] Checked if tokens are valid: true, expires at: 1747515418616
[debug] [2025-05-17T20:27:46.283Z] Checked if tokens are valid: true, expires at: 1747515418616
[debug] [2025-05-17T20:27:46.283Z] >>> [apiv2][query] POST https://firebaserules.googleapis.com/v1/projects/tranzitti-90210:test [none]
[debug] [2025-05-17T20:27:46.283Z] >>> [apiv2][body] POST https://firebaserules.googleapis.com/v1/projects/tranzitti-90210:test [omitted]
[debug] [2025-05-17T20:27:46.541Z] <<< [apiv2][status] POST https://firebaserules.googleapis.com/v1/projects/tranzitti-90210:test 200
[debug] [2025-05-17T20:27:46.541Z] <<< [apiv2][body] POST https://firebaserules.googleapis.com/v1/projects/tranzitti-90210:test {}
[info] +  cloud.firestore: rules file firestore.rules compiled successfully 
[debug] [2025-05-17T20:27:46.544Z] Checked if tokens are valid: true, expires at: 1747515418616
[debug] [2025-05-17T20:27:46.544Z] Checked if tokens are valid: true, expires at: 1747515418616
[debug] [2025-05-17T20:27:46.544Z] >>> [apiv2][query] GET https://serviceusage.googleapis.com/v1/projects/tranzitti-90210/services/cloudresourcemanager.googleapis.com [none]
[debug] [2025-05-17T20:27:46.544Z] >>> [apiv2][(partial)header] GET https://serviceusage.googleapis.com/v1/projects/tranzitti-90210/services/cloudresourcemanager.googleapis.com x-goog-quota-user=projects/tranzitti-90210
[debug] [2025-05-17T20:27:46.908Z] <<< [apiv2][status] GET https://serviceusage.googleapis.com/v1/projects/tranzitti-90210/services/cloudresourcemanager.googleapis.com 200
[debug] [2025-05-17T20:27:46.908Z] <<< [apiv2][body] GET https://serviceusage.googleapis.com/v1/projects/tranzitti-90210/services/cloudresourcemanager.googleapis.com [omitted]
[debug] [2025-05-17T20:27:46.908Z] Checked if tokens are valid: true, expires at: 1747515418616
[debug] [2025-05-17T20:27:46.908Z] Checked if tokens are valid: true, expires at: 1747515418616
[debug] [2025-05-17T20:27:46.908Z] >>> [apiv2][query] GET https://cloudresourcemanager.googleapis.com/v1/projects/tranzitti-90210 [none]
[debug] [2025-05-17T20:27:47.180Z] <<< [apiv2][status] GET https://cloudresourcemanager.googleapis.com/v1/projects/tranzitti-90210 200
[debug] [2025-05-17T20:27:47.180Z] <<< [apiv2][body] GET https://cloudresourcemanager.googleapis.com/v1/projects/tranzitti-90210 {"projectNumber":"243323136379","projectId":"tranzitti-90210","lifecycleState":"ACTIVE","name":"Tranzitti","labels":{"firebase":"enabled","firebase-core":"disabled"},"createTime":"2025-05-17T01:54:36.787915Z","parent":{"type":"organization","id":"439686569459"}}
[info] i  functions: preparing codebase default for deployment 
[info] i  functions: preparing codebase auth-functions for deployment 
[info] i  functions: ensuring required API cloudfunctions.googleapis.com is enabled... 
[debug] [2025-05-17T20:27:47.184Z] Checked if tokens are valid: true, expires at: 1747515418616
[debug] [2025-05-17T20:27:47.184Z] Checked if tokens are valid: true, expires at: 1747515418616
[debug] [2025-05-17T20:27:47.184Z] Checked if tokens are valid: true, expires at: 1747515418616
[debug] [2025-05-17T20:27:47.184Z] Checked if tokens are valid: true, expires at: 1747515418616
[info] i  functions: ensuring required API cloudbuild.googleapis.com is enabled... 
[debug] [2025-05-17T20:27:47.185Z] Checked if tokens are valid: true, expires at: 1747515418616
[debug] [2025-05-17T20:27:47.185Z] Checked if tokens are valid: true, expires at: 1747515418616
[info] i  artifactregistry: ensuring required API artifactregistry.googleapis.com is enabled... 
[debug] [2025-05-17T20:27:47.186Z] Checked if tokens are valid: true, expires at: 1747515418616
[debug] [2025-05-17T20:27:47.186Z] Checked if tokens are valid: true, expires at: 1747515418616
[debug] [2025-05-17T20:27:47.186Z] >>> [apiv2][query] GET https://serviceusage.googleapis.com/v1/projects/tranzitti-90210/services/cloudfunctions.googleapis.com [none]
[debug] [2025-05-17T20:27:47.186Z] >>> [apiv2][(partial)header] GET https://serviceusage.googleapis.com/v1/projects/tranzitti-90210/services/cloudfunctions.googleapis.com x-goog-quota-user=projects/tranzitti-90210
[debug] [2025-05-17T20:27:47.187Z] >>> [apiv2][query] GET https://serviceusage.googleapis.com/v1/projects/tranzitti-90210/services/runtimeconfig.googleapis.com [none]
[debug] [2025-05-17T20:27:47.187Z] >>> [apiv2][(partial)header] GET https://serviceusage.googleapis.com/v1/projects/tranzitti-90210/services/runtimeconfig.googleapis.com x-goog-quota-user=projects/tranzitti-90210
[debug] [2025-05-17T20:27:47.189Z] >>> [apiv2][query] GET https://serviceusage.googleapis.com/v1/projects/tranzitti-90210/services/cloudbuild.googleapis.com [none]
[debug] [2025-05-17T20:27:47.190Z] >>> [apiv2][(partial)header] GET https://serviceusage.googleapis.com/v1/projects/tranzitti-90210/services/cloudbuild.googleapis.com x-goog-quota-user=projects/tranzitti-90210
[debug] [2025-05-17T20:27:47.192Z] >>> [apiv2][query] GET https://serviceusage.googleapis.com/v1/projects/tranzitti-90210/services/artifactregistry.googleapis.com [none]
[debug] [2025-05-17T20:27:47.193Z] >>> [apiv2][(partial)header] GET https://serviceusage.googleapis.com/v1/projects/tranzitti-90210/services/artifactregistry.googleapis.com x-goog-quota-user=projects/tranzitti-90210
[debug] [2025-05-17T20:27:47.536Z] <<< [apiv2][status] GET https://serviceusage.googleapis.com/v1/projects/tranzitti-90210/services/cloudfunctions.googleapis.com 200
[debug] [2025-05-17T20:27:47.536Z] <<< [apiv2][body] GET https://serviceusage.googleapis.com/v1/projects/tranzitti-90210/services/cloudfunctions.googleapis.com [omitted]
[info] +  functions: required API cloudfunctions.googleapis.com is enabled 
[debug] [2025-05-17T20:27:47.719Z] <<< [apiv2][status] GET https://serviceusage.googleapis.com/v1/projects/tranzitti-90210/services/cloudbuild.googleapis.com 200
[debug] [2025-05-17T20:27:47.720Z] <<< [apiv2][body] GET https://serviceusage.googleapis.com/v1/projects/tranzitti-90210/services/cloudbuild.googleapis.com [omitted]
[info] +  functions: required API cloudbuild.googleapis.com is enabled 
[debug] [2025-05-17T20:27:47.763Z] <<< [apiv2][status] GET https://serviceusage.googleapis.com/v1/projects/tranzitti-90210/services/runtimeconfig.googleapis.com 200
[debug] [2025-05-17T20:27:47.764Z] <<< [apiv2][body] GET https://serviceusage.googleapis.com/v1/projects/tranzitti-90210/services/runtimeconfig.googleapis.com [omitted]
[debug] [2025-05-17T20:27:47.794Z] <<< [apiv2][status] GET https://serviceusage.googleapis.com/v1/projects/tranzitti-90210/services/artifactregistry.googleapis.com 200
[debug] [2025-05-17T20:27:47.794Z] <<< [apiv2][body] GET https://serviceusage.googleapis.com/v1/projects/tranzitti-90210/services/artifactregistry.googleapis.com [omitted]
[info] +  artifactregistry: required API artifactregistry.googleapis.com is enabled 
[debug] [2025-05-17T20:27:47.796Z] Checked if tokens are valid: true, expires at: 1747515418616
[debug] [2025-05-17T20:27:47.796Z] Checked if tokens are valid: true, expires at: 1747515418616
[debug] [2025-05-17T20:27:47.796Z] >>> [apiv2][query] GET https://firebase.googleapis.com/v1beta1/projects/tranzitti-90210/adminSdkConfig [none]
[debug] [2025-05-17T20:27:48.325Z] <<< [apiv2][status] GET https://firebase.googleapis.com/v1beta1/projects/tranzitti-90210/adminSdkConfig 200
[debug] [2025-05-17T20:27:48.325Z] <<< [apiv2][body] GET https://firebase.googleapis.com/v1beta1/projects/tranzitti-90210/adminSdkConfig {"projectId":"tranzitti-90210","storageBucket":"tranzitti-90210.firebasestorage.app"}
[debug] [2025-05-17T20:27:48.326Z] Checked if tokens are valid: true, expires at: 1747515418616
[debug] [2025-05-17T20:27:48.326Z] Checked if tokens are valid: true, expires at: 1747515418616
[debug] [2025-05-17T20:27:48.326Z] >>> [apiv2][query] GET https://runtimeconfig.googleapis.com/v1beta1/projects/tranzitti-90210/configs [none]
[debug] [2025-05-17T20:27:48.647Z] <<< [apiv2][status] GET https://runtimeconfig.googleapis.com/v1beta1/projects/tranzitti-90210/configs 200
[debug] [2025-05-17T20:27:48.647Z] <<< [apiv2][body] GET https://runtimeconfig.googleapis.com/v1beta1/projects/tranzitti-90210/configs {}
[debug] [2025-05-17T20:27:48.650Z] Validating nodejs source
[debug] [2025-05-17T20:27:49.514Z] > [functions] package.json contents: {
  "name": "functions",
  "scripts": {
    "lint": "eslint --ext .js,.ts .",
    "build": "tsc",
    "build:watch": "tsc --watch",
    "serve": "npm run build && firebase emulators:start --only functions",
    "shell": "npm run build && firebase functions:shell",
    "start": "npm run shell",
    "deploy": "firebase deploy --only functions",
    "logs": "firebase functions:log"
  },
  "engines": {
    "node": "22"
  },
  "main": "lib/index.js",
  "dependencies": {
    "firebase-admin": "^12.6.0",
    "firebase-functions": "^6.0.1"
  },
  "devDependencies": {
    "@typescript-eslint/eslint-plugin": "^5.12.0",
    "@typescript-eslint/parser": "^5.12.0",
    "eslint": "^8.9.0",
    "eslint-config-google": "^0.14.0",
    "eslint-plugin-import": "^2.25.4",
    "firebase-functions-test": "^3.1.0",
    "typescript": "^4.9.0"
  },
  "private": true
}
[debug] [2025-05-17T20:27:49.514Z] Building nodejs source
[info] i  functions: Loading and analyzing source code for codebase default to determine what to deploy 
[debug] [2025-05-17T20:27:49.516Z] Could not find functions.yaml. Must use http discovery
[debug] [2025-05-17T20:27:49.523Z] Found firebase-functions binary at 'C:\Users\mrsha\Desktop\Tranzit.ioNew\functions\node_modules\.bin\firebase-functions'
[info] Serving at port 8067

[debug] [2025-05-17T20:27:49.925Z] Got response from /__/functions.yaml {"endpoints":{"helloWorld":{"availableMemoryMb":null,"timeoutSeconds":null,"minInstances":null,"maxInstances":null,"ingressSettings":null,"concurrency":null,"serviceAccountEmail":null,"vpc":null,"platform":"gcfv2","labels":{},"callableTrigger":{},"entryPoint":"helloWorld"}},"specVersion":"v1alpha1","requiredAPIs":[],"extensions":{}}
[debug] [2025-05-17T20:27:53.955Z] Validating nodejs source
[debug] [2025-05-17T20:27:54.763Z] > [functions] package.json contents: {
  "name": "functions",
  "scripts": {
    "lint": "eslint --ext .js,.ts .",
    "build": "tsc",
    "build:watch": "tsc --watch",
    "serve": "npm run build && firebase emulators:start --only functions",
    "shell": "npm run build && firebase functions:shell",
    "start": "npm run shell",
    "deploy": "firebase deploy --only functions",
    "logs": "firebase functions:log"
  },
  "engines": {
    "node": "22"
  },
  "main": "lib/index.js",
  "dependencies": {
    "firebase-admin": "^12.7.0",
    "firebase-functions": "^6.3.2"
  },
  "devDependencies": {
    "@typescript-eslint/eslint-plugin": "^5.12.0",
    "@typescript-eslint/parser": "^5.12.0",
    "eslint": "^8.9.0",
    "eslint-config-google": "^0.14.0",
    "eslint-plugin-import": "^2.25.4",
    "firebase-functions-test": "^3.1.0",
    "typescript": "^4.9.0"
  },
  "private": true
}
[debug] [2025-05-17T20:27:54.763Z] Building nodejs source
[info] i  functions: Loading and analyzing source code for codebase auth-functions to determine what to deploy 
[debug] [2025-05-17T20:27:54.763Z] Could not find functions.yaml. Must use http discovery
[debug] [2025-05-17T20:27:54.768Z] Found firebase-functions binary at 'C:\Users\mrsha\Desktop\Tranzit.ioNew\auth-functions\node_modules\.bin\firebase-functions'
[info] Serving at port 8449

[debug] [2025-05-17T20:27:55.145Z] Got response from /__/functions.yaml {"endpoints":{"setUserRole":{"availableMemoryMb":null,"timeoutSeconds":null,"minInstances":null,"maxInstances":null,"ingressSettings":null,"concurrency":null,"serviceAccountEmail":null,"vpc":null,"platform":"gcfv2","labels":{},"callableTrigger":{},"entryPoint":"setUserRole"},"getUserRole":{"availableMemoryMb":null,"timeoutSeconds":null,"minInstances":null,"maxInstances":null,"ingressSettings":null,"concurrency":null,"serviceAccountEmail":null,"vpc":null,"platform":"gcfv2","labels":{},"callableTrigger":{},"entryPoint":"getUserRole"}},"specVersion":"v1alpha1","requiredAPIs":[],"extensions":{}}
[info] i  extensions: ensuring required API firebaseextensions.googleapis.com is enabled... 
[debug] [2025-05-17T20:27:59.175Z] Checked if tokens are valid: true, expires at: 1747515418616
[debug] [2025-05-17T20:27:59.175Z] Checked if tokens are valid: true, expires at: 1747515418616
[debug] [2025-05-17T20:27:59.176Z] >>> [apiv2][query] GET https://serviceusage.googleapis.com/v1/projects/tranzitti-90210/services/firebaseextensions.googleapis.com [none]
[debug] [2025-05-17T20:27:59.176Z] >>> [apiv2][(partial)header] GET https://serviceusage.googleapis.com/v1/projects/tranzitti-90210/services/firebaseextensions.googleapis.com x-goog-quota-user=projects/tranzitti-90210
[debug] [2025-05-17T20:27:59.561Z] <<< [apiv2][status] GET https://serviceusage.googleapis.com/v1/projects/tranzitti-90210/services/firebaseextensions.googleapis.com 200
[debug] [2025-05-17T20:27:59.561Z] <<< [apiv2][body] GET https://serviceusage.googleapis.com/v1/projects/tranzitti-90210/services/firebaseextensions.googleapis.com [omitted]
[info] +  extensions: required API firebaseextensions.googleapis.com is enabled 
[debug] [2025-05-17T20:27:59.562Z] > command requires scopes: ["email","openid","https://www.googleapis.com/auth/cloudplatformprojects.readonly","https://www.googleapis.com/auth/firebase","https://www.googleapis.com/auth/cloud-platform"]
[debug] [2025-05-17T20:27:59.562Z] > authorizing via signed-in user (srose@norwalkls.com)
[debug] [2025-05-17T20:27:59.562Z] [iam] checking project tranzitti-90210 for permissions ["firebase.projects.get","firebaseextensions.instances.list"]
[debug] [2025-05-17T20:27:59.563Z] Checked if tokens are valid: true, expires at: 1747515418616
[debug] [2025-05-17T20:27:59.563Z] Checked if tokens are valid: true, expires at: 1747515418616
[debug] [2025-05-17T20:27:59.563Z] >>> [apiv2][query] POST https://cloudresourcemanager.googleapis.com/v1/projects/tranzitti-90210:testIamPermissions [none]
[debug] [2025-05-17T20:27:59.563Z] >>> [apiv2][(partial)header] POST https://cloudresourcemanager.googleapis.com/v1/projects/tranzitti-90210:testIamPermissions x-goog-quota-user=projects/tranzitti-90210
[debug] [2025-05-17T20:27:59.563Z] >>> [apiv2][body] POST https://cloudresourcemanager.googleapis.com/v1/projects/tranzitti-90210:testIamPermissions {"permissions":["firebase.projects.get","firebaseextensions.instances.list"]}
[debug] [2025-05-17T20:27:59.786Z] <<< [apiv2][status] POST https://cloudresourcemanager.googleapis.com/v1/projects/tranzitti-90210:testIamPermissions 200
[debug] [2025-05-17T20:27:59.786Z] <<< [apiv2][body] POST https://cloudresourcemanager.googleapis.com/v1/projects/tranzitti-90210:testIamPermissions {"permissions":["firebase.projects.get","firebaseextensions.instances.list"]}
[debug] [2025-05-17T20:27:59.787Z] Checked if tokens are valid: true, expires at: 1747515418616
[debug] [2025-05-17T20:27:59.787Z] Checked if tokens are valid: true, expires at: 1747515418616
[debug] [2025-05-17T20:27:59.787Z] >>> [apiv2][query] GET https://firebaseextensions.googleapis.com/v1beta/projects/tranzitti-90210/instances pageSize=100&pageToken=
[debug] [2025-05-17T20:28:00.285Z] <<< [apiv2][status] GET https://firebaseextensions.googleapis.com/v1beta/projects/tranzitti-90210/instances 200
[debug] [2025-05-17T20:28:00.285Z] <<< [apiv2][body] GET https://firebaseextensions.googleapis.com/v1beta/projects/tranzitti-90210/instances {}
[info] i  functions: preparing functions directory for uploading... 
[info] i  functions: packaged C:\Users\mrsha\Desktop\Tranzit.ioNew\functions (87.8 KB) for uploading 
[info] i  functions: preparing auth-functions directory for uploading... 
[info] i  functions: packaged C:\Users\mrsha\Desktop\Tranzit.ioNew\auth-functions (92.48 KB) for uploading 
[debug] [2025-05-17T20:28:00.347Z] Checked if tokens are valid: true, expires at: 1747515418616
[debug] [2025-05-17T20:28:00.347Z] Checked if tokens are valid: true, expires at: 1747515418616
[debug] [2025-05-17T20:28:00.347Z] >>> [apiv2][query] GET https://cloudfunctions.googleapis.com/v1/projects/tranzitti-90210/locations/-/functions [none]
[debug] [2025-05-17T20:28:01.497Z] <<< [apiv2][status] GET https://cloudfunctions.googleapis.com/v1/projects/tranzitti-90210/locations/-/functions 200
[debug] [2025-05-17T20:28:01.497Z] <<< [apiv2][body] GET https://cloudfunctions.googleapis.com/v1/projects/tranzitti-90210/locations/-/functions {}
[debug] [2025-05-17T20:28:01.498Z] Checked if tokens are valid: true, expires at: 1747515418616
[debug] [2025-05-17T20:28:01.498Z] Checked if tokens are valid: true, expires at: 1747515418616
[debug] [2025-05-17T20:28:01.498Z] >>> [apiv2][query] GET https://cloudfunctions.googleapis.com/v2/projects/tranzitti-90210/locations/-/functions filter=environment%3D%22GEN_2%22
[debug] [2025-05-17T20:28:02.047Z] <<< [apiv2][status] GET https://cloudfunctions.googleapis.com/v2/projects/tranzitti-90210/locations/-/functions 200
[debug] [2025-05-17T20:28:02.047Z] <<< [apiv2][body] GET https://cloudfunctions.googleapis.com/v2/projects/tranzitti-90210/locations/-/functions {"functions":[{"name":"projects/tranzitti-90210/locations/us-central1/functions/setUserRole","buildConfig":{"build":"projects/243323136379/locations/us-central1/builds/4cf1decc-885c-4e85-9087-fe41aa46811f","runtime":"nodejs22","entryPoint":"setUserRole","source":{"storageSource":{"bucket":"gcf-v2-sources-243323136379-us-central1","object":"setUserRole/function-source.zip","generation":"1747513027713761"}},"environmentVariables":{"GOOGLE_NODE_RUN_SCRIPTS":""},"dockerRepository":"projects/tranzitti-90210/locations/us-central1/repositories/gcf-artifacts","sourceProvenance":{"resolvedStorageSource":{"bucket":"gcf-v2-sources-243323136379-us-central1","object":"setUserRole/function-source.zip","generation":"1747513027713761"}},"dockerRegistry":"ARTIFACT_REGISTRY","serviceAccount":"projects/tranzitti-90210/serviceAccounts/243323136379-compute@developer.gserviceaccount.com","automaticUpdatePolicy":{}},"state":"FAILED","updateTime":"2025-05-17T20:17:28.567629582Z","labels":{"firebase-functions-hash":"36194583dc557d328f00fd9a3ccda0184a8005eb","deployment-tool":"cli-firebase","deployment-callable":"true","firebase-functions-codebase":"auth-functions"},"stateMessages":[{"severity":"ERROR","type":"CloudRunServiceNotFound","message":"Cloud Run service projects/tranzitti-90210/locations/us-central1/services/setuserrole for the function was not found. The function will not work correctly. Please redeploy."}],"environment":"GEN_2","url":"https://us-central1-tranzitti-90210.cloudfunctions.net/setUserRole","createTime":"2025-05-17T20:17:07.939636552Z","satisfiesPzi":true},{"name":"projects/tranzitti-90210/locations/us-central1/functions/getUserRole","buildConfig":{"build":"projects/243323136379/locations/us-central1/builds/6ec1635f-1cf6-4a8e-afbb-f40b90b22333","runtime":"nodejs22","entryPoint":"getUserRole","source":{"storageSource":{"bucket":"gcf-v2-sources-243323136379-us-central1","object":"getUserRole/function-source.zip","generation":"1747513055989719"}},"environmentVariables":{"GOOGLE_NODE_RUN_SCRIPTS":""},"dockerRepository":"projects/tranzitti-90210/locations/us-central1/repositories/gcf-artifacts","sourceProvenance":{"resolvedStorageSource":{"bucket":"gcf-v2-sources-243323136379-us-central1","object":"getUserRole/function-source.zip","generation":"1747513055989719"}},"dockerRegistry":"ARTIFACT_REGISTRY","serviceAccount":"projects/tranzitti-90210/serviceAccounts/243323136379-compute@developer.gserviceaccount.com","automaticUpdatePolicy":{}},"state":"FAILED","updateTime":"2025-05-17T20:17:54.427746349Z","labels":{"deployment-tool":"cli-firebase","deployment-callable":"true","firebase-functions-codebase":"auth-functions","firebase-functions-hash":"36194583dc557d328f00fd9a3ccda0184a8005eb"},"stateMessages":[{"severity":"ERROR","type":"CloudRunServiceNotFound","message":"Cloud Run service projects/tranzitti-90210/locations/us-central1/services/getuserrole for the function was not found. The function will not work correctly. Please redeploy."}],"environment":"GEN_2","url":"https://us-central1-tranzitti-90210.cloudfunctions.net/getUserRole","createTime":"2025-05-17T20:17:36.226669149Z","satisfiesPzi":true},{"name":"projects/tranzitti-90210/locations/us-central1/functions/helloWorld","buildConfig":{"build":"projects/243323136379/locations/us-central1/builds/665b0eb8-af49-4d28-9458-9548e2801cfc","runtime":"nodejs22","entryPoint":"helloWorld","source":{"storageSource":{"bucket":"gcf-v2-sources-243323136379-us-central1","object":"helloWorld/function-source.zip","generation":"1747513027554228"}},"environmentVariables":{"GOOGLE_NODE_RUN_SCRIPTS":""},"dockerRepository":"projects/tranzitti-90210/locations/us-central1/repositories/gcf-artifacts","sourceProvenance":{"resolvedStorageSource":{"bucket":"gcf-v2-sources-243323136379-us-central1","object":"helloWorld/function-source.zip","generation":"1747513027554228"}},"dockerRegistry":"ARTIFACT_REGISTRY","serviceAccount":"projects/tranzitti-90210/serviceAccounts/243323136379-compute@developer.gserviceaccount.com","automaticUpdatePolicy":{}},"state":"FAILED","updateTime":"2025-05-17T20:17:36.363648381Z","labels":{"deployment-tool":"cli-firebase","deployment-callable":"true","firebase-functions-hash":"2476397d4fbaa05dca326c147f11b097590861ae"},"stateMessages":[{"severity":"ERROR","type":"CloudRunServiceNotFound","message":"Cloud Run service projects/tranzitti-90210/locations/us-central1/services/helloworld for the function was not found. The function will not work correctly. Please redeploy."}],"environment":"GEN_2","url":"https://us-central1-tranzitti-90210.cloudfunctions.net/helloWorld","createTime":"2025-05-17T20:17:07.857219723Z","satisfiesPzi":true}]}
[info] i  functions: ensuring required API run.googleapis.com is enabled... 
[debug] [2025-05-17T20:28:02.052Z] Checked if tokens are valid: true, expires at: 1747515418616
[debug] [2025-05-17T20:28:02.052Z] Checked if tokens are valid: true, expires at: 1747515418616
[info] i  functions: ensuring required API eventarc.googleapis.com is enabled... 
[debug] [2025-05-17T20:28:02.053Z] Checked if tokens are valid: true, expires at: 1747515418616
[debug] [2025-05-17T20:28:02.053Z] Checked if tokens are valid: true, expires at: 1747515418616
[info] i  functions: ensuring required API pubsub.googleapis.com is enabled... 
[debug] [2025-05-17T20:28:02.054Z] Checked if tokens are valid: true, expires at: 1747515418616
[debug] [2025-05-17T20:28:02.054Z] Checked if tokens are valid: true, expires at: 1747515418616
[info] i  functions: ensuring required API storage.googleapis.com is enabled... 
[debug] [2025-05-17T20:28:02.054Z] Checked if tokens are valid: true, expires at: 1747515418616
[debug] [2025-05-17T20:28:02.054Z] Checked if tokens are valid: true, expires at: 1747515418616
[debug] [2025-05-17T20:28:02.055Z] >>> [apiv2][query] GET https://serviceusage.googleapis.com/v1/projects/243323136379/services/run.googleapis.com [none]
[debug] [2025-05-17T20:28:02.055Z] >>> [apiv2][(partial)header] GET https://serviceusage.googleapis.com/v1/projects/243323136379/services/run.googleapis.com x-goog-quota-user=projects/243323136379
[debug] [2025-05-17T20:28:02.055Z] >>> [apiv2][query] GET https://serviceusage.googleapis.com/v1/projects/243323136379/services/eventarc.googleapis.com [none]
[debug] [2025-05-17T20:28:02.055Z] >>> [apiv2][(partial)header] GET https://serviceusage.googleapis.com/v1/projects/243323136379/services/eventarc.googleapis.com x-goog-quota-user=projects/243323136379
[debug] [2025-05-17T20:28:02.057Z] >>> [apiv2][query] GET https://serviceusage.googleapis.com/v1/projects/243323136379/services/pubsub.googleapis.com [none]
[debug] [2025-05-17T20:28:02.057Z] >>> [apiv2][(partial)header] GET https://serviceusage.googleapis.com/v1/projects/243323136379/services/pubsub.googleapis.com x-goog-quota-user=projects/243323136379
[debug] [2025-05-17T20:28:02.058Z] >>> [apiv2][query] GET https://serviceusage.googleapis.com/v1/projects/243323136379/services/storage.googleapis.com [none]
[debug] [2025-05-17T20:28:02.059Z] >>> [apiv2][(partial)header] GET https://serviceusage.googleapis.com/v1/projects/243323136379/services/storage.googleapis.com x-goog-quota-user=projects/243323136379
[debug] [2025-05-17T20:28:02.422Z] <<< [apiv2][status] GET https://serviceusage.googleapis.com/v1/projects/243323136379/services/run.googleapis.com 200
[debug] [2025-05-17T20:28:02.422Z] <<< [apiv2][body] GET https://serviceusage.googleapis.com/v1/projects/243323136379/services/run.googleapis.com [omitted]
[info] +  functions: required API run.googleapis.com is enabled 
[debug] [2025-05-17T20:28:02.523Z] <<< [apiv2][status] GET https://serviceusage.googleapis.com/v1/projects/243323136379/services/storage.googleapis.com 200
[debug] [2025-05-17T20:28:02.523Z] <<< [apiv2][body] GET https://serviceusage.googleapis.com/v1/projects/243323136379/services/storage.googleapis.com [omitted]
[info] +  functions: required API storage.googleapis.com is enabled 
[debug] [2025-05-17T20:28:02.622Z] <<< [apiv2][status] GET https://serviceusage.googleapis.com/v1/projects/243323136379/services/eventarc.googleapis.com 200
[debug] [2025-05-17T20:28:02.622Z] <<< [apiv2][body] GET https://serviceusage.googleapis.com/v1/projects/243323136379/services/eventarc.googleapis.com [omitted]
[info] +  functions: required API eventarc.googleapis.com is enabled 
[debug] [2025-05-17T20:28:02.670Z] <<< [apiv2][status] GET https://serviceusage.googleapis.com/v1/projects/243323136379/services/pubsub.googleapis.com 200
[debug] [2025-05-17T20:28:02.670Z] <<< [apiv2][body] GET https://serviceusage.googleapis.com/v1/projects/243323136379/services/pubsub.googleapis.com [omitted]
[info] +  functions: required API pubsub.googleapis.com is enabled 
[info] i  functions: generating the service identity for pubsub.googleapis.com... 
[debug] [2025-05-17T20:28:02.672Z] Checked if tokens are valid: true, expires at: 1747515418616
[debug] [2025-05-17T20:28:02.672Z] Checked if tokens are valid: true, expires at: 1747515418616
[info] i  functions: generating the service identity for eventarc.googleapis.com... 
[debug] [2025-05-17T20:28:02.673Z] Checked if tokens are valid: true, expires at: 1747515418616
[debug] [2025-05-17T20:28:02.673Z] Checked if tokens are valid: true, expires at: 1747515418616
[debug] [2025-05-17T20:28:02.673Z] >>> [apiv2][query] POST https://serviceusage.googleapis.com/v1beta1/projects/243323136379/services/pubsub.googleapis.com:generateServiceIdentity [none]
[debug] [2025-05-17T20:28:02.673Z] >>> [apiv2][query] POST https://serviceusage.googleapis.com/v1beta1/projects/243323136379/services/eventarc.googleapis.com:generateServiceIdentity [none]
[debug] [2025-05-17T20:28:03.017Z] <<< [apiv2][status] POST https://serviceusage.googleapis.com/v1beta1/projects/243323136379/services/pubsub.googleapis.com:generateServiceIdentity 200
[debug] [2025-05-17T20:28:03.018Z] <<< [apiv2][body] POST https://serviceusage.googleapis.com/v1beta1/projects/243323136379/services/pubsub.googleapis.com:generateServiceIdentity {"name":"operations/finished.DONE_OPERATION","done":true,"response":{"@type":"type.googleapis.com/google.api.serviceusage.v1beta1.ServiceIdentity","email":"service-243323136379@gcp-sa-pubsub.iam.gserviceaccount.com","uniqueId":"114267368831450114871"}}
[debug] [2025-05-17T20:28:03.018Z] <<< [apiv2][status] POST https://serviceusage.googleapis.com/v1beta1/projects/243323136379/services/eventarc.googleapis.com:generateServiceIdentity 200
[debug] [2025-05-17T20:28:03.018Z] <<< [apiv2][body] POST https://serviceusage.googleapis.com/v1beta1/projects/243323136379/services/eventarc.googleapis.com:generateServiceIdentity {"name":"operations/finished.DONE_OPERATION","done":true,"response":{"@type":"type.googleapis.com/google.api.serviceusage.v1beta1.ServiceIdentity","email":"service-243323136379@gcp-sa-eventarc.iam.gserviceaccount.com","uniqueId":"114225264947352681424"}}
[debug] [2025-05-17T20:28:03.022Z] Checked if tokens are valid: true, expires at: 1747515418616
[debug] [2025-05-17T20:28:03.022Z] Checked if tokens are valid: true, expires at: 1747515418616
[debug] [2025-05-17T20:28:03.022Z] >>> [apiv2][query] GET https://serviceusage.googleapis.com/v1/projects/tranzitti-90210/services/cloudresourcemanager.googleapis.com [none]
[debug] [2025-05-17T20:28:03.022Z] >>> [apiv2][(partial)header] GET https://serviceusage.googleapis.com/v1/projects/tranzitti-90210/services/cloudresourcemanager.googleapis.com x-goog-quota-user=projects/tranzitti-90210
[debug] [2025-05-17T20:28:03.396Z] <<< [apiv2][status] GET https://serviceusage.googleapis.com/v1/projects/tranzitti-90210/services/cloudresourcemanager.googleapis.com 200
[debug] [2025-05-17T20:28:03.397Z] <<< [apiv2][body] GET https://serviceusage.googleapis.com/v1/projects/tranzitti-90210/services/cloudresourcemanager.googleapis.com [omitted]
[debug] [2025-05-17T20:28:03.397Z] Checked if tokens are valid: true, expires at: 1747515418616
[debug] [2025-05-17T20:28:03.397Z] Checked if tokens are valid: true, expires at: 1747515418616
[debug] [2025-05-17T20:28:03.397Z] >>> [apiv2][query] GET https://cloudresourcemanager.googleapis.com/v1/projects/tranzitti-90210 [none]
[debug] [2025-05-17T20:28:03.548Z] <<< [apiv2][status] GET https://cloudresourcemanager.googleapis.com/v1/projects/tranzitti-90210 200
[debug] [2025-05-17T20:28:03.548Z] <<< [apiv2][body] GET https://cloudresourcemanager.googleapis.com/v1/projects/tranzitti-90210 {"projectNumber":"243323136379","projectId":"tranzitti-90210","lifecycleState":"ACTIVE","name":"Tranzitti","labels":{"firebase":"enabled","firebase-core":"disabled"},"createTime":"2025-05-17T01:54:36.787915Z","parent":{"type":"organization","id":"439686569459"}}
[debug] [2025-05-17T20:28:03.548Z] Checked if tokens are valid: true, expires at: 1747515418616
[debug] [2025-05-17T20:28:03.548Z] Checked if tokens are valid: true, expires at: 1747515418616
[debug] [2025-05-17T20:28:03.548Z] >>> [apiv2][query] GET https://compute.googleapis.com/compute/v1/projects/243323136379 [none]
[debug] [2025-05-17T20:28:03.809Z] <<< [apiv2][status] GET https://compute.googleapis.com/compute/v1/projects/243323136379 403
[debug] [2025-05-17T20:28:03.809Z] <<< [apiv2][body] GET https://compute.googleapis.com/compute/v1/projects/243323136379 {"error":{"code":403,"message":"Compute Engine API has not been used in project 243323136379 before or it is disabled. Enable it by visiting https://console.developers.google.com/apis/api/compute.googleapis.com/overview?project=243323136379 then retry. If you enabled this API recently, wait a few minutes for the action to propagate to our systems and retry.","errors":[{"message":"Compute Engine API has not been used in project 243323136379 before or it is disabled. Enable it by visiting https://console.developers.google.com/apis/api/compute.googleapis.com/overview?project=243323136379 then retry. If you enabled this API recently, wait a few minutes for the action to propagate to our systems and retry.","domain":"usageLimits","reason":"accessNotConfigured","extendedHelp":"https://console.developers.google.com"}],"status":"PERMISSION_DENIED","details":[{"@type":"type.googleapis.com/google.rpc.ErrorInfo","reason":"SERVICE_DISABLED","domain":"googleapis.com","metadata":{"serviceTitle":"Compute Engine API","activationUrl":"https://console.developers.google.com/apis/api/compute.googleapis.com/overview?project=243323136379","service":"compute.googleapis.com","containerInfo":"243323136379","consumer":"projects/243323136379"}},{"@type":"type.googleapis.com/google.rpc.LocalizedMessage","locale":"en-US","message":"Compute Engine API has not been used in project 243323136379 before or it is disabled. Enable it by visiting https://console.developers.google.com/apis/api/compute.googleapis.com/overview?project=243323136379 then retry. If you enabled this API recently, wait a few minutes for the action to propagate to our systems and retry."},{"@type":"type.googleapis.com/google.rpc.Help","links":[{"description":"Google developers console API activation","url":"https://console.developers.google.com/apis/api/compute.googleapis.com/overview?project=243323136379"}]}]}}
[debug] [2025-05-17T20:28:03.809Z] unable to look up default compute service account. Falling back to 243323136379-compute@developer.gserviceaccount.com. Error: {"name":"FirebaseError","children":[],"context":{"body":{"error":{"code":403,"message":"Compute Engine API has not been used in project 243323136379 before or it is disabled. Enable it by visiting https://console.developers.google.com/apis/api/compute.googleapis.com/overview?project=243323136379 then retry. If you enabled this API recently, wait a few minutes for the action to propagate to our systems and retry.","errors":[{"message":"Compute Engine API has not been used in project 243323136379 before or it is disabled. Enable it by visiting https://console.developers.google.com/apis/api/compute.googleapis.com/overview?project=243323136379 then retry. If you enabled this API recently, wait a few minutes for the action to propagate to our systems and retry.","domain":"usageLimits","reason":"accessNotConfigured","extendedHelp":"https://console.developers.google.com"}],"status":"PERMISSION_DENIED","details":[{"@type":"type.googleapis.com/google.rpc.ErrorInfo","reason":"SERVICE_DISABLED","domain":"googleapis.com","metadata":{"serviceTitle":"Compute Engine API","activationUrl":"https://console.developers.google.com/apis/api/compute.googleapis.com/overview?project=243323136379","service":"compute.googleapis.com","containerInfo":"243323136379","consumer":"projects/243323136379"}},{"@type":"type.googleapis.com/google.rpc.LocalizedMessage","locale":"en-US","message":"Compute Engine API has not been used in project 243323136379 before or it is disabled. Enable it by visiting https://console.developers.google.com/apis/api/compute.googleapis.com/overview?project=243323136379 then retry. If you enabled this API recently, wait a few minutes for the action to propagate to our systems and retry."},{"@type":"type.googleapis.com/google.rpc.Help","links":[{"description":"Google developers console API activation","url":"https://console.developers.google.com/apis/api/compute.googleapis.com/overview?project=243323136379"}]}]}},"response":{"statusCode":403}},"exit":1,"message":"Request to https://compute.googleapis.com/compute/v1/projects/243323136379 had HTTP Error: 403, Compute Engine API has not been used in project 243323136379 before or it is disabled. Enable it by visiting https://console.developers.google.com/apis/api/compute.googleapis.com/overview?project=243323136379 then retry. If you enabled this API recently, wait a few minutes for the action to propagate to our systems and retry.","status":403}
[debug] [2025-05-17T20:28:03.809Z] Checked if tokens are valid: true, expires at: 1747515418616
[debug] [2025-05-17T20:28:03.809Z] Checked if tokens are valid: true, expires at: 1747515418616
[debug] [2025-05-17T20:28:03.810Z] >>> [apiv2][query] GET https://compute.googleapis.com/compute/v1/projects/243323136379 [none]
[debug] [2025-05-17T20:28:03.908Z] <<< [apiv2][status] GET https://compute.googleapis.com/compute/v1/projects/243323136379 403
[debug] [2025-05-17T20:28:03.908Z] <<< [apiv2][body] GET https://compute.googleapis.com/compute/v1/projects/243323136379 {"error":{"code":403,"message":"Compute Engine API has not been used in project 243323136379 before or it is disabled. Enable it by visiting https://console.developers.google.com/apis/api/compute.googleapis.com/overview?project=243323136379 then retry. If you enabled this API recently, wait a few minutes for the action to propagate to our systems and retry.","errors":[{"message":"Compute Engine API has not been used in project 243323136379 before or it is disabled. Enable it by visiting https://console.developers.google.com/apis/api/compute.googleapis.com/overview?project=243323136379 then retry. If you enabled this API recently, wait a few minutes for the action to propagate to our systems and retry.","domain":"usageLimits","reason":"accessNotConfigured","extendedHelp":"https://console.developers.google.com"}],"status":"PERMISSION_DENIED","details":[{"@type":"type.googleapis.com/google.rpc.ErrorInfo","reason":"SERVICE_DISABLED","domain":"googleapis.com","metadata":{"activationUrl":"https://console.developers.google.com/apis/api/compute.googleapis.com/overview?project=243323136379","service":"compute.googleapis.com","serviceTitle":"Compute Engine API","consumer":"projects/243323136379","containerInfo":"243323136379"}},{"@type":"type.googleapis.com/google.rpc.LocalizedMessage","locale":"en-US","message":"Compute Engine API has not been used in project 243323136379 before or it is disabled. Enable it by visiting https://console.developers.google.com/apis/api/compute.googleapis.com/overview?project=243323136379 then retry. If you enabled this API recently, wait a few minutes for the action to propagate to our systems and retry."},{"@type":"type.googleapis.com/google.rpc.Help","links":[{"description":"Google developers console API activation","url":"https://console.developers.google.com/apis/api/compute.googleapis.com/overview?project=243323136379"}]}]}}
[debug] [2025-05-17T20:28:03.908Z] unable to look up default compute service account. Falling back to 243323136379-compute@developer.gserviceaccount.com. Error: {"name":"FirebaseError","children":[],"context":{"body":{"error":{"code":403,"message":"Compute Engine API has not been used in project 243323136379 before or it is disabled. Enable it by visiting https://console.developers.google.com/apis/api/compute.googleapis.com/overview?project=243323136379 then retry. If you enabled this API recently, wait a few minutes for the action to propagate to our systems and retry.","errors":[{"message":"Compute Engine API has not been used in project 243323136379 before or it is disabled. Enable it by visiting https://console.developers.google.com/apis/api/compute.googleapis.com/overview?project=243323136379 then retry. If you enabled this API recently, wait a few minutes for the action to propagate to our systems and retry.","domain":"usageLimits","reason":"accessNotConfigured","extendedHelp":"https://console.developers.google.com"}],"status":"PERMISSION_DENIED","details":[{"@type":"type.googleapis.com/google.rpc.ErrorInfo","reason":"SERVICE_DISABLED","domain":"googleapis.com","metadata":{"activationUrl":"https://console.developers.google.com/apis/api/compute.googleapis.com/overview?project=243323136379","service":"compute.googleapis.com","serviceTitle":"Compute Engine API","consumer":"projects/243323136379","containerInfo":"243323136379"}},{"@type":"type.googleapis.com/google.rpc.LocalizedMessage","locale":"en-US","message":"Compute Engine API has not been used in project 243323136379 before or it is disabled. Enable it by visiting https://console.developers.google.com/apis/api/compute.googleapis.com/overview?project=243323136379 then retry. If you enabled this API recently, wait a few minutes for the action to propagate to our systems and retry."},{"@type":"type.googleapis.com/google.rpc.Help","links":[{"description":"Google developers console API activation","url":"https://console.developers.google.com/apis/api/compute.googleapis.com/overview?project=243323136379"}]}]}},"response":{"statusCode":403}},"exit":1,"message":"Request to https://compute.googleapis.com/compute/v1/projects/243323136379 had HTTP Error: 403, Compute Engine API has not been used in project 243323136379 before or it is disabled. Enable it by visiting https://console.developers.google.com/apis/api/compute.googleapis.com/overview?project=243323136379 then retry. If you enabled this API recently, wait a few minutes for the action to propagate to our systems and retry.","status":403}
[debug] [2025-05-17T20:28:03.909Z] Checked if tokens are valid: true, expires at: 1747515418616
[debug] [2025-05-17T20:28:03.909Z] Checked if tokens are valid: true, expires at: 1747515418616
[debug] [2025-05-17T20:28:03.909Z] >>> [apiv2][query] GET https://compute.googleapis.com/compute/v1/projects/243323136379 [none]
[debug] [2025-05-17T20:28:04.012Z] <<< [apiv2][status] GET https://compute.googleapis.com/compute/v1/projects/243323136379 403
[debug] [2025-05-17T20:28:04.012Z] <<< [apiv2][body] GET https://compute.googleapis.com/compute/v1/projects/243323136379 {"error":{"code":403,"message":"Compute Engine API has not been used in project 243323136379 before or it is disabled. Enable it by visiting https://console.developers.google.com/apis/api/compute.googleapis.com/overview?project=243323136379 then retry. If you enabled this API recently, wait a few minutes for the action to propagate to our systems and retry.","errors":[{"message":"Compute Engine API has not been used in project 243323136379 before or it is disabled. Enable it by visiting https://console.developers.google.com/apis/api/compute.googleapis.com/overview?project=243323136379 then retry. If you enabled this API recently, wait a few minutes for the action to propagate to our systems and retry.","domain":"usageLimits","reason":"accessNotConfigured","extendedHelp":"https://console.developers.google.com"}],"status":"PERMISSION_DENIED","details":[{"@type":"type.googleapis.com/google.rpc.ErrorInfo","reason":"SERVICE_DISABLED","domain":"googleapis.com","metadata":{"serviceTitle":"Compute Engine API","containerInfo":"243323136379","activationUrl":"https://console.developers.google.com/apis/api/compute.googleapis.com/overview?project=243323136379","service":"compute.googleapis.com","consumer":"projects/243323136379"}},{"@type":"type.googleapis.com/google.rpc.LocalizedMessage","locale":"en-US","message":"Compute Engine API has not been used in project 243323136379 before or it is disabled. Enable it by visiting https://console.developers.google.com/apis/api/compute.googleapis.com/overview?project=243323136379 then retry. If you enabled this API recently, wait a few minutes for the action to propagate to our systems and retry."},{"@type":"type.googleapis.com/google.rpc.Help","links":[{"description":"Google developers console API activation","url":"https://console.developers.google.com/apis/api/compute.googleapis.com/overview?project=243323136379"}]}]}}
[debug] [2025-05-17T20:28:04.013Z] unable to look up default compute service account. Falling back to 243323136379-compute@developer.gserviceaccount.com. Error: {"name":"FirebaseError","children":[],"context":{"body":{"error":{"code":403,"message":"Compute Engine API has not been used in project 243323136379 before or it is disabled. Enable it by visiting https://console.developers.google.com/apis/api/compute.googleapis.com/overview?project=243323136379 then retry. If you enabled this API recently, wait a few minutes for the action to propagate to our systems and retry.","errors":[{"message":"Compute Engine API has not been used in project 243323136379 before or it is disabled. Enable it by visiting https://console.developers.google.com/apis/api/compute.googleapis.com/overview?project=243323136379 then retry. If you enabled this API recently, wait a few minutes for the action to propagate to our systems and retry.","domain":"usageLimits","reason":"accessNotConfigured","extendedHelp":"https://console.developers.google.com"}],"status":"PERMISSION_DENIED","details":[{"@type":"type.googleapis.com/google.rpc.ErrorInfo","reason":"SERVICE_DISABLED","domain":"googleapis.com","metadata":{"serviceTitle":"Compute Engine API","containerInfo":"243323136379","activationUrl":"https://console.developers.google.com/apis/api/compute.googleapis.com/overview?project=243323136379","service":"compute.googleapis.com","consumer":"projects/243323136379"}},{"@type":"type.googleapis.com/google.rpc.LocalizedMessage","locale":"en-US","message":"Compute Engine API has not been used in project 243323136379 before or it is disabled. Enable it by visiting https://console.developers.google.com/apis/api/compute.googleapis.com/overview?project=243323136379 then retry. If you enabled this API recently, wait a few minutes for the action to propagate to our systems and retry."},{"@type":"type.googleapis.com/google.rpc.Help","links":[{"description":"Google developers console API activation","url":"https://console.developers.google.com/apis/api/compute.googleapis.com/overview?project=243323136379"}]}]}},"response":{"statusCode":403}},"exit":1,"message":"Request to https://compute.googleapis.com/compute/v1/projects/243323136379 had HTTP Error: 403, Compute Engine API has not been used in project 243323136379 before or it is disabled. Enable it by visiting https://console.developers.google.com/apis/api/compute.googleapis.com/overview?project=243323136379 then retry. If you enabled this API recently, wait a few minutes for the action to propagate to our systems and retry.","status":403}
[debug] [2025-05-17T20:28:04.013Z] Checked if tokens are valid: true, expires at: 1747515418616
[debug] [2025-05-17T20:28:04.013Z] Checked if tokens are valid: true, expires at: 1747515418616
[debug] [2025-05-17T20:28:04.013Z] >>> [apiv2][query] GET https://compute.googleapis.com/compute/v1/projects/243323136379 [none]
[debug] [2025-05-17T20:28:04.125Z] <<< [apiv2][status] GET https://compute.googleapis.com/compute/v1/projects/243323136379 403
[debug] [2025-05-17T20:28:04.125Z] <<< [apiv2][body] GET https://compute.googleapis.com/compute/v1/projects/243323136379 {"error":{"code":403,"message":"Compute Engine API has not been used in project 243323136379 before or it is disabled. Enable it by visiting https://console.developers.google.com/apis/api/compute.googleapis.com/overview?project=243323136379 then retry. If you enabled this API recently, wait a few minutes for the action to propagate to our systems and retry.","errors":[{"message":"Compute Engine API has not been used in project 243323136379 before or it is disabled. Enable it by visiting https://console.developers.google.com/apis/api/compute.googleapis.com/overview?project=243323136379 then retry. If you enabled this API recently, wait a few minutes for the action to propagate to our systems and retry.","domain":"usageLimits","reason":"accessNotConfigured","extendedHelp":"https://console.developers.google.com"}],"status":"PERMISSION_DENIED","details":[{"@type":"type.googleapis.com/google.rpc.ErrorInfo","reason":"SERVICE_DISABLED","domain":"googleapis.com","metadata":{"consumer":"projects/243323136379","activationUrl":"https://console.developers.google.com/apis/api/compute.googleapis.com/overview?project=243323136379","containerInfo":"243323136379","serviceTitle":"Compute Engine API","service":"compute.googleapis.com"}},{"@type":"type.googleapis.com/google.rpc.LocalizedMessage","locale":"en-US","message":"Compute Engine API has not been used in project 243323136379 before or it is disabled. Enable it by visiting https://console.developers.google.com/apis/api/compute.googleapis.com/overview?project=243323136379 then retry. If you enabled this API recently, wait a few minutes for the action to propagate to our systems and retry."},{"@type":"type.googleapis.com/google.rpc.Help","links":[{"description":"Google developers console API activation","url":"https://console.developers.google.com/apis/api/compute.googleapis.com/overview?project=243323136379"}]}]}}
[debug] [2025-05-17T20:28:04.125Z] unable to look up default compute service account. Falling back to 243323136379-compute@developer.gserviceaccount.com. Error: {"name":"FirebaseError","children":[],"context":{"body":{"error":{"code":403,"message":"Compute Engine API has not been used in project 243323136379 before or it is disabled. Enable it by visiting https://console.developers.google.com/apis/api/compute.googleapis.com/overview?project=243323136379 then retry. If you enabled this API recently, wait a few minutes for the action to propagate to our systems and retry.","errors":[{"message":"Compute Engine API has not been used in project 243323136379 before or it is disabled. Enable it by visiting https://console.developers.google.com/apis/api/compute.googleapis.com/overview?project=243323136379 then retry. If you enabled this API recently, wait a few minutes for the action to propagate to our systems and retry.","domain":"usageLimits","reason":"accessNotConfigured","extendedHelp":"https://console.developers.google.com"}],"status":"PERMISSION_DENIED","details":[{"@type":"type.googleapis.com/google.rpc.ErrorInfo","reason":"SERVICE_DISABLED","domain":"googleapis.com","metadata":{"consumer":"projects/243323136379","activationUrl":"https://console.developers.google.com/apis/api/compute.googleapis.com/overview?project=243323136379","containerInfo":"243323136379","serviceTitle":"Compute Engine API","service":"compute.googleapis.com"}},{"@type":"type.googleapis.com/google.rpc.LocalizedMessage","locale":"en-US","message":"Compute Engine API has not been used in project 243323136379 before or it is disabled. Enable it by visiting https://console.developers.google.com/apis/api/compute.googleapis.com/overview?project=243323136379 then retry. If you enabled this API recently, wait a few minutes for the action to propagate to our systems and retry."},{"@type":"type.googleapis.com/google.rpc.Help","links":[{"description":"Google developers console API activation","url":"https://console.developers.google.com/apis/api/compute.googleapis.com/overview?project=243323136379"}]}]}},"response":{"statusCode":403}},"exit":1,"message":"Request to https://compute.googleapis.com/compute/v1/projects/243323136379 had HTTP Error: 403, Compute Engine API has not been used in project 243323136379 before or it is disabled. Enable it by visiting https://console.developers.google.com/apis/api/compute.googleapis.com/overview?project=243323136379 then retry. If you enabled this API recently, wait a few minutes for the action to propagate to our systems and retry.","status":403}
[debug] [2025-05-17T20:28:04.125Z] Checked if tokens are valid: true, expires at: 1747515418616
[debug] [2025-05-17T20:28:04.125Z] Checked if tokens are valid: true, expires at: 1747515418616
[debug] [2025-05-17T20:28:04.126Z] >>> [apiv2][query] GET https://compute.googleapis.com/compute/v1/projects/243323136379 [none]
[debug] [2025-05-17T20:28:04.296Z] <<< [apiv2][status] GET https://compute.googleapis.com/compute/v1/projects/243323136379 403
[debug] [2025-05-17T20:28:04.296Z] <<< [apiv2][body] GET https://compute.googleapis.com/compute/v1/projects/243323136379 {"error":{"code":403,"message":"Compute Engine API has not been used in project 243323136379 before or it is disabled. Enable it by visiting https://console.developers.google.com/apis/api/compute.googleapis.com/overview?project=243323136379 then retry. If you enabled this API recently, wait a few minutes for the action to propagate to our systems and retry.","errors":[{"message":"Compute Engine API has not been used in project 243323136379 before or it is disabled. Enable it by visiting https://console.developers.google.com/apis/api/compute.googleapis.com/overview?project=243323136379 then retry. If you enabled this API recently, wait a few minutes for the action to propagate to our systems and retry.","domain":"usageLimits","reason":"accessNotConfigured","extendedHelp":"https://console.developers.google.com"}],"status":"PERMISSION_DENIED","details":[{"@type":"type.googleapis.com/google.rpc.ErrorInfo","reason":"SERVICE_DISABLED","domain":"googleapis.com","metadata":{"activationUrl":"https://console.developers.google.com/apis/api/compute.googleapis.com/overview?project=243323136379","service":"compute.googleapis.com","containerInfo":"243323136379","consumer":"projects/243323136379","serviceTitle":"Compute Engine API"}},{"@type":"type.googleapis.com/google.rpc.LocalizedMessage","locale":"en-US","message":"Compute Engine API has not been used in project 243323136379 before or it is disabled. Enable it by visiting https://console.developers.google.com/apis/api/compute.googleapis.com/overview?project=243323136379 then retry. If you enabled this API recently, wait a few minutes for the action to propagate to our systems and retry."},{"@type":"type.googleapis.com/google.rpc.Help","links":[{"description":"Google developers console API activation","url":"https://console.developers.google.com/apis/api/compute.googleapis.com/overview?project=243323136379"}]}]}}
[debug] [2025-05-17T20:28:04.296Z] unable to look up default compute service account. Falling back to 243323136379-compute@developer.gserviceaccount.com. Error: {"name":"FirebaseError","children":[],"context":{"body":{"error":{"code":403,"message":"Compute Engine API has not been used in project 243323136379 before or it is disabled. Enable it by visiting https://console.developers.google.com/apis/api/compute.googleapis.com/overview?project=243323136379 then retry. If you enabled this API recently, wait a few minutes for the action to propagate to our systems and retry.","errors":[{"message":"Compute Engine API has not been used in project 243323136379 before or it is disabled. Enable it by visiting https://console.developers.google.com/apis/api/compute.googleapis.com/overview?project=243323136379 then retry. If you enabled this API recently, wait a few minutes for the action to propagate to our systems and retry.","domain":"usageLimits","reason":"accessNotConfigured","extendedHelp":"https://console.developers.google.com"}],"status":"PERMISSION_DENIED","details":[{"@type":"type.googleapis.com/google.rpc.ErrorInfo","reason":"SERVICE_DISABLED","domain":"googleapis.com","metadata":{"activationUrl":"https://console.developers.google.com/apis/api/compute.googleapis.com/overview?project=243323136379","service":"compute.googleapis.com","containerInfo":"243323136379","consumer":"projects/243323136379","serviceTitle":"Compute Engine API"}},{"@type":"type.googleapis.com/google.rpc.LocalizedMessage","locale":"en-US","message":"Compute Engine API has not been used in project 243323136379 before or it is disabled. Enable it by visiting https://console.developers.google.com/apis/api/compute.googleapis.com/overview?project=243323136379 then retry. If you enabled this API recently, wait a few minutes for the action to propagate to our systems and retry."},{"@type":"type.googleapis.com/google.rpc.Help","links":[{"description":"Google developers console API activation","url":"https://console.developers.google.com/apis/api/compute.googleapis.com/overview?project=243323136379"}]}]}},"response":{"statusCode":403}},"exit":1,"message":"Request to https://compute.googleapis.com/compute/v1/projects/243323136379 had HTTP Error: 403, Compute Engine API has not been used in project 243323136379 before or it is disabled. Enable it by visiting https://console.developers.google.com/apis/api/compute.googleapis.com/overview?project=243323136379 then retry. If you enabled this API recently, wait a few minutes for the action to propagate to our systems and retry.","status":403}
[debug] [2025-05-17T20:28:04.297Z] Checked if tokens are valid: true, expires at: 1747515418616
[debug] [2025-05-17T20:28:04.297Z] Checked if tokens are valid: true, expires at: 1747515418616
[debug] [2025-05-17T20:28:04.297Z] >>> [apiv2][query] GET https://compute.googleapis.com/compute/v1/projects/243323136379 [none]
[debug] [2025-05-17T20:28:04.463Z] <<< [apiv2][status] GET https://compute.googleapis.com/compute/v1/projects/243323136379 403
[debug] [2025-05-17T20:28:04.463Z] <<< [apiv2][body] GET https://compute.googleapis.com/compute/v1/projects/243323136379 {"error":{"code":403,"message":"Compute Engine API has not been used in project 243323136379 before or it is disabled. Enable it by visiting https://console.developers.google.com/apis/api/compute.googleapis.com/overview?project=243323136379 then retry. If you enabled this API recently, wait a few minutes for the action to propagate to our systems and retry.","errors":[{"message":"Compute Engine API has not been used in project 243323136379 before or it is disabled. Enable it by visiting https://console.developers.google.com/apis/api/compute.googleapis.com/overview?project=243323136379 then retry. If you enabled this API recently, wait a few minutes for the action to propagate to our systems and retry.","domain":"usageLimits","reason":"accessNotConfigured","extendedHelp":"https://console.developers.google.com"}],"status":"PERMISSION_DENIED","details":[{"@type":"type.googleapis.com/google.rpc.ErrorInfo","reason":"SERVICE_DISABLED","domain":"googleapis.com","metadata":{"activationUrl":"https://console.developers.google.com/apis/api/compute.googleapis.com/overview?project=243323136379","containerInfo":"243323136379","serviceTitle":"Compute Engine API","service":"compute.googleapis.com","consumer":"projects/243323136379"}},{"@type":"type.googleapis.com/google.rpc.LocalizedMessage","locale":"en-US","message":"Compute Engine API has not been used in project 243323136379 before or it is disabled. Enable it by visiting https://console.developers.google.com/apis/api/compute.googleapis.com/overview?project=243323136379 then retry. If you enabled this API recently, wait a few minutes for the action to propagate to our systems and retry."},{"@type":"type.googleapis.com/google.rpc.Help","links":[{"description":"Google developers console API activation","url":"https://console.developers.google.com/apis/api/compute.googleapis.com/overview?project=243323136379"}]}]}}
[debug] [2025-05-17T20:28:04.463Z] unable to look up default compute service account. Falling back to 243323136379-compute@developer.gserviceaccount.com. Error: {"name":"FirebaseError","children":[],"context":{"body":{"error":{"code":403,"message":"Compute Engine API has not been used in project 243323136379 before or it is disabled. Enable it by visiting https://console.developers.google.com/apis/api/compute.googleapis.com/overview?project=243323136379 then retry. If you enabled this API recently, wait a few minutes for the action to propagate to our systems and retry.","errors":[{"message":"Compute Engine API has not been used in project 243323136379 before or it is disabled. Enable it by visiting https://console.developers.google.com/apis/api/compute.googleapis.com/overview?project=243323136379 then retry. If you enabled this API recently, wait a few minutes for the action to propagate to our systems and retry.","domain":"usageLimits","reason":"accessNotConfigured","extendedHelp":"https://console.developers.google.com"}],"status":"PERMISSION_DENIED","details":[{"@type":"type.googleapis.com/google.rpc.ErrorInfo","reason":"SERVICE_DISABLED","domain":"googleapis.com","metadata":{"activationUrl":"https://console.developers.google.com/apis/api/compute.googleapis.com/overview?project=243323136379","containerInfo":"243323136379","serviceTitle":"Compute Engine API","service":"compute.googleapis.com","consumer":"projects/243323136379"}},{"@type":"type.googleapis.com/google.rpc.LocalizedMessage","locale":"en-US","message":"Compute Engine API has not been used in project 243323136379 before or it is disabled. Enable it by visiting https://console.developers.google.com/apis/api/compute.googleapis.com/overview?project=243323136379 then retry. If you enabled this API recently, wait a few minutes for the action to propagate to our systems and retry."},{"@type":"type.googleapis.com/google.rpc.Help","links":[{"description":"Google developers console API activation","url":"https://console.developers.google.com/apis/api/compute.googleapis.com/overview?project=243323136379"}]}]}},"response":{"statusCode":403}},"exit":1,"message":"Request to https://compute.googleapis.com/compute/v1/projects/243323136379 had HTTP Error: 403, Compute Engine API has not been used in project 243323136379 before or it is disabled. Enable it by visiting https://console.developers.google.com/apis/api/compute.googleapis.com/overview?project=243323136379 then retry. If you enabled this API recently, wait a few minutes for the action to propagate to our systems and retry.","status":403}
[debug] [2025-05-17T20:28:04.468Z] Checked if tokens are valid: true, expires at: 1747515418616
[debug] [2025-05-17T20:28:04.468Z] Checked if tokens are valid: true, expires at: 1747515418616
[debug] [2025-05-17T20:28:04.468Z] >>> [apiv2][query] POST https://firebasehosting.googleapis.com/v1beta1/projects/-/sites/tranzitti-90210/versions [none]
[debug] [2025-05-17T20:28:04.469Z] >>> [apiv2][body] POST https://firebasehosting.googleapis.com/v1beta1/projects/-/sites/tranzitti-90210/versions {"status":"CREATED","labels":{"deployment-tool":"cli-firebase"}}
[debug] [2025-05-17T20:28:05.141Z] <<< [apiv2][status] POST https://firebasehosting.googleapis.com/v1beta1/projects/-/sites/tranzitti-90210/versions 200
[debug] [2025-05-17T20:28:05.141Z] <<< [apiv2][body] POST https://firebasehosting.googleapis.com/v1beta1/projects/-/sites/tranzitti-90210/versions {"name":"projects/243323136379/sites/tranzitti-90210/versions/f7e07d17a9dd451f","status":"CREATED","config":{},"labels":{"deployment-tool":"cli-firebase"}}
[debug] [2025-05-17T20:28:05.142Z] Checked if tokens are valid: true, expires at: 1747515418616
[debug] [2025-05-17T20:28:05.142Z] Checked if tokens are valid: true, expires at: 1747515418616
[debug] [2025-05-17T20:28:05.143Z] >>> [apiv2][query] GET https://firebaserules.googleapis.com/v1/projects/tranzitti-90210/releases pageSize=10&pageToken=
[debug] [2025-05-17T20:28:05.479Z] <<< [apiv2][status] GET https://firebaserules.googleapis.com/v1/projects/tranzitti-90210/releases 200
[debug] [2025-05-17T20:28:05.479Z] <<< [apiv2][body] GET https://firebaserules.googleapis.com/v1/projects/tranzitti-90210/releases {"releases":[{"name":"projects/tranzitti-90210/releases/cloud.firestore","rulesetName":"projects/tranzitti-90210/rulesets/f193740d-d456-4924-b05f-153a1b1f4281","createTime":"2025-05-17T20:15:59.776742Z","updateTime":"2025-05-17T20:17:06.328466Z"},{"name":"projects/tranzitti-90210/releases/firebase.storage/tranzitti-90210.firebasestorage.app","rulesetName":"projects/tranzitti-90210/rulesets/d9e985ef-2940-49a3-97d5-c4b142b25f61","createTime":"2025-05-17T20:01:06.822804Z","updateTime":"2025-05-17T20:17:05.945965Z"}]}
[debug] [2025-05-17T20:28:05.493Z] Checked if tokens are valid: true, expires at: 1747515418616
[debug] [2025-05-17T20:28:05.493Z] Checked if tokens are valid: true, expires at: 1747515418616
[debug] [2025-05-17T20:28:05.493Z] >>> [apiv2][query] GET https://firebaserules.googleapis.com/v1/projects/tranzitti-90210/rulesets/d9e985ef-2940-49a3-97d5-c4b142b25f61 [none]
[debug] [2025-05-17T20:28:05.691Z] <<< [apiv2][status] GET https://firebaserules.googleapis.com/v1/projects/tranzitti-90210/rulesets/d9e985ef-2940-49a3-97d5-c4b142b25f61 200
[debug] [2025-05-17T20:28:05.691Z] <<< [apiv2][body] GET https://firebaserules.googleapis.com/v1/projects/tranzitti-90210/rulesets/d9e985ef-2940-49a3-97d5-c4b142b25f61 [omitted]
[info] i  storage: latest version of storage.rules already up to date, skipping upload... 
[debug] [2025-05-17T20:28:05.693Z] Checked if tokens are valid: true, expires at: 1747515418616
[debug] [2025-05-17T20:28:05.693Z] Checked if tokens are valid: true, expires at: 1747515418616
[info] i  firestore: deploying indexes... 
[debug] [2025-05-17T20:28:05.695Z] Checked if tokens are valid: true, expires at: 1747515418616
[debug] [2025-05-17T20:28:05.695Z] Checked if tokens are valid: true, expires at: 1747515418616
[debug] [2025-05-17T20:28:05.696Z] >>> [apiv2][query] GET https://firebaserules.googleapis.com/v1/projects/tranzitti-90210/releases pageSize=10&pageToken=
[debug] [2025-05-17T20:28:05.696Z] >>> [apiv2][query] GET https://firestore.googleapis.com/v1/projects/tranzitti-90210/databases/(default)/collectionGroups/-/indexes [none]
[debug] [2025-05-17T20:28:05.872Z] <<< [apiv2][status] GET https://firebaserules.googleapis.com/v1/projects/tranzitti-90210/releases 200
[debug] [2025-05-17T20:28:05.872Z] <<< [apiv2][body] GET https://firebaserules.googleapis.com/v1/projects/tranzitti-90210/releases {"releases":[{"name":"projects/tranzitti-90210/releases/cloud.firestore","rulesetName":"projects/tranzitti-90210/rulesets/f193740d-d456-4924-b05f-153a1b1f4281","createTime":"2025-05-17T20:15:59.776742Z","updateTime":"2025-05-17T20:17:06.328466Z"},{"name":"projects/tranzitti-90210/releases/firebase.storage/tranzitti-90210.firebasestorage.app","rulesetName":"projects/tranzitti-90210/rulesets/d9e985ef-2940-49a3-97d5-c4b142b25f61","createTime":"2025-05-17T20:01:06.822804Z","updateTime":"2025-05-17T20:17:05.945965Z"}]}
[debug] [2025-05-17T20:28:05.873Z] Checked if tokens are valid: true, expires at: 1747515418616
[debug] [2025-05-17T20:28:05.873Z] Checked if tokens are valid: true, expires at: 1747515418616
[debug] [2025-05-17T20:28:05.873Z] >>> [apiv2][query] GET https://firebaserules.googleapis.com/v1/projects/tranzitti-90210/rulesets/f193740d-d456-4924-b05f-153a1b1f4281 [none]
[debug] [2025-05-17T20:28:06.075Z] <<< [apiv2][status] GET https://firebaserules.googleapis.com/v1/projects/tranzitti-90210/rulesets/f193740d-d456-4924-b05f-153a1b1f4281 200
[debug] [2025-05-17T20:28:06.075Z] <<< [apiv2][body] GET https://firebaserules.googleapis.com/v1/projects/tranzitti-90210/rulesets/f193740d-d456-4924-b05f-153a1b1f4281 [omitted]
[info] i  firestore: latest version of firestore.rules already up to date, skipping upload... 
[debug] [2025-05-17T20:28:06.138Z] <<< [apiv2][status] GET https://firestore.googleapis.com/v1/projects/tranzitti-90210/databases/(default)/collectionGroups/-/indexes 200
[debug] [2025-05-17T20:28:06.138Z] <<< [apiv2][body] GET https://firestore.googleapis.com/v1/projects/tranzitti-90210/databases/(default)/collectionGroups/-/indexes {}
[debug] [2025-05-17T20:28:06.139Z] Checked if tokens are valid: true, expires at: 1747515418616
[debug] [2025-05-17T20:28:06.139Z] Checked if tokens are valid: true, expires at: 1747515418616
[debug] [2025-05-17T20:28:06.139Z] >>> [apiv2][query] GET https://firestore.googleapis.com/v1/projects/tranzitti-90210/databases/(default)/collectionGroups/-/fields?filter=indexConfig.usesAncestorConfig=false OR ttlConfig:* [none]
[debug] [2025-05-17T20:28:06.311Z] <<< [apiv2][status] GET https://firestore.googleapis.com/v1/projects/tranzitti-90210/databases/(default)/collectionGroups/-/fields?filter=indexConfig.usesAncestorConfig=false OR ttlConfig:* 200
[debug] [2025-05-17T20:28:06.312Z] <<< [apiv2][body] GET https://firestore.googleapis.com/v1/projects/tranzitti-90210/databases/(default)/collectionGroups/-/fields?filter=indexConfig.usesAncestorConfig=false OR ttlConfig:* {"fields":[{"name":"projects/tranzitti-90210/databases/(default)/collectionGroups/__default__/fields/*","indexConfig":{"indexes":[{"queryScope":"COLLECTION","fields":[{"fieldPath":"*","order":"ASCENDING"}],"state":"READY"},{"queryScope":"COLLECTION","fields":[{"fieldPath":"*","order":"DESCENDING"}],"state":"READY"},{"queryScope":"COLLECTION","fields":[{"fieldPath":"*","arrayConfig":"CONTAINS"}],"state":"READY"}]}}]}
[info] +  firestore: deployed indexes in firestore.indexes.json successfully for (default) database 
[debug] [2025-05-17T20:28:06.314Z] Checked if tokens are valid: true, expires at: 1747515418616
[debug] [2025-05-17T20:28:06.314Z] Checked if tokens are valid: true, expires at: 1747515418616
[debug] [2025-05-17T20:28:06.314Z] >>> [apiv2][query] GET https://cloudbilling.googleapis.com/v1/projects/tranzitti-90210/billingInfo [none]
[debug] [2025-05-17T20:28:06.746Z] <<< [apiv2][status] GET https://cloudbilling.googleapis.com/v1/projects/tranzitti-90210/billingInfo 200
[debug] [2025-05-17T20:28:06.746Z] <<< [apiv2][body] GET https://cloudbilling.googleapis.com/v1/projects/tranzitti-90210/billingInfo {"name":"projects/tranzitti-90210/billingInfo","projectId":"tranzitti-90210","billingAccountName":"billingAccounts/0114C6-7CDE84-227FD4","billingEnabled":true}
[info] i  hosting[tranzitti-90210]: beginning deploy... 
[info] i  hosting[tranzitti-90210]: found 17 files in build 
[debug] [2025-05-17T20:28:06.769Z] [hosting] uploading with 200 concurrency
[debug] [2025-05-17T20:28:06.773Z] Checked if tokens are valid: true, expires at: 1747515418616
[debug] [2025-05-17T20:28:06.773Z] Checked if tokens are valid: true, expires at: 1747515418616
[debug] [2025-05-17T20:28:06.773Z] [hosting] hash cache [YnVpbGQ] stored for 17 files
[debug] [2025-05-17T20:28:06.774Z] [hosting][hash queue][FINAL] {"max":1,"min":0,"avg":0,"active":0,"complete":17,"success":17,"errored":0,"retried":0,"total":17,"elapsed":3}
[debug] [2025-05-17T20:28:06.774Z] >>> [apiv2][query] POST https://firebasehosting.googleapis.com/v1beta1/projects/243323136379/sites/tranzitti-90210/versions/f7e07d17a9dd451f:populateFiles [none]
[debug] [2025-05-17T20:28:06.774Z] >>> [apiv2][body] POST https://firebasehosting.googleapis.com/v1beta1/projects/243323136379/sites/tranzitti-90210/versions/f7e07d17a9dd451f:populateFiles {"files":{"/warehouse-icon.svg":"36e3ce8c89263fa9a711de36757f57863b98a6d9a0d7c34ba6383c8dadb34dad","/truck-icon.svg":"308ad9b2a49f3242847342a2956a8ba9378cbd06a27eac7be02b7c3811afbb27","/robots.txt":"b2090cf9761ef60aa06e4fab97679bd43dfa5e5df073701ead5879d7c68f1ec5","/manifest.json":"4368aeaf848ae2e048765562c289452f33ad2a175c4b1951ea8bdf2ada0d5b10","/logo512.png":"212b102aa09e51b3b3e06647e81f7801a61333e171f6582e8124379aabccb41d","/logo192.png":"79e2b749561016bc8af300ea19f48347ceed3cb1a54f48ae456172eca45e08f0","/index.html":"e1849f960e687e80a9d05f05fe6919363f7633ca6ffe02857515e617e055ed87","/googlefa09bf12419809a8.html":"88221f0938a0020248bfeb755ce93c7e34bf6ac4e4129430465f4f3c8e946eb4","/favicon.ico":"876596c8b58d2f2c19b4b7da4e5be766155c5a917f5955b9a53a06d3be0a720b","/asset-manifest.json":"d3cad8c484e620745857f9e0d213c1ecda50db059329c8e0c65711885dec1071","/static/js/main.94871499.js.map":"4c930a7765ffbde1f4948997f1590d330c6ac76ced34093e1b1ed066ca9f7e94","/static/js/main.94871499.js.LICENSE.txt":"451b3b085c8ff3c8326616b41fe731863196735b6763458c34512eab8765f7b5","/static/js/main.94871499.js":"73b57ba19f952713fcb7a9409ca9d20eb220af492a7ea7f1ccc923602a3b111e","/static/js/453.efbef0c0.chunk.js.map":"7fa6f487bb02bf6414a95f3c42576cae503d7da8317b699f8d7b050f8116dbe3","/static/js/453.efbef0c0.chunk.js":"959fc592f2d108c2ccfb5aae6a38aea2654ebfb7d48084cc73ad476211f05349","/static/css/main.ed69b6c7.css.map":"3bc9d69ad5ac3ecc638c03c9a5537f6cd43a2ebd7e6c4595a26c915be0e90d92","/static/css/main.ed69b6c7.css":"3e56b0f6077f3d5984db40456a0cf0cb2f9e8d0cb10c21a5223bdb478d2ff501"}}
[debug] [2025-05-17T20:28:06.975Z] <<< [apiv2][status] POST https://firebasehosting.googleapis.com/v1beta1/projects/243323136379/sites/tranzitti-90210/versions/f7e07d17a9dd451f:populateFiles 200
[debug] [2025-05-17T20:28:06.975Z] <<< [apiv2][body] POST https://firebasehosting.googleapis.com/v1beta1/projects/243323136379/sites/tranzitti-90210/versions/f7e07d17a9dd451f:populateFiles {"uploadUrl":"https://upload-firebasehosting.googleapis.com/upload/sites/tranzitti-90210/versions/f7e07d17a9dd451f/files"}
[debug] [2025-05-17T20:28:06.976Z] [hosting][populate queue][FINAL] {"max":204,"min":204,"avg":204,"active":0,"complete":1,"success":1,"errored":0,"retried":0,"total":1,"elapsed":204}
[debug] [2025-05-17T20:28:06.976Z] [hosting] uploads queued: 0
[debug] [2025-05-17T20:28:06.976Z] [hosting][upload queue][FINAL] {"max":0,"min":9999999999,"avg":0,"active":0,"complete":0,"success":0,"errored":0,"retried":0,"total":0,"elapsed":1747513686976}
[info] +  hosting[tranzitti-90210]: file upload complete 
[debug] [2025-05-17T20:28:06.977Z] [hosting] deploy completed after 225ms
[debug] [2025-05-17T20:28:06.978Z] [rules] releasing firebase.storage/tranzitti-90210.firebasestorage.app with ruleset projects/tranzitti-90210/rulesets/d9e985ef-2940-49a3-97d5-c4b142b25f61
[debug] [2025-05-17T20:28:06.978Z] Checked if tokens are valid: true, expires at: 1747515418616
[debug] [2025-05-17T20:28:06.978Z] Checked if tokens are valid: true, expires at: 1747515418616
[debug] [2025-05-17T20:28:06.978Z] >>> [apiv2][query] PATCH https://firebaserules.googleapis.com/v1/projects/tranzitti-90210/releases/firebase.storage/tranzitti-90210.firebasestorage.app [none]
[debug] [2025-05-17T20:28:06.978Z] >>> [apiv2][body] PATCH https://firebaserules.googleapis.com/v1/projects/tranzitti-90210/releases/firebase.storage/tranzitti-90210.firebasestorage.app {"release":{"name":"projects/tranzitti-90210/releases/firebase.storage/tranzitti-90210.firebasestorage.app","rulesetName":"projects/tranzitti-90210/rulesets/d9e985ef-2940-49a3-97d5-c4b142b25f61"}}
[debug] [2025-05-17T20:28:07.337Z] <<< [apiv2][status] PATCH https://firebaserules.googleapis.com/v1/projects/tranzitti-90210/releases/firebase.storage/tranzitti-90210.firebasestorage.app 200
[debug] [2025-05-17T20:28:07.337Z] <<< [apiv2][body] PATCH https://firebaserules.googleapis.com/v1/projects/tranzitti-90210/releases/firebase.storage/tranzitti-90210.firebasestorage.app {"name":"projects/tranzitti-90210/releases/firebase.storage/tranzitti-90210.firebasestorage.app","rulesetName":"projects/tranzitti-90210/rulesets/d9e985ef-2940-49a3-97d5-c4b142b25f61","createTime":"2025-05-17T20:01:06.822804Z","updateTime":"2025-05-17T20:28:07.280977Z"}
[debug] [2025-05-17T20:28:07.337Z] [rules] updated release projects/tranzitti-90210/releases/firebase.storage/tranzitti-90210.firebasestorage.app
[info] +  storage: released rules storage.rules to firebase.storage 
[debug] [2025-05-17T20:28:07.338Z] [rules] releasing cloud.firestore/(default) with ruleset projects/tranzitti-90210/rulesets/f193740d-d456-4924-b05f-153a1b1f4281
[debug] [2025-05-17T20:28:07.338Z] Checked if tokens are valid: true, expires at: 1747515418616
[debug] [2025-05-17T20:28:07.338Z] Checked if tokens are valid: true, expires at: 1747515418616
[debug] [2025-05-17T20:28:07.338Z] >>> [apiv2][query] PATCH https://firebaserules.googleapis.com/v1/projects/tranzitti-90210/releases/cloud.firestore/(default) [none]
[debug] [2025-05-17T20:28:07.338Z] >>> [apiv2][body] PATCH https://firebaserules.googleapis.com/v1/projects/tranzitti-90210/releases/cloud.firestore/(default) {"release":{"name":"projects/tranzitti-90210/releases/cloud.firestore/(default)","rulesetName":"projects/tranzitti-90210/rulesets/f193740d-d456-4924-b05f-153a1b1f4281"}}
[debug] [2025-05-17T20:28:07.726Z] <<< [apiv2][status] PATCH https://firebaserules.googleapis.com/v1/projects/tranzitti-90210/releases/cloud.firestore/(default) 200
[debug] [2025-05-17T20:28:07.727Z] <<< [apiv2][body] PATCH https://firebaserules.googleapis.com/v1/projects/tranzitti-90210/releases/cloud.firestore/(default) {"name":"projects/tranzitti-90210/releases/cloud.firestore","rulesetName":"projects/tranzitti-90210/rulesets/f193740d-d456-4924-b05f-153a1b1f4281","createTime":"2025-05-17T20:15:59.776742Z","updateTime":"2025-05-17T20:28:07.670073Z"}
[debug] [2025-05-17T20:28:07.727Z] [rules] updated release projects/tranzitti-90210/releases/cloud.firestore
[info] +  firestore: released rules firestore.rules to cloud.firestore 
[info] i  functions: updating Node.js 22 (2nd Gen) function helloWorld(us-central1)... 
[debug] [2025-05-17T20:28:07.732Z] Precondition failed. Cannot update a GCFv2 function without storage
[info] i  functions: updating Node.js 22 (2nd Gen) function auth-functions:setUserRole(us-central1)... 
[debug] [2025-05-17T20:28:07.733Z] Precondition failed. Cannot update a GCFv2 function without storage
[info] i  functions: updating Node.js 22 (2nd Gen) function auth-functions:getUserRole(us-central1)... 
[debug] [2025-05-17T20:28:07.734Z] Precondition failed. Cannot update a GCFv2 function without storage
[debug] [2025-05-17T20:28:07.747Z] Total Function Deployment time: 4
[debug] [2025-05-17T20:28:07.747Z] 3 Functions Deployed
[debug] [2025-05-17T20:28:07.747Z] 3 Functions Errored
[debug] [2025-05-17T20:28:07.748Z] 0 Function Deployments Aborted
[debug] [2025-05-17T20:28:07.748Z] Average Function Deployment time: 1
[info] 
[info] Functions deploy had errors with the following functions:
	auth-functions:getUserRole(us-central1)
	helloWorld(us-central1)
	auth-functions:setUserRole(us-central1)
[debug] [2025-05-17T20:28:08.008Z] Checked if tokens are valid: true, expires at: 1747515418616
[debug] [2025-05-17T20:28:08.008Z] Checked if tokens are valid: true, expires at: 1747515418616
[debug] [2025-05-17T20:28:08.008Z] >>> [apiv2][query] GET https://artifactregistry.googleapis.com/v1/projects/tranzitti-90210/locations/us-central1/repositories/gcf-artifacts [none]
[debug] [2025-05-17T20:28:08.465Z] <<< [apiv2][status] GET https://artifactregistry.googleapis.com/v1/projects/tranzitti-90210/locations/us-central1/repositories/gcf-artifacts 200
[debug] [2025-05-17T20:28:08.465Z] <<< [apiv2][body] GET https://artifactregistry.googleapis.com/v1/projects/tranzitti-90210/locations/us-central1/repositories/gcf-artifacts {"name":"projects/tranzitti-90210/locations/us-central1/repositories/gcf-artifacts","format":"DOCKER","description":"This repository is created and used by Cloud Functions for storing function docker images.","labels":{"goog-managed-by":"cloudfunctions"},"createTime":"2025-05-17T20:17:16.736892Z","updateTime":"2025-05-17T20:18:35.241558Z","mode":"STANDARD_REPOSITORY","cleanupPolicies":{"firebase-functions-cleanup":{"id":"firebase-functions-cleanup","action":"DELETE","condition":{"tagState":"ANY","olderThan":"86400s"}}},"vulnerabilityScanningConfig":{"lastEnableTime":"2025-05-17T20:17:08.042608601Z","enablementState":"SCANNING_DISABLED","enablementStateReason":"API containerscanning.googleapis.com is not enabled."},"satisfiesPzi":true,"registryUri":"us-central1-docker.pkg.dev/tranzitti-90210/gcf-artifacts"}
[debug] [2025-05-17T20:28:08.465Z] Functions deploy failed.
[debug] [2025-05-17T20:28:08.465Z] {}
[debug] [2025-05-17T20:28:08.465Z] {}
[debug] [2025-05-17T20:28:08.465Z] {}
[error] Error: There was an error deploying functions:
[error] - Error Precondition failed
[error] - Error Precondition failed
[error] - Error Precondition failed
[debug] [2025-05-17T20:53:50.842Z] ----------------------------------------------------------------------
[debug] [2025-05-17T20:53:50.844Z] Command:       C:\Program Files\nodejs\node.exe C:\Users\mrsha\AppData\Roaming\npm\node_modules\firebase-tools\lib\bin\firebase.js deploy --only functions
[debug] [2025-05-17T20:53:50.844Z] CLI Version:   14.4.0
[debug] [2025-05-17T20:53:50.844Z] Platform:      win32
[debug] [2025-05-17T20:53:50.844Z] Node Version:  v22.15.0
[debug] [2025-05-17T20:53:50.844Z] Time:          Sat May 17 2025 16:53:50 GMT-0400 (Eastern Daylight Time)
[debug] [2025-05-17T20:53:50.845Z] ----------------------------------------------------------------------
[debug] 
[debug] [2025-05-17T20:53:50.984Z] > command requires scopes: ["email","openid","https://www.googleapis.com/auth/cloudplatformprojects.readonly","https://www.googleapis.com/auth/firebase","https://www.googleapis.com/auth/cloud-platform"]
[debug] [2025-05-17T20:53:50.984Z] > authorizing via signed-in user (srose@norwalkls.com)
[debug] [2025-05-17T20:53:50.984Z] [iam] checking project tranzitti-90210 for permissions ["cloudfunctions.functions.create","cloudfunctions.functions.delete","cloudfunctions.functions.get","cloudfunctions.functions.list","cloudfunctions.functions.update","cloudfunctions.operations.get","firebase.projects.get"]
[debug] [2025-05-17T20:53:50.985Z] Checked if tokens are valid: false, expires at: 1747515418616
[debug] [2025-05-17T20:53:50.985Z] Checked if tokens are valid: false, expires at: 1747515418616
[debug] [2025-05-17T20:53:50.985Z] > refreshing access token with scopes: []
[debug] [2025-05-17T20:53:50.986Z] >>> [apiv2][query] POST https://www.googleapis.com/oauth2/v3/token [none]
[debug] [2025-05-17T20:53:50.986Z] >>> [apiv2][body] POST https://www.googleapis.com/oauth2/v3/token [omitted]
[debug] [2025-05-17T20:53:51.326Z] <<< [apiv2][status] POST https://www.googleapis.com/oauth2/v3/token 200
[debug] [2025-05-17T20:53:51.326Z] <<< [apiv2][body] POST https://www.googleapis.com/oauth2/v3/token [omitted]
[debug] [2025-05-17T20:53:51.349Z] >>> [apiv2][query] POST https://cloudresourcemanager.googleapis.com/v1/projects/tranzitti-90210:testIamPermissions [none]
[debug] [2025-05-17T20:53:51.349Z] >>> [apiv2][(partial)header] POST https://cloudresourcemanager.googleapis.com/v1/projects/tranzitti-90210:testIamPermissions x-goog-quota-user=projects/tranzitti-90210
[debug] [2025-05-17T20:53:51.349Z] >>> [apiv2][body] POST https://cloudresourcemanager.googleapis.com/v1/projects/tranzitti-90210:testIamPermissions {"permissions":["cloudfunctions.functions.create","cloudfunctions.functions.delete","cloudfunctions.functions.get","cloudfunctions.functions.list","cloudfunctions.functions.update","cloudfunctions.operations.get","firebase.projects.get"]}
[debug] [2025-05-17T20:53:51.663Z] <<< [apiv2][status] POST https://cloudresourcemanager.googleapis.com/v1/projects/tranzitti-90210:testIamPermissions 200
[debug] [2025-05-17T20:53:51.663Z] <<< [apiv2][body] POST https://cloudresourcemanager.googleapis.com/v1/projects/tranzitti-90210:testIamPermissions {"permissions":["cloudfunctions.functions.create","cloudfunctions.functions.delete","cloudfunctions.functions.get","cloudfunctions.functions.list","cloudfunctions.functions.update","cloudfunctions.operations.get","firebase.projects.get"]}
[debug] [2025-05-17T20:53:51.664Z] Checked if tokens are valid: true, expires at: 1747518830326
[debug] [2025-05-17T20:53:51.664Z] Checked if tokens are valid: true, expires at: 1747518830326
[debug] [2025-05-17T20:53:51.665Z] >>> [apiv2][query] POST https://iam.googleapis.com/v1/projects/tranzitti-90210/serviceAccounts/tranzitti-90210@appspot.gserviceaccount.com:testIamPermissions [none]
[debug] [2025-05-17T20:53:51.665Z] >>> [apiv2][body] POST https://iam.googleapis.com/v1/projects/tranzitti-90210/serviceAccounts/tranzitti-90210@appspot.gserviceaccount.com:testIamPermissions {"permissions":["iam.serviceAccounts.actAs"]}
[debug] [2025-05-17T20:53:52.015Z] <<< [apiv2][status] POST https://iam.googleapis.com/v1/projects/tranzitti-90210/serviceAccounts/tranzitti-90210@appspot.gserviceaccount.com:testIamPermissions 200
[debug] [2025-05-17T20:53:52.015Z] <<< [apiv2][body] POST https://iam.googleapis.com/v1/projects/tranzitti-90210/serviceAccounts/tranzitti-90210@appspot.gserviceaccount.com:testIamPermissions {"permissions":["iam.serviceAccounts.actAs"]}
[info] 
[info] === Deploying to 'tranzitti-90210'...
[info] 
[info] i  deploying functions 
[info] Running command: npm --prefix "$RESOURCE_DIR" run lint
[info] Running command: npm --prefix "$RESOURCE_DIR" run build
[info] +  functions: Finished running predeploy script. 
[info] Running command: npm --prefix "$RESOURCE_DIR" run lint
[info] Running command: npm --prefix "$RESOURCE_DIR" run build
[info] +  functions: Finished running predeploy script. 
[debug] [2025-05-17T20:54:03.344Z] Checked if tokens are valid: true, expires at: 1747518830326
[debug] [2025-05-17T20:54:03.344Z] Checked if tokens are valid: true, expires at: 1747518830326
[debug] [2025-05-17T20:54:03.344Z] >>> [apiv2][query] GET https://serviceusage.googleapis.com/v1/projects/tranzitti-90210/services/cloudresourcemanager.googleapis.com [none]
[debug] [2025-05-17T20:54:03.344Z] >>> [apiv2][(partial)header] GET https://serviceusage.googleapis.com/v1/projects/tranzitti-90210/services/cloudresourcemanager.googleapis.com x-goog-quota-user=projects/tranzitti-90210
[debug] [2025-05-17T20:54:03.942Z] <<< [apiv2][status] GET https://serviceusage.googleapis.com/v1/projects/tranzitti-90210/services/cloudresourcemanager.googleapis.com 200
[debug] [2025-05-17T20:54:03.942Z] <<< [apiv2][body] GET https://serviceusage.googleapis.com/v1/projects/tranzitti-90210/services/cloudresourcemanager.googleapis.com [omitted]
[debug] [2025-05-17T20:54:03.942Z] Checked if tokens are valid: true, expires at: 1747518830326
[debug] [2025-05-17T20:54:03.942Z] Checked if tokens are valid: true, expires at: 1747518830326
[debug] [2025-05-17T20:54:03.942Z] >>> [apiv2][query] GET https://cloudresourcemanager.googleapis.com/v1/projects/tranzitti-90210 [none]
[debug] [2025-05-17T20:54:04.213Z] <<< [apiv2][status] GET https://cloudresourcemanager.googleapis.com/v1/projects/tranzitti-90210 200
[debug] [2025-05-17T20:54:04.213Z] <<< [apiv2][body] GET https://cloudresourcemanager.googleapis.com/v1/projects/tranzitti-90210 {"projectNumber":"243323136379","projectId":"tranzitti-90210","lifecycleState":"ACTIVE","name":"Tranzitti","labels":{"firebase":"enabled","firebase-core":"disabled"},"createTime":"2025-05-17T01:54:36.787915Z","parent":{"type":"organization","id":"439686569459"}}
[info] i  functions: preparing codebase default for deployment 
[info] i  functions: preparing codebase auth-functions for deployment 
[info] i  functions: ensuring required API cloudfunctions.googleapis.com is enabled... 
[debug] [2025-05-17T20:54:04.216Z] Checked if tokens are valid: true, expires at: 1747518830326
[debug] [2025-05-17T20:54:04.217Z] Checked if tokens are valid: true, expires at: 1747518830326
[debug] [2025-05-17T20:54:04.217Z] Checked if tokens are valid: true, expires at: 1747518830326
[debug] [2025-05-17T20:54:04.217Z] Checked if tokens are valid: true, expires at: 1747518830326
[info] i  functions: ensuring required API cloudbuild.googleapis.com is enabled... 
[debug] [2025-05-17T20:54:04.218Z] Checked if tokens are valid: true, expires at: 1747518830326
[debug] [2025-05-17T20:54:04.218Z] Checked if tokens are valid: true, expires at: 1747518830326
[info] i  artifactregistry: ensuring required API artifactregistry.googleapis.com is enabled... 
[debug] [2025-05-17T20:54:04.219Z] Checked if tokens are valid: true, expires at: 1747518830326
[debug] [2025-05-17T20:54:04.219Z] Checked if tokens are valid: true, expires at: 1747518830326
[debug] [2025-05-17T20:54:04.219Z] >>> [apiv2][query] GET https://serviceusage.googleapis.com/v1/projects/tranzitti-90210/services/cloudfunctions.googleapis.com [none]
[debug] [2025-05-17T20:54:04.219Z] >>> [apiv2][(partial)header] GET https://serviceusage.googleapis.com/v1/projects/tranzitti-90210/services/cloudfunctions.googleapis.com x-goog-quota-user=projects/tranzitti-90210
[debug] [2025-05-17T20:54:04.220Z] >>> [apiv2][query] GET https://serviceusage.googleapis.com/v1/projects/tranzitti-90210/services/runtimeconfig.googleapis.com [none]
[debug] [2025-05-17T20:54:04.220Z] >>> [apiv2][(partial)header] GET https://serviceusage.googleapis.com/v1/projects/tranzitti-90210/services/runtimeconfig.googleapis.com x-goog-quota-user=projects/tranzitti-90210
[debug] [2025-05-17T20:54:04.222Z] >>> [apiv2][query] GET https://serviceusage.googleapis.com/v1/projects/tranzitti-90210/services/cloudbuild.googleapis.com [none]
[debug] [2025-05-17T20:54:04.223Z] >>> [apiv2][(partial)header] GET https://serviceusage.googleapis.com/v1/projects/tranzitti-90210/services/cloudbuild.googleapis.com x-goog-quota-user=projects/tranzitti-90210
[debug] [2025-05-17T20:54:04.224Z] >>> [apiv2][query] GET https://serviceusage.googleapis.com/v1/projects/tranzitti-90210/services/artifactregistry.googleapis.com [none]
[debug] [2025-05-17T20:54:04.224Z] >>> [apiv2][(partial)header] GET https://serviceusage.googleapis.com/v1/projects/tranzitti-90210/services/artifactregistry.googleapis.com x-goog-quota-user=projects/tranzitti-90210
[debug] [2025-05-17T20:54:04.556Z] <<< [apiv2][status] GET https://serviceusage.googleapis.com/v1/projects/tranzitti-90210/services/cloudfunctions.googleapis.com 200
[debug] [2025-05-17T20:54:04.556Z] <<< [apiv2][body] GET https://serviceusage.googleapis.com/v1/projects/tranzitti-90210/services/cloudfunctions.googleapis.com [omitted]
[info] +  functions: required API cloudfunctions.googleapis.com is enabled 
[debug] [2025-05-17T20:54:04.685Z] <<< [apiv2][status] GET https://serviceusage.googleapis.com/v1/projects/tranzitti-90210/services/artifactregistry.googleapis.com 200
[debug] [2025-05-17T20:54:04.685Z] <<< [apiv2][body] GET https://serviceusage.googleapis.com/v1/projects/tranzitti-90210/services/artifactregistry.googleapis.com [omitted]
[info] +  artifactregistry: required API artifactregistry.googleapis.com is enabled 
[debug] [2025-05-17T20:54:04.801Z] <<< [apiv2][status] GET https://serviceusage.googleapis.com/v1/projects/tranzitti-90210/services/cloudbuild.googleapis.com 200
[debug] [2025-05-17T20:54:04.801Z] <<< [apiv2][body] GET https://serviceusage.googleapis.com/v1/projects/tranzitti-90210/services/cloudbuild.googleapis.com [omitted]
[info] +  functions: required API cloudbuild.googleapis.com is enabled 
[debug] [2025-05-17T20:54:04.825Z] <<< [apiv2][status] GET https://serviceusage.googleapis.com/v1/projects/tranzitti-90210/services/runtimeconfig.googleapis.com 200
[debug] [2025-05-17T20:54:04.825Z] <<< [apiv2][body] GET https://serviceusage.googleapis.com/v1/projects/tranzitti-90210/services/runtimeconfig.googleapis.com [omitted]
[debug] [2025-05-17T20:54:04.826Z] Checked if tokens are valid: true, expires at: 1747518830326
[debug] [2025-05-17T20:54:04.826Z] Checked if tokens are valid: true, expires at: 1747518830326
[debug] [2025-05-17T20:54:04.826Z] >>> [apiv2][query] GET https://firebase.googleapis.com/v1beta1/projects/tranzitti-90210/adminSdkConfig [none]
[debug] [2025-05-17T20:54:05.389Z] <<< [apiv2][status] GET https://firebase.googleapis.com/v1beta1/projects/tranzitti-90210/adminSdkConfig 200
[debug] [2025-05-17T20:54:05.389Z] <<< [apiv2][body] GET https://firebase.googleapis.com/v1beta1/projects/tranzitti-90210/adminSdkConfig {"projectId":"tranzitti-90210","storageBucket":"tranzitti-90210.firebasestorage.app"}
[debug] [2025-05-17T20:54:05.390Z] Checked if tokens are valid: true, expires at: 1747518830326
[debug] [2025-05-17T20:54:05.390Z] Checked if tokens are valid: true, expires at: 1747518830326
[debug] [2025-05-17T20:54:05.390Z] >>> [apiv2][query] GET https://runtimeconfig.googleapis.com/v1beta1/projects/tranzitti-90210/configs [none]
[debug] [2025-05-17T20:54:05.874Z] <<< [apiv2][status] GET https://runtimeconfig.googleapis.com/v1beta1/projects/tranzitti-90210/configs 200
[debug] [2025-05-17T20:54:05.874Z] <<< [apiv2][body] GET https://runtimeconfig.googleapis.com/v1beta1/projects/tranzitti-90210/configs {}
[debug] [2025-05-17T20:54:05.876Z] Validating nodejs source
[debug] [2025-05-17T20:54:06.733Z] > [functions] package.json contents: {
  "name": "functions",
  "scripts": {
    "lint": "eslint --ext .js,.ts .",
    "build": "tsc",
    "build:watch": "tsc --watch",
    "serve": "npm run build && firebase emulators:start --only functions",
    "shell": "npm run build && firebase functions:shell",
    "start": "npm run shell",
    "deploy": "firebase deploy --only functions",
    "logs": "firebase functions:log"
  },
  "engines": {
    "node": "22"
  },
  "main": "lib/index.js",
  "dependencies": {
    "firebase-admin": "^12.6.0",
    "firebase-functions": "^6.0.1"
  },
  "devDependencies": {
    "@typescript-eslint/eslint-plugin": "^5.12.0",
    "@typescript-eslint/parser": "^5.12.0",
    "eslint": "^8.9.0",
    "eslint-config-google": "^0.14.0",
    "eslint-plugin-import": "^2.25.4",
    "firebase-functions-test": "^3.1.0",
    "typescript": "^4.9.0"
  },
  "private": true
}
[debug] [2025-05-17T20:54:06.733Z] Building nodejs source
[info] i  functions: Loading and analyzing source code for codebase default to determine what to deploy 
[debug] [2025-05-17T20:54:06.735Z] Could not find functions.yaml. Must use http discovery
[debug] [2025-05-17T20:54:06.741Z] Found firebase-functions binary at 'C:\Users\mrsha\Desktop\Tranzit.ioNew\functions\node_modules\.bin\firebase-functions'
[info] Serving at port 8552

[debug] [2025-05-17T20:54:07.154Z] Got response from /__/functions.yaml {"endpoints":{"helloWorld":{"availableMemoryMb":null,"timeoutSeconds":null,"minInstances":null,"maxInstances":null,"ingressSettings":null,"concurrency":null,"serviceAccountEmail":null,"vpc":null,"platform":"gcfv2","labels":{},"callableTrigger":{},"entryPoint":"helloWorld"}},"specVersion":"v1alpha1","requiredAPIs":[],"extensions":{}}
[debug] [2025-05-17T20:54:11.189Z] Validating nodejs source
[debug] [2025-05-17T20:54:12.017Z] > [functions] package.json contents: {
  "name": "functions",
  "scripts": {
    "lint": "eslint --ext .js,.ts .",
    "build": "tsc",
    "build:watch": "tsc --watch",
    "serve": "npm run build && firebase emulators:start --only functions",
    "shell": "npm run build && firebase functions:shell",
    "start": "npm run shell",
    "deploy": "firebase deploy --only functions",
    "logs": "firebase functions:log"
  },
  "engines": {
    "node": "22"
  },
  "main": "lib/index.js",
  "dependencies": {
    "firebase-admin": "^12.7.0",
    "firebase-functions": "^6.3.2"
  },
  "devDependencies": {
    "@typescript-eslint/eslint-plugin": "^5.12.0",
    "@typescript-eslint/parser": "^5.12.0",
    "eslint": "^8.9.0",
    "eslint-config-google": "^0.14.0",
    "eslint-plugin-import": "^2.25.4",
    "firebase-functions-test": "^3.1.0",
    "typescript": "^4.9.0"
  },
  "private": true
}
[debug] [2025-05-17T20:54:12.017Z] Building nodejs source
[info] i  functions: Loading and analyzing source code for codebase auth-functions to determine what to deploy 
[debug] [2025-05-17T20:54:12.018Z] Could not find functions.yaml. Must use http discovery
[debug] [2025-05-17T20:54:12.023Z] Found firebase-functions binary at 'C:\Users\mrsha\Desktop\Tranzit.ioNew\auth-functions\node_modules\.bin\firebase-functions'
[info] Serving at port 8558

[debug] [2025-05-17T20:54:12.385Z] Got response from /__/functions.yaml {"endpoints":{"setUserRole":{"availableMemoryMb":null,"timeoutSeconds":null,"minInstances":null,"maxInstances":null,"ingressSettings":null,"concurrency":null,"serviceAccountEmail":null,"vpc":null,"platform":"gcfv2","labels":{},"callableTrigger":{},"entryPoint":"setUserRole"},"getUserRole":{"availableMemoryMb":null,"timeoutSeconds":null,"minInstances":null,"maxInstances":null,"ingressSettings":null,"concurrency":null,"serviceAccountEmail":null,"vpc":null,"platform":"gcfv2","labels":{},"callableTrigger":{},"entryPoint":"getUserRole"}},"specVersion":"v1alpha1","requiredAPIs":[],"extensions":{}}
[info] i  extensions: ensuring required API firebaseextensions.googleapis.com is enabled... 
[debug] [2025-05-17T20:54:16.430Z] Checked if tokens are valid: true, expires at: 1747518830326
[debug] [2025-05-17T20:54:16.430Z] Checked if tokens are valid: true, expires at: 1747518830326
[debug] [2025-05-17T20:54:16.430Z] >>> [apiv2][query] GET https://serviceusage.googleapis.com/v1/projects/tranzitti-90210/services/firebaseextensions.googleapis.com [none]
[debug] [2025-05-17T20:54:16.430Z] >>> [apiv2][(partial)header] GET https://serviceusage.googleapis.com/v1/projects/tranzitti-90210/services/firebaseextensions.googleapis.com x-goog-quota-user=projects/tranzitti-90210
[debug] [2025-05-17T20:54:16.834Z] <<< [apiv2][status] GET https://serviceusage.googleapis.com/v1/projects/tranzitti-90210/services/firebaseextensions.googleapis.com 200
[debug] [2025-05-17T20:54:16.834Z] <<< [apiv2][body] GET https://serviceusage.googleapis.com/v1/projects/tranzitti-90210/services/firebaseextensions.googleapis.com [omitted]
[info] +  extensions: required API firebaseextensions.googleapis.com is enabled 
[debug] [2025-05-17T20:54:16.835Z] > command requires scopes: ["email","openid","https://www.googleapis.com/auth/cloudplatformprojects.readonly","https://www.googleapis.com/auth/firebase","https://www.googleapis.com/auth/cloud-platform"]
[debug] [2025-05-17T20:54:16.835Z] > authorizing via signed-in user (srose@norwalkls.com)
[debug] [2025-05-17T20:54:16.835Z] [iam] checking project tranzitti-90210 for permissions ["firebase.projects.get","firebaseextensions.instances.list"]
[debug] [2025-05-17T20:54:16.836Z] Checked if tokens are valid: true, expires at: 1747518830326
[debug] [2025-05-17T20:54:16.836Z] Checked if tokens are valid: true, expires at: 1747518830326
[debug] [2025-05-17T20:54:16.836Z] >>> [apiv2][query] POST https://cloudresourcemanager.googleapis.com/v1/projects/tranzitti-90210:testIamPermissions [none]
[debug] [2025-05-17T20:54:16.836Z] >>> [apiv2][(partial)header] POST https://cloudresourcemanager.googleapis.com/v1/projects/tranzitti-90210:testIamPermissions x-goog-quota-user=projects/tranzitti-90210
[debug] [2025-05-17T20:54:16.836Z] >>> [apiv2][body] POST https://cloudresourcemanager.googleapis.com/v1/projects/tranzitti-90210:testIamPermissions {"permissions":["firebase.projects.get","firebaseextensions.instances.list"]}
[debug] [2025-05-17T20:54:17.092Z] <<< [apiv2][status] POST https://cloudresourcemanager.googleapis.com/v1/projects/tranzitti-90210:testIamPermissions 200
[debug] [2025-05-17T20:54:17.093Z] <<< [apiv2][body] POST https://cloudresourcemanager.googleapis.com/v1/projects/tranzitti-90210:testIamPermissions {"permissions":["firebase.projects.get","firebaseextensions.instances.list"]}
[debug] [2025-05-17T20:54:17.094Z] Checked if tokens are valid: true, expires at: 1747518830326
[debug] [2025-05-17T20:54:17.094Z] Checked if tokens are valid: true, expires at: 1747518830326
[debug] [2025-05-17T20:54:17.094Z] >>> [apiv2][query] GET https://firebaseextensions.googleapis.com/v1beta/projects/tranzitti-90210/instances pageSize=100&pageToken=
[debug] [2025-05-17T20:54:17.567Z] <<< [apiv2][status] GET https://firebaseextensions.googleapis.com/v1beta/projects/tranzitti-90210/instances 200
[debug] [2025-05-17T20:54:17.567Z] <<< [apiv2][body] GET https://firebaseextensions.googleapis.com/v1beta/projects/tranzitti-90210/instances {}
[info] i  functions: preparing functions directory for uploading... 
[info] i  functions: packaged C:\Users\mrsha\Desktop\Tranzit.ioNew\functions (87.8 KB) for uploading 
[info] i  functions: preparing auth-functions directory for uploading... 
[info] i  functions: packaged C:\Users\mrsha\Desktop\Tranzit.ioNew\auth-functions (92.48 KB) for uploading 
[debug] [2025-05-17T20:54:17.634Z] Checked if tokens are valid: true, expires at: 1747518830326
[debug] [2025-05-17T20:54:17.634Z] Checked if tokens are valid: true, expires at: 1747518830326
[debug] [2025-05-17T20:54:17.634Z] >>> [apiv2][query] GET https://cloudfunctions.googleapis.com/v1/projects/tranzitti-90210/locations/-/functions [none]
[debug] [2025-05-17T20:54:18.430Z] <<< [apiv2][status] GET https://cloudfunctions.googleapis.com/v1/projects/tranzitti-90210/locations/-/functions 200
[debug] [2025-05-17T20:54:18.430Z] <<< [apiv2][body] GET https://cloudfunctions.googleapis.com/v1/projects/tranzitti-90210/locations/-/functions {}
[debug] [2025-05-17T20:54:18.431Z] Checked if tokens are valid: true, expires at: 1747518830326
[debug] [2025-05-17T20:54:18.431Z] Checked if tokens are valid: true, expires at: 1747518830326
[debug] [2025-05-17T20:54:18.431Z] >>> [apiv2][query] GET https://cloudfunctions.googleapis.com/v2/projects/tranzitti-90210/locations/-/functions filter=environment%3D%22GEN_2%22
[debug] [2025-05-17T20:54:18.924Z] <<< [apiv2][status] GET https://cloudfunctions.googleapis.com/v2/projects/tranzitti-90210/locations/-/functions 200
[debug] [2025-05-17T20:54:18.925Z] <<< [apiv2][body] GET https://cloudfunctions.googleapis.com/v2/projects/tranzitti-90210/locations/-/functions {"functions":[{"name":"projects/tranzitti-90210/locations/us-central1/functions/setUserRole","buildConfig":{"build":"projects/243323136379/locations/us-central1/builds/4cf1decc-885c-4e85-9087-fe41aa46811f","runtime":"nodejs22","entryPoint":"setUserRole","source":{"storageSource":{"bucket":"gcf-v2-sources-243323136379-us-central1","object":"setUserRole/function-source.zip","generation":"1747513027713761"}},"environmentVariables":{"GOOGLE_NODE_RUN_SCRIPTS":""},"dockerRepository":"projects/tranzitti-90210/locations/us-central1/repositories/gcf-artifacts","sourceProvenance":{"resolvedStorageSource":{"bucket":"gcf-v2-sources-243323136379-us-central1","object":"setUserRole/function-source.zip","generation":"1747513027713761"}},"dockerRegistry":"ARTIFACT_REGISTRY","serviceAccount":"projects/tranzitti-90210/serviceAccounts/243323136379-compute@developer.gserviceaccount.com","automaticUpdatePolicy":{}},"state":"FAILED","updateTime":"2025-05-17T20:17:28.567629582Z","labels":{"deployment-tool":"cli-firebase","deployment-callable":"true","firebase-functions-codebase":"auth-functions","firebase-functions-hash":"36194583dc557d328f00fd9a3ccda0184a8005eb"},"stateMessages":[{"severity":"ERROR","type":"CloudRunServiceNotFound","message":"Cloud Run service projects/tranzitti-90210/locations/us-central1/services/setuserrole for the function was not found. The function will not work correctly. Please redeploy."}],"environment":"GEN_2","url":"https://us-central1-tranzitti-90210.cloudfunctions.net/setUserRole","createTime":"2025-05-17T20:17:07.939636552Z","satisfiesPzi":true},{"name":"projects/tranzitti-90210/locations/us-central1/functions/getUserRole","buildConfig":{"build":"projects/243323136379/locations/us-central1/builds/6ec1635f-1cf6-4a8e-afbb-f40b90b22333","runtime":"nodejs22","entryPoint":"getUserRole","source":{"storageSource":{"bucket":"gcf-v2-sources-243323136379-us-central1","object":"getUserRole/function-source.zip","generation":"1747513055989719"}},"environmentVariables":{"GOOGLE_NODE_RUN_SCRIPTS":""},"dockerRepository":"projects/tranzitti-90210/locations/us-central1/repositories/gcf-artifacts","sourceProvenance":{"resolvedStorageSource":{"bucket":"gcf-v2-sources-243323136379-us-central1","object":"getUserRole/function-source.zip","generation":"1747513055989719"}},"dockerRegistry":"ARTIFACT_REGISTRY","serviceAccount":"projects/tranzitti-90210/serviceAccounts/243323136379-compute@developer.gserviceaccount.com","automaticUpdatePolicy":{}},"state":"FAILED","updateTime":"2025-05-17T20:17:54.427746349Z","labels":{"deployment-tool":"cli-firebase","deployment-callable":"true","firebase-functions-codebase":"auth-functions","firebase-functions-hash":"36194583dc557d328f00fd9a3ccda0184a8005eb"},"stateMessages":[{"severity":"ERROR","type":"CloudRunServiceNotFound","message":"Cloud Run service projects/tranzitti-90210/locations/us-central1/services/getuserrole for the function was not found. The function will not work correctly. Please redeploy."}],"environment":"GEN_2","url":"https://us-central1-tranzitti-90210.cloudfunctions.net/getUserRole","createTime":"2025-05-17T20:17:36.226669149Z","satisfiesPzi":true},{"name":"projects/tranzitti-90210/locations/us-central1/functions/helloWorld","buildConfig":{"build":"projects/243323136379/locations/us-central1/builds/665b0eb8-af49-4d28-9458-9548e2801cfc","runtime":"nodejs22","entryPoint":"helloWorld","source":{"storageSource":{"bucket":"gcf-v2-sources-243323136379-us-central1","object":"helloWorld/function-source.zip","generation":"1747513027554228"}},"environmentVariables":{"GOOGLE_NODE_RUN_SCRIPTS":""},"dockerRepository":"projects/tranzitti-90210/locations/us-central1/repositories/gcf-artifacts","sourceProvenance":{"resolvedStorageSource":{"bucket":"gcf-v2-sources-243323136379-us-central1","object":"helloWorld/function-source.zip","generation":"1747513027554228"}},"dockerRegistry":"ARTIFACT_REGISTRY","serviceAccount":"projects/tranzitti-90210/serviceAccounts/243323136379-compute@developer.gserviceaccount.com","automaticUpdatePolicy":{}},"state":"FAILED","updateTime":"2025-05-17T20:17:36.363648381Z","labels":{"deployment-callable":"true","firebase-functions-hash":"2476397d4fbaa05dca326c147f11b097590861ae","deployment-tool":"cli-firebase"},"stateMessages":[{"severity":"ERROR","type":"CloudRunServiceNotFound","message":"Cloud Run service projects/tranzitti-90210/locations/us-central1/services/helloworld for the function was not found. The function will not work correctly. Please redeploy."}],"environment":"GEN_2","url":"https://us-central1-tranzitti-90210.cloudfunctions.net/helloWorld","createTime":"2025-05-17T20:17:07.857219723Z","satisfiesPzi":true}]}
[info] i  functions: ensuring required API run.googleapis.com is enabled... 
[debug] [2025-05-17T20:54:18.929Z] Checked if tokens are valid: true, expires at: 1747518830326
[debug] [2025-05-17T20:54:18.929Z] Checked if tokens are valid: true, expires at: 1747518830326
[info] i  functions: ensuring required API eventarc.googleapis.com is enabled... 
[debug] [2025-05-17T20:54:18.930Z] Checked if tokens are valid: true, expires at: 1747518830326
[debug] [2025-05-17T20:54:18.930Z] Checked if tokens are valid: true, expires at: 1747518830326
[info] i  functions: ensuring required API pubsub.googleapis.com is enabled... 
[debug] [2025-05-17T20:54:18.931Z] Checked if tokens are valid: true, expires at: 1747518830326
[debug] [2025-05-17T20:54:18.931Z] Checked if tokens are valid: true, expires at: 1747518830326
[info] i  functions: ensuring required API storage.googleapis.com is enabled... 
[debug] [2025-05-17T20:54:18.931Z] Checked if tokens are valid: true, expires at: 1747518830326
[debug] [2025-05-17T20:54:18.931Z] Checked if tokens are valid: true, expires at: 1747518830326
[debug] [2025-05-17T20:54:18.932Z] >>> [apiv2][query] GET https://serviceusage.googleapis.com/v1/projects/243323136379/services/run.googleapis.com [none]
[debug] [2025-05-17T20:54:18.932Z] >>> [apiv2][(partial)header] GET https://serviceusage.googleapis.com/v1/projects/243323136379/services/run.googleapis.com x-goog-quota-user=projects/243323136379
[debug] [2025-05-17T20:54:18.932Z] >>> [apiv2][query] GET https://serviceusage.googleapis.com/v1/projects/243323136379/services/eventarc.googleapis.com [none]
[debug] [2025-05-17T20:54:18.932Z] >>> [apiv2][(partial)header] GET https://serviceusage.googleapis.com/v1/projects/243323136379/services/eventarc.googleapis.com x-goog-quota-user=projects/243323136379
[debug] [2025-05-17T20:54:18.934Z] >>> [apiv2][query] GET https://serviceusage.googleapis.com/v1/projects/243323136379/services/pubsub.googleapis.com [none]
[debug] [2025-05-17T20:54:18.934Z] >>> [apiv2][(partial)header] GET https://serviceusage.googleapis.com/v1/projects/243323136379/services/pubsub.googleapis.com x-goog-quota-user=projects/243323136379
[debug] [2025-05-17T20:54:18.935Z] >>> [apiv2][query] GET https://serviceusage.googleapis.com/v1/projects/243323136379/services/storage.googleapis.com [none]
[debug] [2025-05-17T20:54:18.935Z] >>> [apiv2][(partial)header] GET https://serviceusage.googleapis.com/v1/projects/243323136379/services/storage.googleapis.com x-goog-quota-user=projects/243323136379
[debug] [2025-05-17T20:54:19.388Z] <<< [apiv2][status] GET https://serviceusage.googleapis.com/v1/projects/243323136379/services/pubsub.googleapis.com 200
[debug] [2025-05-17T20:54:19.388Z] <<< [apiv2][body] GET https://serviceusage.googleapis.com/v1/projects/243323136379/services/pubsub.googleapis.com [omitted]
[info] +  functions: required API pubsub.googleapis.com is enabled 
[debug] [2025-05-17T20:54:19.412Z] <<< [apiv2][status] GET https://serviceusage.googleapis.com/v1/projects/243323136379/services/run.googleapis.com 200
[debug] [2025-05-17T20:54:19.412Z] <<< [apiv2][body] GET https://serviceusage.googleapis.com/v1/projects/243323136379/services/run.googleapis.com [omitted]
[info] +  functions: required API run.googleapis.com is enabled 
[debug] [2025-05-17T20:54:19.535Z] <<< [apiv2][status] GET https://serviceusage.googleapis.com/v1/projects/243323136379/services/eventarc.googleapis.com 200
[debug] [2025-05-17T20:54:19.535Z] <<< [apiv2][body] GET https://serviceusage.googleapis.com/v1/projects/243323136379/services/eventarc.googleapis.com [omitted]
[info] +  functions: required API eventarc.googleapis.com is enabled 
[debug] [2025-05-17T20:54:19.540Z] <<< [apiv2][status] GET https://serviceusage.googleapis.com/v1/projects/243323136379/services/storage.googleapis.com 200
[debug] [2025-05-17T20:54:19.540Z] <<< [apiv2][body] GET https://serviceusage.googleapis.com/v1/projects/243323136379/services/storage.googleapis.com [omitted]
[info] +  functions: required API storage.googleapis.com is enabled 
[info] i  functions: generating the service identity for pubsub.googleapis.com... 
[debug] [2025-05-17T20:54:19.541Z] Checked if tokens are valid: true, expires at: 1747518830326
[debug] [2025-05-17T20:54:19.542Z] Checked if tokens are valid: true, expires at: 1747518830326
[info] i  functions: generating the service identity for eventarc.googleapis.com... 
[debug] [2025-05-17T20:54:19.542Z] Checked if tokens are valid: true, expires at: 1747518830326
[debug] [2025-05-17T20:54:19.542Z] Checked if tokens are valid: true, expires at: 1747518830326
[debug] [2025-05-17T20:54:19.542Z] >>> [apiv2][query] POST https://serviceusage.googleapis.com/v1beta1/projects/243323136379/services/pubsub.googleapis.com:generateServiceIdentity [none]
[debug] [2025-05-17T20:54:19.543Z] >>> [apiv2][query] POST https://serviceusage.googleapis.com/v1beta1/projects/243323136379/services/eventarc.googleapis.com:generateServiceIdentity [none]
[debug] [2025-05-17T20:54:20.003Z] <<< [apiv2][status] POST https://serviceusage.googleapis.com/v1beta1/projects/243323136379/services/eventarc.googleapis.com:generateServiceIdentity 200
[debug] [2025-05-17T20:54:20.003Z] <<< [apiv2][body] POST https://serviceusage.googleapis.com/v1beta1/projects/243323136379/services/eventarc.googleapis.com:generateServiceIdentity {"name":"operations/finished.DONE_OPERATION","done":true,"response":{"@type":"type.googleapis.com/google.api.serviceusage.v1beta1.ServiceIdentity","email":"service-243323136379@gcp-sa-eventarc.iam.gserviceaccount.com","uniqueId":"114225264947352681424"}}
[debug] [2025-05-17T20:54:20.005Z] <<< [apiv2][status] POST https://serviceusage.googleapis.com/v1beta1/projects/243323136379/services/pubsub.googleapis.com:generateServiceIdentity 200
[debug] [2025-05-17T20:54:20.005Z] <<< [apiv2][body] POST https://serviceusage.googleapis.com/v1beta1/projects/243323136379/services/pubsub.googleapis.com:generateServiceIdentity {"name":"operations/finished.DONE_OPERATION","done":true,"response":{"@type":"type.googleapis.com/google.api.serviceusage.v1beta1.ServiceIdentity","email":"service-243323136379@gcp-sa-pubsub.iam.gserviceaccount.com","uniqueId":"114267368831450114871"}}
[debug] [2025-05-17T20:54:20.008Z] Checked if tokens are valid: true, expires at: 1747518830326
[debug] [2025-05-17T20:54:20.008Z] Checked if tokens are valid: true, expires at: 1747518830326
[debug] [2025-05-17T20:54:20.008Z] >>> [apiv2][query] GET https://serviceusage.googleapis.com/v1/projects/tranzitti-90210/services/cloudresourcemanager.googleapis.com [none]
[debug] [2025-05-17T20:54:20.008Z] >>> [apiv2][(partial)header] GET https://serviceusage.googleapis.com/v1/projects/tranzitti-90210/services/cloudresourcemanager.googleapis.com x-goog-quota-user=projects/tranzitti-90210
[debug] [2025-05-17T20:54:20.467Z] <<< [apiv2][status] GET https://serviceusage.googleapis.com/v1/projects/tranzitti-90210/services/cloudresourcemanager.googleapis.com 200
[debug] [2025-05-17T20:54:20.468Z] <<< [apiv2][body] GET https://serviceusage.googleapis.com/v1/projects/tranzitti-90210/services/cloudresourcemanager.googleapis.com [omitted]
[debug] [2025-05-17T20:54:20.468Z] Checked if tokens are valid: true, expires at: 1747518830326
[debug] [2025-05-17T20:54:20.468Z] Checked if tokens are valid: true, expires at: 1747518830326
[debug] [2025-05-17T20:54:20.468Z] >>> [apiv2][query] GET https://cloudresourcemanager.googleapis.com/v1/projects/tranzitti-90210 [none]
[debug] [2025-05-17T20:54:20.670Z] <<< [apiv2][status] GET https://cloudresourcemanager.googleapis.com/v1/projects/tranzitti-90210 200
[debug] [2025-05-17T20:54:20.670Z] <<< [apiv2][body] GET https://cloudresourcemanager.googleapis.com/v1/projects/tranzitti-90210 {"projectNumber":"243323136379","projectId":"tranzitti-90210","lifecycleState":"ACTIVE","name":"Tranzitti","labels":{"firebase":"enabled","firebase-core":"disabled"},"createTime":"2025-05-17T01:54:36.787915Z","parent":{"type":"organization","id":"439686569459"}}
[debug] [2025-05-17T20:54:20.670Z] Checked if tokens are valid: true, expires at: 1747518830326
[debug] [2025-05-17T20:54:20.670Z] Checked if tokens are valid: true, expires at: 1747518830326
[debug] [2025-05-17T20:54:20.670Z] >>> [apiv2][query] GET https://compute.googleapis.com/compute/v1/projects/243323136379 [none]
[debug] [2025-05-17T20:54:20.945Z] <<< [apiv2][status] GET https://compute.googleapis.com/compute/v1/projects/243323136379 403
[debug] [2025-05-17T20:54:20.945Z] <<< [apiv2][body] GET https://compute.googleapis.com/compute/v1/projects/243323136379 {"error":{"code":403,"message":"Compute Engine API has not been used in project 243323136379 before or it is disabled. Enable it by visiting https://console.developers.google.com/apis/api/compute.googleapis.com/overview?project=243323136379 then retry. If you enabled this API recently, wait a few minutes for the action to propagate to our systems and retry.","errors":[{"message":"Compute Engine API has not been used in project 243323136379 before or it is disabled. Enable it by visiting https://console.developers.google.com/apis/api/compute.googleapis.com/overview?project=243323136379 then retry. If you enabled this API recently, wait a few minutes for the action to propagate to our systems and retry.","domain":"usageLimits","reason":"accessNotConfigured","extendedHelp":"https://console.developers.google.com"}],"status":"PERMISSION_DENIED","details":[{"@type":"type.googleapis.com/google.rpc.ErrorInfo","reason":"SERVICE_DISABLED","domain":"googleapis.com","metadata":{"consumer":"projects/243323136379","activationUrl":"https://console.developers.google.com/apis/api/compute.googleapis.com/overview?project=243323136379","service":"compute.googleapis.com","containerInfo":"243323136379","serviceTitle":"Compute Engine API"}},{"@type":"type.googleapis.com/google.rpc.LocalizedMessage","locale":"en-US","message":"Compute Engine API has not been used in project 243323136379 before or it is disabled. Enable it by visiting https://console.developers.google.com/apis/api/compute.googleapis.com/overview?project=243323136379 then retry. If you enabled this API recently, wait a few minutes for the action to propagate to our systems and retry."},{"@type":"type.googleapis.com/google.rpc.Help","links":[{"description":"Google developers console API activation","url":"https://console.developers.google.com/apis/api/compute.googleapis.com/overview?project=243323136379"}]}]}}
[debug] [2025-05-17T20:54:20.946Z] unable to look up default compute service account. Falling back to 243323136379-compute@developer.gserviceaccount.com. Error: {"name":"FirebaseError","children":[],"context":{"body":{"error":{"code":403,"message":"Compute Engine API has not been used in project 243323136379 before or it is disabled. Enable it by visiting https://console.developers.google.com/apis/api/compute.googleapis.com/overview?project=243323136379 then retry. If you enabled this API recently, wait a few minutes for the action to propagate to our systems and retry.","errors":[{"message":"Compute Engine API has not been used in project 243323136379 before or it is disabled. Enable it by visiting https://console.developers.google.com/apis/api/compute.googleapis.com/overview?project=243323136379 then retry. If you enabled this API recently, wait a few minutes for the action to propagate to our systems and retry.","domain":"usageLimits","reason":"accessNotConfigured","extendedHelp":"https://console.developers.google.com"}],"status":"PERMISSION_DENIED","details":[{"@type":"type.googleapis.com/google.rpc.ErrorInfo","reason":"SERVICE_DISABLED","domain":"googleapis.com","metadata":{"consumer":"projects/243323136379","activationUrl":"https://console.developers.google.com/apis/api/compute.googleapis.com/overview?project=243323136379","service":"compute.googleapis.com","containerInfo":"243323136379","serviceTitle":"Compute Engine API"}},{"@type":"type.googleapis.com/google.rpc.LocalizedMessage","locale":"en-US","message":"Compute Engine API has not been used in project 243323136379 before or it is disabled. Enable it by visiting https://console.developers.google.com/apis/api/compute.googleapis.com/overview?project=243323136379 then retry. If you enabled this API recently, wait a few minutes for the action to propagate to our systems and retry."},{"@type":"type.googleapis.com/google.rpc.Help","links":[{"description":"Google developers console API activation","url":"https://console.developers.google.com/apis/api/compute.googleapis.com/overview?project=243323136379"}]}]}},"response":{"statusCode":403}},"exit":1,"message":"Request to https://compute.googleapis.com/compute/v1/projects/243323136379 had HTTP Error: 403, Compute Engine API has not been used in project 243323136379 before or it is disabled. Enable it by visiting https://console.developers.google.com/apis/api/compute.googleapis.com/overview?project=243323136379 then retry. If you enabled this API recently, wait a few minutes for the action to propagate to our systems and retry.","status":403}
[debug] [2025-05-17T20:54:20.946Z] Checked if tokens are valid: true, expires at: 1747518830326
[debug] [2025-05-17T20:54:20.946Z] Checked if tokens are valid: true, expires at: 1747518830326
[debug] [2025-05-17T20:54:20.946Z] >>> [apiv2][query] GET https://compute.googleapis.com/compute/v1/projects/243323136379 [none]
[debug] [2025-05-17T20:54:21.055Z] <<< [apiv2][status] GET https://compute.googleapis.com/compute/v1/projects/243323136379 403
[debug] [2025-05-17T20:54:21.056Z] <<< [apiv2][body] GET https://compute.googleapis.com/compute/v1/projects/243323136379 {"error":{"code":403,"message":"Compute Engine API has not been used in project 243323136379 before or it is disabled. Enable it by visiting https://console.developers.google.com/apis/api/compute.googleapis.com/overview?project=243323136379 then retry. If you enabled this API recently, wait a few minutes for the action to propagate to our systems and retry.","errors":[{"message":"Compute Engine API has not been used in project 243323136379 before or it is disabled. Enable it by visiting https://console.developers.google.com/apis/api/compute.googleapis.com/overview?project=243323136379 then retry. If you enabled this API recently, wait a few minutes for the action to propagate to our systems and retry.","domain":"usageLimits","reason":"accessNotConfigured","extendedHelp":"https://console.developers.google.com"}],"status":"PERMISSION_DENIED","details":[{"@type":"type.googleapis.com/google.rpc.ErrorInfo","reason":"SERVICE_DISABLED","domain":"googleapis.com","metadata":{"consumer":"projects/243323136379","serviceTitle":"Compute Engine API","service":"compute.googleapis.com","containerInfo":"243323136379","activationUrl":"https://console.developers.google.com/apis/api/compute.googleapis.com/overview?project=243323136379"}},{"@type":"type.googleapis.com/google.rpc.LocalizedMessage","locale":"en-US","message":"Compute Engine API has not been used in project 243323136379 before or it is disabled. Enable it by visiting https://console.developers.google.com/apis/api/compute.googleapis.com/overview?project=243323136379 then retry. If you enabled this API recently, wait a few minutes for the action to propagate to our systems and retry."},{"@type":"type.googleapis.com/google.rpc.Help","links":[{"description":"Google developers console API activation","url":"https://console.developers.google.com/apis/api/compute.googleapis.com/overview?project=243323136379"}]}]}}
[debug] [2025-05-17T20:54:21.056Z] unable to look up default compute service account. Falling back to 243323136379-compute@developer.gserviceaccount.com. Error: {"name":"FirebaseError","children":[],"context":{"body":{"error":{"code":403,"message":"Compute Engine API has not been used in project 243323136379 before or it is disabled. Enable it by visiting https://console.developers.google.com/apis/api/compute.googleapis.com/overview?project=243323136379 then retry. If you enabled this API recently, wait a few minutes for the action to propagate to our systems and retry.","errors":[{"message":"Compute Engine API has not been used in project 243323136379 before or it is disabled. Enable it by visiting https://console.developers.google.com/apis/api/compute.googleapis.com/overview?project=243323136379 then retry. If you enabled this API recently, wait a few minutes for the action to propagate to our systems and retry.","domain":"usageLimits","reason":"accessNotConfigured","extendedHelp":"https://console.developers.google.com"}],"status":"PERMISSION_DENIED","details":[{"@type":"type.googleapis.com/google.rpc.ErrorInfo","reason":"SERVICE_DISABLED","domain":"googleapis.com","metadata":{"consumer":"projects/243323136379","serviceTitle":"Compute Engine API","service":"compute.googleapis.com","containerInfo":"243323136379","activationUrl":"https://console.developers.google.com/apis/api/compute.googleapis.com/overview?project=243323136379"}},{"@type":"type.googleapis.com/google.rpc.LocalizedMessage","locale":"en-US","message":"Compute Engine API has not been used in project 243323136379 before or it is disabled. Enable it by visiting https://console.developers.google.com/apis/api/compute.googleapis.com/overview?project=243323136379 then retry. If you enabled this API recently, wait a few minutes for the action to propagate to our systems and retry."},{"@type":"type.googleapis.com/google.rpc.Help","links":[{"description":"Google developers console API activation","url":"https://console.developers.google.com/apis/api/compute.googleapis.com/overview?project=243323136379"}]}]}},"response":{"statusCode":403}},"exit":1,"message":"Request to https://compute.googleapis.com/compute/v1/projects/243323136379 had HTTP Error: 403, Compute Engine API has not been used in project 243323136379 before or it is disabled. Enable it by visiting https://console.developers.google.com/apis/api/compute.googleapis.com/overview?project=243323136379 then retry. If you enabled this API recently, wait a few minutes for the action to propagate to our systems and retry.","status":403}
[debug] [2025-05-17T20:54:21.056Z] Checked if tokens are valid: true, expires at: 1747518830326
[debug] [2025-05-17T20:54:21.056Z] Checked if tokens are valid: true, expires at: 1747518830326
[debug] [2025-05-17T20:54:21.056Z] >>> [apiv2][query] GET https://compute.googleapis.com/compute/v1/projects/243323136379 [none]
[debug] [2025-05-17T20:54:21.164Z] <<< [apiv2][status] GET https://compute.googleapis.com/compute/v1/projects/243323136379 403
[debug] [2025-05-17T20:54:21.164Z] <<< [apiv2][body] GET https://compute.googleapis.com/compute/v1/projects/243323136379 {"error":{"code":403,"message":"Compute Engine API has not been used in project 243323136379 before or it is disabled. Enable it by visiting https://console.developers.google.com/apis/api/compute.googleapis.com/overview?project=243323136379 then retry. If you enabled this API recently, wait a few minutes for the action to propagate to our systems and retry.","errors":[{"message":"Compute Engine API has not been used in project 243323136379 before or it is disabled. Enable it by visiting https://console.developers.google.com/apis/api/compute.googleapis.com/overview?project=243323136379 then retry. If you enabled this API recently, wait a few minutes for the action to propagate to our systems and retry.","domain":"usageLimits","reason":"accessNotConfigured","extendedHelp":"https://console.developers.google.com"}],"status":"PERMISSION_DENIED","details":[{"@type":"type.googleapis.com/google.rpc.ErrorInfo","reason":"SERVICE_DISABLED","domain":"googleapis.com","metadata":{"serviceTitle":"Compute Engine API","consumer":"projects/243323136379","containerInfo":"243323136379","service":"compute.googleapis.com","activationUrl":"https://console.developers.google.com/apis/api/compute.googleapis.com/overview?project=243323136379"}},{"@type":"type.googleapis.com/google.rpc.LocalizedMessage","locale":"en-US","message":"Compute Engine API has not been used in project 243323136379 before or it is disabled. Enable it by visiting https://console.developers.google.com/apis/api/compute.googleapis.com/overview?project=243323136379 then retry. If you enabled this API recently, wait a few minutes for the action to propagate to our systems and retry."},{"@type":"type.googleapis.com/google.rpc.Help","links":[{"description":"Google developers console API activation","url":"https://console.developers.google.com/apis/api/compute.googleapis.com/overview?project=243323136379"}]}]}}
[debug] [2025-05-17T20:54:21.164Z] unable to look up default compute service account. Falling back to 243323136379-compute@developer.gserviceaccount.com. Error: {"name":"FirebaseError","children":[],"context":{"body":{"error":{"code":403,"message":"Compute Engine API has not been used in project 243323136379 before or it is disabled. Enable it by visiting https://console.developers.google.com/apis/api/compute.googleapis.com/overview?project=243323136379 then retry. If you enabled this API recently, wait a few minutes for the action to propagate to our systems and retry.","errors":[{"message":"Compute Engine API has not been used in project 243323136379 before or it is disabled. Enable it by visiting https://console.developers.google.com/apis/api/compute.googleapis.com/overview?project=243323136379 then retry. If you enabled this API recently, wait a few minutes for the action to propagate to our systems and retry.","domain":"usageLimits","reason":"accessNotConfigured","extendedHelp":"https://console.developers.google.com"}],"status":"PERMISSION_DENIED","details":[{"@type":"type.googleapis.com/google.rpc.ErrorInfo","reason":"SERVICE_DISABLED","domain":"googleapis.com","metadata":{"serviceTitle":"Compute Engine API","consumer":"projects/243323136379","containerInfo":"243323136379","service":"compute.googleapis.com","activationUrl":"https://console.developers.google.com/apis/api/compute.googleapis.com/overview?project=243323136379"}},{"@type":"type.googleapis.com/google.rpc.LocalizedMessage","locale":"en-US","message":"Compute Engine API has not been used in project 243323136379 before or it is disabled. Enable it by visiting https://console.developers.google.com/apis/api/compute.googleapis.com/overview?project=243323136379 then retry. If you enabled this API recently, wait a few minutes for the action to propagate to our systems and retry."},{"@type":"type.googleapis.com/google.rpc.Help","links":[{"description":"Google developers console API activation","url":"https://console.developers.google.com/apis/api/compute.googleapis.com/overview?project=243323136379"}]}]}},"response":{"statusCode":403}},"exit":1,"message":"Request to https://compute.googleapis.com/compute/v1/projects/243323136379 had HTTP Error: 403, Compute Engine API has not been used in project 243323136379 before or it is disabled. Enable it by visiting https://console.developers.google.com/apis/api/compute.googleapis.com/overview?project=243323136379 then retry. If you enabled this API recently, wait a few minutes for the action to propagate to our systems and retry.","status":403}
[debug] [2025-05-17T20:54:21.165Z] Checked if tokens are valid: true, expires at: 1747518830326
[debug] [2025-05-17T20:54:21.165Z] Checked if tokens are valid: true, expires at: 1747518830326
[debug] [2025-05-17T20:54:21.165Z] >>> [apiv2][query] GET https://compute.googleapis.com/compute/v1/projects/243323136379 [none]
[debug] [2025-05-17T20:54:21.284Z] <<< [apiv2][status] GET https://compute.googleapis.com/compute/v1/projects/243323136379 403
[debug] [2025-05-17T20:54:21.284Z] <<< [apiv2][body] GET https://compute.googleapis.com/compute/v1/projects/243323136379 {"error":{"code":403,"message":"Compute Engine API has not been used in project 243323136379 before or it is disabled. Enable it by visiting https://console.developers.google.com/apis/api/compute.googleapis.com/overview?project=243323136379 then retry. If you enabled this API recently, wait a few minutes for the action to propagate to our systems and retry.","errors":[{"message":"Compute Engine API has not been used in project 243323136379 before or it is disabled. Enable it by visiting https://console.developers.google.com/apis/api/compute.googleapis.com/overview?project=243323136379 then retry. If you enabled this API recently, wait a few minutes for the action to propagate to our systems and retry.","domain":"usageLimits","reason":"accessNotConfigured","extendedHelp":"https://console.developers.google.com"}],"status":"PERMISSION_DENIED","details":[{"@type":"type.googleapis.com/google.rpc.ErrorInfo","reason":"SERVICE_DISABLED","domain":"googleapis.com","metadata":{"consumer":"projects/243323136379","serviceTitle":"Compute Engine API","containerInfo":"243323136379","activationUrl":"https://console.developers.google.com/apis/api/compute.googleapis.com/overview?project=243323136379","service":"compute.googleapis.com"}},{"@type":"type.googleapis.com/google.rpc.LocalizedMessage","locale":"en-US","message":"Compute Engine API has not been used in project 243323136379 before or it is disabled. Enable it by visiting https://console.developers.google.com/apis/api/compute.googleapis.com/overview?project=243323136379 then retry. If you enabled this API recently, wait a few minutes for the action to propagate to our systems and retry."},{"@type":"type.googleapis.com/google.rpc.Help","links":[{"description":"Google developers console API activation","url":"https://console.developers.google.com/apis/api/compute.googleapis.com/overview?project=243323136379"}]}]}}
[debug] [2025-05-17T20:54:21.284Z] unable to look up default compute service account. Falling back to 243323136379-compute@developer.gserviceaccount.com. Error: {"name":"FirebaseError","children":[],"context":{"body":{"error":{"code":403,"message":"Compute Engine API has not been used in project 243323136379 before or it is disabled. Enable it by visiting https://console.developers.google.com/apis/api/compute.googleapis.com/overview?project=243323136379 then retry. If you enabled this API recently, wait a few minutes for the action to propagate to our systems and retry.","errors":[{"message":"Compute Engine API has not been used in project 243323136379 before or it is disabled. Enable it by visiting https://console.developers.google.com/apis/api/compute.googleapis.com/overview?project=243323136379 then retry. If you enabled this API recently, wait a few minutes for the action to propagate to our systems and retry.","domain":"usageLimits","reason":"accessNotConfigured","extendedHelp":"https://console.developers.google.com"}],"status":"PERMISSION_DENIED","details":[{"@type":"type.googleapis.com/google.rpc.ErrorInfo","reason":"SERVICE_DISABLED","domain":"googleapis.com","metadata":{"consumer":"projects/243323136379","serviceTitle":"Compute Engine API","containerInfo":"243323136379","activationUrl":"https://console.developers.google.com/apis/api/compute.googleapis.com/overview?project=243323136379","service":"compute.googleapis.com"}},{"@type":"type.googleapis.com/google.rpc.LocalizedMessage","locale":"en-US","message":"Compute Engine API has not been used in project 243323136379 before or it is disabled. Enable it by visiting https://console.developers.google.com/apis/api/compute.googleapis.com/overview?project=243323136379 then retry. If you enabled this API recently, wait a few minutes for the action to propagate to our systems and retry."},{"@type":"type.googleapis.com/google.rpc.Help","links":[{"description":"Google developers console API activation","url":"https://console.developers.google.com/apis/api/compute.googleapis.com/overview?project=243323136379"}]}]}},"response":{"statusCode":403}},"exit":1,"message":"Request to https://compute.googleapis.com/compute/v1/projects/243323136379 had HTTP Error: 403, Compute Engine API has not been used in project 243323136379 before or it is disabled. Enable it by visiting https://console.developers.google.com/apis/api/compute.googleapis.com/overview?project=243323136379 then retry. If you enabled this API recently, wait a few minutes for the action to propagate to our systems and retry.","status":403}
[debug] [2025-05-17T20:54:21.284Z] Checked if tokens are valid: true, expires at: 1747518830326
[debug] [2025-05-17T20:54:21.284Z] Checked if tokens are valid: true, expires at: 1747518830326
[debug] [2025-05-17T20:54:21.285Z] >>> [apiv2][query] GET https://compute.googleapis.com/compute/v1/projects/243323136379 [none]
[debug] [2025-05-17T20:54:21.388Z] <<< [apiv2][status] GET https://compute.googleapis.com/compute/v1/projects/243323136379 403
[debug] [2025-05-17T20:54:21.389Z] <<< [apiv2][body] GET https://compute.googleapis.com/compute/v1/projects/243323136379 {"error":{"code":403,"message":"Compute Engine API has not been used in project 243323136379 before or it is disabled. Enable it by visiting https://console.developers.google.com/apis/api/compute.googleapis.com/overview?project=243323136379 then retry. If you enabled this API recently, wait a few minutes for the action to propagate to our systems and retry.","errors":[{"message":"Compute Engine API has not been used in project 243323136379 before or it is disabled. Enable it by visiting https://console.developers.google.com/apis/api/compute.googleapis.com/overview?project=243323136379 then retry. If you enabled this API recently, wait a few minutes for the action to propagate to our systems and retry.","domain":"usageLimits","reason":"accessNotConfigured","extendedHelp":"https://console.developers.google.com"}],"status":"PERMISSION_DENIED","details":[{"@type":"type.googleapis.com/google.rpc.ErrorInfo","reason":"SERVICE_DISABLED","domain":"googleapis.com","metadata":{"consumer":"projects/243323136379","service":"compute.googleapis.com","activationUrl":"https://console.developers.google.com/apis/api/compute.googleapis.com/overview?project=243323136379","serviceTitle":"Compute Engine API","containerInfo":"243323136379"}},{"@type":"type.googleapis.com/google.rpc.LocalizedMessage","locale":"en-US","message":"Compute Engine API has not been used in project 243323136379 before or it is disabled. Enable it by visiting https://console.developers.google.com/apis/api/compute.googleapis.com/overview?project=243323136379 then retry. If you enabled this API recently, wait a few minutes for the action to propagate to our systems and retry."},{"@type":"type.googleapis.com/google.rpc.Help","links":[{"description":"Google developers console API activation","url":"https://console.developers.google.com/apis/api/compute.googleapis.com/overview?project=243323136379"}]}]}}
[debug] [2025-05-17T20:54:21.389Z] unable to look up default compute service account. Falling back to 243323136379-compute@developer.gserviceaccount.com. Error: {"name":"FirebaseError","children":[],"context":{"body":{"error":{"code":403,"message":"Compute Engine API has not been used in project 243323136379 before or it is disabled. Enable it by visiting https://console.developers.google.com/apis/api/compute.googleapis.com/overview?project=243323136379 then retry. If you enabled this API recently, wait a few minutes for the action to propagate to our systems and retry.","errors":[{"message":"Compute Engine API has not been used in project 243323136379 before or it is disabled. Enable it by visiting https://console.developers.google.com/apis/api/compute.googleapis.com/overview?project=243323136379 then retry. If you enabled this API recently, wait a few minutes for the action to propagate to our systems and retry.","domain":"usageLimits","reason":"accessNotConfigured","extendedHelp":"https://console.developers.google.com"}],"status":"PERMISSION_DENIED","details":[{"@type":"type.googleapis.com/google.rpc.ErrorInfo","reason":"SERVICE_DISABLED","domain":"googleapis.com","metadata":{"consumer":"projects/243323136379","service":"compute.googleapis.com","activationUrl":"https://console.developers.google.com/apis/api/compute.googleapis.com/overview?project=243323136379","serviceTitle":"Compute Engine API","containerInfo":"243323136379"}},{"@type":"type.googleapis.com/google.rpc.LocalizedMessage","locale":"en-US","message":"Compute Engine API has not been used in project 243323136379 before or it is disabled. Enable it by visiting https://console.developers.google.com/apis/api/compute.googleapis.com/overview?project=243323136379 then retry. If you enabled this API recently, wait a few minutes for the action to propagate to our systems and retry."},{"@type":"type.googleapis.com/google.rpc.Help","links":[{"description":"Google developers console API activation","url":"https://console.developers.google.com/apis/api/compute.googleapis.com/overview?project=243323136379"}]}]}},"response":{"statusCode":403}},"exit":1,"message":"Request to https://compute.googleapis.com/compute/v1/projects/243323136379 had HTTP Error: 403, Compute Engine API has not been used in project 243323136379 before or it is disabled. Enable it by visiting https://console.developers.google.com/apis/api/compute.googleapis.com/overview?project=243323136379 then retry. If you enabled this API recently, wait a few minutes for the action to propagate to our systems and retry.","status":403}
[debug] [2025-05-17T20:54:21.389Z] Checked if tokens are valid: true, expires at: 1747518830326
[debug] [2025-05-17T20:54:21.389Z] Checked if tokens are valid: true, expires at: 1747518830326
[debug] [2025-05-17T20:54:21.389Z] >>> [apiv2][query] GET https://compute.googleapis.com/compute/v1/projects/243323136379 [none]
[debug] [2025-05-17T20:54:21.494Z] <<< [apiv2][status] GET https://compute.googleapis.com/compute/v1/projects/243323136379 403
[debug] [2025-05-17T20:54:21.494Z] <<< [apiv2][body] GET https://compute.googleapis.com/compute/v1/projects/243323136379 {"error":{"code":403,"message":"Compute Engine API has not been used in project 243323136379 before or it is disabled. Enable it by visiting https://console.developers.google.com/apis/api/compute.googleapis.com/overview?project=243323136379 then retry. If you enabled this API recently, wait a few minutes for the action to propagate to our systems and retry.","errors":[{"message":"Compute Engine API has not been used in project 243323136379 before or it is disabled. Enable it by visiting https://console.developers.google.com/apis/api/compute.googleapis.com/overview?project=243323136379 then retry. If you enabled this API recently, wait a few minutes for the action to propagate to our systems and retry.","domain":"usageLimits","reason":"accessNotConfigured","extendedHelp":"https://console.developers.google.com"}],"status":"PERMISSION_DENIED","details":[{"@type":"type.googleapis.com/google.rpc.ErrorInfo","reason":"SERVICE_DISABLED","domain":"googleapis.com","metadata":{"activationUrl":"https://console.developers.google.com/apis/api/compute.googleapis.com/overview?project=243323136379","consumer":"projects/243323136379","service":"compute.googleapis.com","serviceTitle":"Compute Engine API","containerInfo":"243323136379"}},{"@type":"type.googleapis.com/google.rpc.LocalizedMessage","locale":"en-US","message":"Compute Engine API has not been used in project 243323136379 before or it is disabled. Enable it by visiting https://console.developers.google.com/apis/api/compute.googleapis.com/overview?project=243323136379 then retry. If you enabled this API recently, wait a few minutes for the action to propagate to our systems and retry."},{"@type":"type.googleapis.com/google.rpc.Help","links":[{"description":"Google developers console API activation","url":"https://console.developers.google.com/apis/api/compute.googleapis.com/overview?project=243323136379"}]}]}}
[debug] [2025-05-17T20:54:21.494Z] unable to look up default compute service account. Falling back to 243323136379-compute@developer.gserviceaccount.com. Error: {"name":"FirebaseError","children":[],"context":{"body":{"error":{"code":403,"message":"Compute Engine API has not been used in project 243323136379 before or it is disabled. Enable it by visiting https://console.developers.google.com/apis/api/compute.googleapis.com/overview?project=243323136379 then retry. If you enabled this API recently, wait a few minutes for the action to propagate to our systems and retry.","errors":[{"message":"Compute Engine API has not been used in project 243323136379 before or it is disabled. Enable it by visiting https://console.developers.google.com/apis/api/compute.googleapis.com/overview?project=243323136379 then retry. If you enabled this API recently, wait a few minutes for the action to propagate to our systems and retry.","domain":"usageLimits","reason":"accessNotConfigured","extendedHelp":"https://console.developers.google.com"}],"status":"PERMISSION_DENIED","details":[{"@type":"type.googleapis.com/google.rpc.ErrorInfo","reason":"SERVICE_DISABLED","domain":"googleapis.com","metadata":{"activationUrl":"https://console.developers.google.com/apis/api/compute.googleapis.com/overview?project=243323136379","consumer":"projects/243323136379","service":"compute.googleapis.com","serviceTitle":"Compute Engine API","containerInfo":"243323136379"}},{"@type":"type.googleapis.com/google.rpc.LocalizedMessage","locale":"en-US","message":"Compute Engine API has not been used in project 243323136379 before or it is disabled. Enable it by visiting https://console.developers.google.com/apis/api/compute.googleapis.com/overview?project=243323136379 then retry. If you enabled this API recently, wait a few minutes for the action to propagate to our systems and retry."},{"@type":"type.googleapis.com/google.rpc.Help","links":[{"description":"Google developers console API activation","url":"https://console.developers.google.com/apis/api/compute.googleapis.com/overview?project=243323136379"}]}]}},"response":{"statusCode":403}},"exit":1,"message":"Request to https://compute.googleapis.com/compute/v1/projects/243323136379 had HTTP Error: 403, Compute Engine API has not been used in project 243323136379 before or it is disabled. Enable it by visiting https://console.developers.google.com/apis/api/compute.googleapis.com/overview?project=243323136379 then retry. If you enabled this API recently, wait a few minutes for the action to propagate to our systems and retry.","status":403}
[debug] [2025-05-17T20:54:21.496Z] Checked if tokens are valid: true, expires at: 1747518830326
[debug] [2025-05-17T20:54:21.496Z] Checked if tokens are valid: true, expires at: 1747518830326
[debug] [2025-05-17T20:54:21.496Z] >>> [apiv2][query] GET https://cloudbilling.googleapis.com/v1/projects/tranzitti-90210/billingInfo [none]
[debug] [2025-05-17T20:54:21.926Z] <<< [apiv2][status] GET https://cloudbilling.googleapis.com/v1/projects/tranzitti-90210/billingInfo 200
[debug] [2025-05-17T20:54:21.926Z] <<< [apiv2][body] GET https://cloudbilling.googleapis.com/v1/projects/tranzitti-90210/billingInfo {"name":"projects/tranzitti-90210/billingInfo","projectId":"tranzitti-90210","billingAccountName":"billingAccounts/0114C6-7CDE84-227FD4","billingEnabled":true}
[info] i  functions: updating Node.js 22 (2nd Gen) function helloWorld(us-central1)... 
[debug] [2025-05-17T20:54:21.932Z] Precondition failed. Cannot update a GCFv2 function without storage
[info] i  functions: updating Node.js 22 (2nd Gen) function auth-functions:setUserRole(us-central1)... 
[debug] [2025-05-17T20:54:21.933Z] Precondition failed. Cannot update a GCFv2 function without storage
[info] i  functions: updating Node.js 22 (2nd Gen) function auth-functions:getUserRole(us-central1)... 
[debug] [2025-05-17T20:54:21.934Z] Precondition failed. Cannot update a GCFv2 function without storage
[debug] [2025-05-17T20:54:21.940Z] Total Function Deployment time: 3
[debug] [2025-05-17T20:54:21.940Z] 3 Functions Deployed
[debug] [2025-05-17T20:54:21.940Z] 3 Functions Errored
[debug] [2025-05-17T20:54:21.940Z] 0 Function Deployments Aborted
[debug] [2025-05-17T20:54:21.940Z] Average Function Deployment time: 1
[info] 
[info] Functions deploy had errors with the following functions:
	auth-functions:getUserRole(us-central1)
	helloWorld(us-central1)
	auth-functions:setUserRole(us-central1)
[debug] [2025-05-17T20:54:22.248Z] Checked if tokens are valid: true, expires at: 1747518830326
[debug] [2025-05-17T20:54:22.248Z] Checked if tokens are valid: true, expires at: 1747518830326
[debug] [2025-05-17T20:54:22.248Z] >>> [apiv2][query] GET https://artifactregistry.googleapis.com/v1/projects/tranzitti-90210/locations/us-central1/repositories/gcf-artifacts [none]
[debug] [2025-05-17T20:54:22.680Z] <<< [apiv2][status] GET https://artifactregistry.googleapis.com/v1/projects/tranzitti-90210/locations/us-central1/repositories/gcf-artifacts 200
[debug] [2025-05-17T20:54:22.680Z] <<< [apiv2][body] GET https://artifactregistry.googleapis.com/v1/projects/tranzitti-90210/locations/us-central1/repositories/gcf-artifacts {"name":"projects/tranzitti-90210/locations/us-central1/repositories/gcf-artifacts","format":"DOCKER","description":"This repository is created and used by Cloud Functions for storing function docker images.","labels":{"goog-managed-by":"cloudfunctions"},"createTime":"2025-05-17T20:17:16.736892Z","updateTime":"2025-05-17T20:18:35.241558Z","mode":"STANDARD_REPOSITORY","cleanupPolicies":{"firebase-functions-cleanup":{"id":"firebase-functions-cleanup","action":"DELETE","condition":{"tagState":"ANY","olderThan":"86400s"}}},"vulnerabilityScanningConfig":{"lastEnableTime":"2025-05-17T20:17:08.042608601Z","enablementState":"SCANNING_DISABLED","enablementStateReason":"API containerscanning.googleapis.com is not enabled."},"satisfiesPzi":true,"registryUri":"us-central1-docker.pkg.dev/tranzitti-90210/gcf-artifacts"}
[debug] [2025-05-17T20:54:22.680Z] Functions deploy failed.
[debug] [2025-05-17T20:54:22.680Z] {}
[debug] [2025-05-17T20:54:22.680Z] {}
[debug] [2025-05-17T20:54:22.680Z] {}
[error] Error: There was an error deploying functions:
[error] - Error Precondition failed
[error] - Error Precondition failed
[error] - Error Precondition failed
[debug] [2025-05-17T21:51:32.179Z] ----------------------------------------------------------------------
[debug] [2025-05-17T21:51:32.181Z] Command:       C:\Program Files\nodejs\node.exe C:\Users\mrsha\AppData\Roaming\npm\node_modules\firebase-tools\lib\bin\firebase.js deploy --only functions
[debug] [2025-05-17T21:51:32.181Z] CLI Version:   14.4.0
[debug] [2025-05-17T21:51:32.181Z] Platform:      win32
[debug] [2025-05-17T21:51:32.182Z] Node Version:  v22.15.0
[debug] [2025-05-17T21:51:32.182Z] Time:          Sat May 17 2025 17:51:32 GMT-0400 (Eastern Daylight Time)
[debug] [2025-05-17T21:51:32.182Z] ----------------------------------------------------------------------
[debug] 
[debug] [2025-05-17T21:51:32.333Z] > command requires scopes: ["email","openid","https://www.googleapis.com/auth/cloudplatformprojects.readonly","https://www.googleapis.com/auth/firebase","https://www.googleapis.com/auth/cloud-platform"]
[debug] [2025-05-17T21:51:32.334Z] > authorizing via signed-in user (srose@norwalkls.com)
[debug] [2025-05-17T21:51:32.334Z] [iam] checking project tranzitti-90210 for permissions ["cloudfunctions.functions.create","cloudfunctions.functions.delete","cloudfunctions.functions.get","cloudfunctions.functions.list","cloudfunctions.functions.update","cloudfunctions.operations.get","firebase.projects.get"]
[debug] [2025-05-17T21:51:32.335Z] Checked if tokens are valid: true, expires at: 1747521752274
[debug] [2025-05-17T21:51:32.335Z] Checked if tokens are valid: true, expires at: 1747521752274
[debug] [2025-05-17T21:51:32.335Z] >>> [apiv2][query] POST https://cloudresourcemanager.googleapis.com/v1/projects/tranzitti-90210:testIamPermissions [none]
[debug] [2025-05-17T21:51:32.335Z] >>> [apiv2][(partial)header] POST https://cloudresourcemanager.googleapis.com/v1/projects/tranzitti-90210:testIamPermissions x-goog-quota-user=projects/tranzitti-90210
[debug] [2025-05-17T21:51:32.336Z] >>> [apiv2][body] POST https://cloudresourcemanager.googleapis.com/v1/projects/tranzitti-90210:testIamPermissions {"permissions":["cloudfunctions.functions.create","cloudfunctions.functions.delete","cloudfunctions.functions.get","cloudfunctions.functions.list","cloudfunctions.functions.update","cloudfunctions.operations.get","firebase.projects.get"]}
[debug] [2025-05-17T21:51:32.646Z] <<< [apiv2][status] POST https://cloudresourcemanager.googleapis.com/v1/projects/tranzitti-90210:testIamPermissions 200
[debug] [2025-05-17T21:51:32.646Z] <<< [apiv2][body] POST https://cloudresourcemanager.googleapis.com/v1/projects/tranzitti-90210:testIamPermissions {"permissions":["cloudfunctions.functions.create","cloudfunctions.functions.delete","cloudfunctions.functions.get","cloudfunctions.functions.list","cloudfunctions.functions.update","cloudfunctions.operations.get","firebase.projects.get"]}
[debug] [2025-05-17T21:51:32.646Z] Checked if tokens are valid: true, expires at: 1747521752274
[debug] [2025-05-17T21:51:32.646Z] Checked if tokens are valid: true, expires at: 1747521752274
[debug] [2025-05-17T21:51:32.646Z] >>> [apiv2][query] POST https://iam.googleapis.com/v1/projects/tranzitti-90210/serviceAccounts/tranzitti-90210@appspot.gserviceaccount.com:testIamPermissions [none]
[debug] [2025-05-17T21:51:32.646Z] >>> [apiv2][body] POST https://iam.googleapis.com/v1/projects/tranzitti-90210/serviceAccounts/tranzitti-90210@appspot.gserviceaccount.com:testIamPermissions {"permissions":["iam.serviceAccounts.actAs"]}
[debug] [2025-05-17T21:51:33.011Z] <<< [apiv2][status] POST https://iam.googleapis.com/v1/projects/tranzitti-90210/serviceAccounts/tranzitti-90210@appspot.gserviceaccount.com:testIamPermissions 200
[debug] [2025-05-17T21:51:33.011Z] <<< [apiv2][body] POST https://iam.googleapis.com/v1/projects/tranzitti-90210/serviceAccounts/tranzitti-90210@appspot.gserviceaccount.com:testIamPermissions {"permissions":["iam.serviceAccounts.actAs"]}
[info] 
[info] === Deploying to 'tranzitti-90210'...
[info] 
[info] i  deploying functions 
[info] Running command: npm --prefix "$RESOURCE_DIR" run lint
[info] Running command: npm --prefix "$RESOURCE_DIR" run build
[info] +  functions: Finished running predeploy script. 
[info] Running command: npm --prefix "$RESOURCE_DIR" run lint
[info] Running command: npm --prefix "$RESOURCE_DIR" run build
[info] +  functions: Finished running predeploy script. 
[debug] [2025-05-17T21:51:44.371Z] Checked if tokens are valid: true, expires at: 1747521752274
[debug] [2025-05-17T21:51:44.371Z] Checked if tokens are valid: true, expires at: 1747521752274
[debug] [2025-05-17T21:51:44.371Z] >>> [apiv2][query] GET https://serviceusage.googleapis.com/v1/projects/tranzitti-90210/services/cloudresourcemanager.googleapis.com [none]
[debug] [2025-05-17T21:51:44.372Z] >>> [apiv2][(partial)header] GET https://serviceusage.googleapis.com/v1/projects/tranzitti-90210/services/cloudresourcemanager.googleapis.com x-goog-quota-user=projects/tranzitti-90210
[debug] [2025-05-17T21:51:44.886Z] <<< [apiv2][status] GET https://serviceusage.googleapis.com/v1/projects/tranzitti-90210/services/cloudresourcemanager.googleapis.com 200
[debug] [2025-05-17T21:51:44.886Z] <<< [apiv2][body] GET https://serviceusage.googleapis.com/v1/projects/tranzitti-90210/services/cloudresourcemanager.googleapis.com [omitted]
[debug] [2025-05-17T21:51:44.886Z] Checked if tokens are valid: true, expires at: 1747521752274
[debug] [2025-05-17T21:51:44.886Z] Checked if tokens are valid: true, expires at: 1747521752274
[debug] [2025-05-17T21:51:44.886Z] >>> [apiv2][query] GET https://cloudresourcemanager.googleapis.com/v1/projects/tranzitti-90210 [none]
[debug] [2025-05-17T21:51:45.225Z] <<< [apiv2][status] GET https://cloudresourcemanager.googleapis.com/v1/projects/tranzitti-90210 200
[debug] [2025-05-17T21:51:45.225Z] <<< [apiv2][body] GET https://cloudresourcemanager.googleapis.com/v1/projects/tranzitti-90210 {"projectNumber":"243323136379","projectId":"tranzitti-90210","lifecycleState":"ACTIVE","name":"Tranzitti","labels":{"firebase":"enabled","firebase-core":"disabled"},"createTime":"2025-05-17T01:54:36.787915Z","parent":{"type":"organization","id":"439686569459"}}
[info] i  functions: preparing codebase default for deployment 
[info] i  functions: preparing codebase auth-functions for deployment 
[info] i  functions: ensuring required API cloudfunctions.googleapis.com is enabled... 
[debug] [2025-05-17T21:51:45.230Z] Checked if tokens are valid: true, expires at: 1747521752274
[debug] [2025-05-17T21:51:45.230Z] Checked if tokens are valid: true, expires at: 1747521752274
[debug] [2025-05-17T21:51:45.230Z] Checked if tokens are valid: true, expires at: 1747521752274
[debug] [2025-05-17T21:51:45.230Z] Checked if tokens are valid: true, expires at: 1747521752274
[info] i  functions: ensuring required API cloudbuild.googleapis.com is enabled... 
[debug] [2025-05-17T21:51:45.231Z] Checked if tokens are valid: true, expires at: 1747521752274
[debug] [2025-05-17T21:51:45.231Z] Checked if tokens are valid: true, expires at: 1747521752274
[info] i  artifactregistry: ensuring required API artifactregistry.googleapis.com is enabled... 
[debug] [2025-05-17T21:51:45.232Z] Checked if tokens are valid: true, expires at: 1747521752274
[debug] [2025-05-17T21:51:45.232Z] Checked if tokens are valid: true, expires at: 1747521752274
[debug] [2025-05-17T21:51:45.232Z] >>> [apiv2][query] GET https://serviceusage.googleapis.com/v1/projects/tranzitti-90210/services/cloudfunctions.googleapis.com [none]
[debug] [2025-05-17T21:51:45.232Z] >>> [apiv2][(partial)header] GET https://serviceusage.googleapis.com/v1/projects/tranzitti-90210/services/cloudfunctions.googleapis.com x-goog-quota-user=projects/tranzitti-90210
[debug] [2025-05-17T21:51:45.233Z] >>> [apiv2][query] GET https://serviceusage.googleapis.com/v1/projects/tranzitti-90210/services/runtimeconfig.googleapis.com [none]
[debug] [2025-05-17T21:51:45.233Z] >>> [apiv2][(partial)header] GET https://serviceusage.googleapis.com/v1/projects/tranzitti-90210/services/runtimeconfig.googleapis.com x-goog-quota-user=projects/tranzitti-90210
[debug] [2025-05-17T21:51:45.235Z] >>> [apiv2][query] GET https://serviceusage.googleapis.com/v1/projects/tranzitti-90210/services/cloudbuild.googleapis.com [none]
[debug] [2025-05-17T21:51:45.235Z] >>> [apiv2][(partial)header] GET https://serviceusage.googleapis.com/v1/projects/tranzitti-90210/services/cloudbuild.googleapis.com x-goog-quota-user=projects/tranzitti-90210
[debug] [2025-05-17T21:51:45.237Z] >>> [apiv2][query] GET https://serviceusage.googleapis.com/v1/projects/tranzitti-90210/services/artifactregistry.googleapis.com [none]
[debug] [2025-05-17T21:51:45.237Z] >>> [apiv2][(partial)header] GET https://serviceusage.googleapis.com/v1/projects/tranzitti-90210/services/artifactregistry.googleapis.com x-goog-quota-user=projects/tranzitti-90210
[debug] [2025-05-17T21:51:45.557Z] <<< [apiv2][status] GET https://serviceusage.googleapis.com/v1/projects/tranzitti-90210/services/cloudfunctions.googleapis.com 200
[debug] [2025-05-17T21:51:45.557Z] <<< [apiv2][body] GET https://serviceusage.googleapis.com/v1/projects/tranzitti-90210/services/cloudfunctions.googleapis.com [omitted]
[info] +  functions: required API cloudfunctions.googleapis.com is enabled 
[debug] [2025-05-17T21:51:45.696Z] <<< [apiv2][status] GET https://serviceusage.googleapis.com/v1/projects/tranzitti-90210/services/artifactregistry.googleapis.com 200
[debug] [2025-05-17T21:51:45.697Z] <<< [apiv2][body] GET https://serviceusage.googleapis.com/v1/projects/tranzitti-90210/services/artifactregistry.googleapis.com [omitted]
[info] +  artifactregistry: required API artifactregistry.googleapis.com is enabled 
[debug] [2025-05-17T21:51:45.728Z] <<< [apiv2][status] GET https://serviceusage.googleapis.com/v1/projects/tranzitti-90210/services/runtimeconfig.googleapis.com 200
[debug] [2025-05-17T21:51:45.728Z] <<< [apiv2][body] GET https://serviceusage.googleapis.com/v1/projects/tranzitti-90210/services/runtimeconfig.googleapis.com [omitted]
[debug] [2025-05-17T21:51:45.736Z] <<< [apiv2][status] GET https://serviceusage.googleapis.com/v1/projects/tranzitti-90210/services/cloudbuild.googleapis.com 200
[debug] [2025-05-17T21:51:45.736Z] <<< [apiv2][body] GET https://serviceusage.googleapis.com/v1/projects/tranzitti-90210/services/cloudbuild.googleapis.com [omitted]
[info] +  functions: required API cloudbuild.googleapis.com is enabled 
[debug] [2025-05-17T21:51:45.737Z] Checked if tokens are valid: true, expires at: 1747521752274
[debug] [2025-05-17T21:51:45.737Z] Checked if tokens are valid: true, expires at: 1747521752274
[debug] [2025-05-17T21:51:45.737Z] >>> [apiv2][query] GET https://firebase.googleapis.com/v1beta1/projects/tranzitti-90210/adminSdkConfig [none]
[debug] [2025-05-17T21:51:46.317Z] <<< [apiv2][status] GET https://firebase.googleapis.com/v1beta1/projects/tranzitti-90210/adminSdkConfig 200
[debug] [2025-05-17T21:51:46.317Z] <<< [apiv2][body] GET https://firebase.googleapis.com/v1beta1/projects/tranzitti-90210/adminSdkConfig {"projectId":"tranzitti-90210","storageBucket":"tranzitti-90210.firebasestorage.app"}
[debug] [2025-05-17T21:51:46.318Z] Checked if tokens are valid: true, expires at: 1747521752274
[debug] [2025-05-17T21:51:46.318Z] Checked if tokens are valid: true, expires at: 1747521752274
[debug] [2025-05-17T21:51:46.318Z] >>> [apiv2][query] GET https://runtimeconfig.googleapis.com/v1beta1/projects/tranzitti-90210/configs [none]
[debug] [2025-05-17T21:51:46.757Z] <<< [apiv2][status] GET https://runtimeconfig.googleapis.com/v1beta1/projects/tranzitti-90210/configs 200
[debug] [2025-05-17T21:51:46.757Z] <<< [apiv2][body] GET https://runtimeconfig.googleapis.com/v1beta1/projects/tranzitti-90210/configs {}
[debug] [2025-05-17T21:51:46.760Z] Validating nodejs source
[debug] [2025-05-17T21:51:47.688Z] > [functions] package.json contents: {
  "name": "functions",
  "scripts": {
    "lint": "eslint --ext .js,.ts .",
    "build": "tsc",
    "build:watch": "tsc --watch",
    "serve": "npm run build && firebase emulators:start --only functions",
    "shell": "npm run build && firebase functions:shell",
    "start": "npm run shell",
    "deploy": "firebase deploy --only functions",
    "logs": "firebase functions:log"
  },
  "engines": {
    "node": "22"
  },
  "main": "lib/index.js",
  "dependencies": {
    "firebase-admin": "^12.6.0",
    "firebase-functions": "^6.0.1"
  },
  "devDependencies": {
    "@typescript-eslint/eslint-plugin": "^5.12.0",
    "@typescript-eslint/parser": "^5.12.0",
    "eslint": "^8.9.0",
    "eslint-config-google": "^0.14.0",
    "eslint-plugin-import": "^2.25.4",
    "firebase-functions-test": "^3.1.0",
    "typescript": "^4.9.0"
  },
  "private": true
}
[debug] [2025-05-17T21:51:47.688Z] Building nodejs source
[info] i  functions: Loading and analyzing source code for codebase default to determine what to deploy 
[debug] [2025-05-17T21:51:47.690Z] Could not find functions.yaml. Must use http discovery
[debug] [2025-05-17T21:51:47.696Z] Found firebase-functions binary at 'C:\Users\mrsha\Desktop\Tranzit.ioNew\functions\node_modules\.bin\firebase-functions'
[info] Serving at port 8464

[debug] [2025-05-17T21:51:48.189Z] Got response from /__/functions.yaml {"endpoints":{"testFunction":{"availableMemoryMb":null,"timeoutSeconds":null,"minInstances":null,"maxInstances":null,"ingressSettings":null,"concurrency":null,"serviceAccountEmail":null,"vpc":null,"platform":"gcfv2","labels":{},"httpsTrigger":{},"entryPoint":"testFunction"}},"specVersion":"v1alpha1","requiredAPIs":[],"extensions":{}}
[debug] [2025-05-17T21:51:52.214Z] Validating nodejs source
[debug] [2025-05-17T21:51:53.117Z] > [functions] package.json contents: {
  "name": "functions",
  "scripts": {
    "lint": "eslint --ext .js,.ts .",
    "build": "tsc",
    "build:watch": "tsc --watch",
    "serve": "npm run build && firebase emulators:start --only functions",
    "shell": "npm run build && firebase functions:shell",
    "start": "npm run shell",
    "deploy": "firebase deploy --only functions",
    "logs": "firebase functions:log"
  },
  "engines": {
    "node": "22"
  },
  "main": "lib/index.js",
  "dependencies": {
    "firebase-admin": "^12.7.0",
    "firebase-functions": "^6.3.2"
  },
  "devDependencies": {
    "@typescript-eslint/eslint-plugin": "^5.12.0",
    "@typescript-eslint/parser": "^5.12.0",
    "eslint": "^8.9.0",
    "eslint-config-google": "^0.14.0",
    "eslint-plugin-import": "^2.25.4",
    "firebase-functions-test": "^3.1.0",
    "typescript": "^4.9.0"
  },
  "private": true
}
[debug] [2025-05-17T21:51:53.117Z] Building nodejs source
[info] i  functions: Loading and analyzing source code for codebase auth-functions to determine what to deploy 
[debug] [2025-05-17T21:51:53.118Z] Could not find functions.yaml. Must use http discovery
[debug] [2025-05-17T21:51:53.123Z] Found firebase-functions binary at 'C:\Users\mrsha\Desktop\Tranzit.ioNew\auth-functions\node_modules\.bin\firebase-functions'
[info] Serving at port 8439

[debug] [2025-05-17T21:51:53.348Z] Got response from /__/functions.yaml {"endpoints":{},"specVersion":"v1alpha1","requiredAPIs":[],"extensions":{}}
[info] i  extensions: ensuring required API firebaseextensions.googleapis.com is enabled... 
[debug] [2025-05-17T21:51:57.384Z] Checked if tokens are valid: true, expires at: 1747521752274
[debug] [2025-05-17T21:51:57.384Z] Checked if tokens are valid: true, expires at: 1747521752274
[debug] [2025-05-17T21:51:57.385Z] >>> [apiv2][query] GET https://serviceusage.googleapis.com/v1/projects/tranzitti-90210/services/firebaseextensions.googleapis.com [none]
[debug] [2025-05-17T21:51:57.385Z] >>> [apiv2][(partial)header] GET https://serviceusage.googleapis.com/v1/projects/tranzitti-90210/services/firebaseextensions.googleapis.com x-goog-quota-user=projects/tranzitti-90210
[debug] [2025-05-17T21:51:57.872Z] <<< [apiv2][status] GET https://serviceusage.googleapis.com/v1/projects/tranzitti-90210/services/firebaseextensions.googleapis.com 200
[debug] [2025-05-17T21:51:57.872Z] <<< [apiv2][body] GET https://serviceusage.googleapis.com/v1/projects/tranzitti-90210/services/firebaseextensions.googleapis.com [omitted]
[info] +  extensions: required API firebaseextensions.googleapis.com is enabled 
[debug] [2025-05-17T21:51:57.873Z] > command requires scopes: ["email","openid","https://www.googleapis.com/auth/cloudplatformprojects.readonly","https://www.googleapis.com/auth/firebase","https://www.googleapis.com/auth/cloud-platform"]
[debug] [2025-05-17T21:51:57.873Z] > authorizing via signed-in user (srose@norwalkls.com)
[debug] [2025-05-17T21:51:57.873Z] [iam] checking project tranzitti-90210 for permissions ["firebase.projects.get","firebaseextensions.instances.list"]
[debug] [2025-05-17T21:51:57.874Z] Checked if tokens are valid: true, expires at: 1747521752274
[debug] [2025-05-17T21:51:57.874Z] Checked if tokens are valid: true, expires at: 1747521752274
[debug] [2025-05-17T21:51:57.874Z] >>> [apiv2][query] POST https://cloudresourcemanager.googleapis.com/v1/projects/tranzitti-90210:testIamPermissions [none]
[debug] [2025-05-17T21:51:57.874Z] >>> [apiv2][(partial)header] POST https://cloudresourcemanager.googleapis.com/v1/projects/tranzitti-90210:testIamPermissions x-goog-quota-user=projects/tranzitti-90210
[debug] [2025-05-17T21:51:57.874Z] >>> [apiv2][body] POST https://cloudresourcemanager.googleapis.com/v1/projects/tranzitti-90210:testIamPermissions {"permissions":["firebase.projects.get","firebaseextensions.instances.list"]}
[debug] [2025-05-17T21:51:58.161Z] <<< [apiv2][status] POST https://cloudresourcemanager.googleapis.com/v1/projects/tranzitti-90210:testIamPermissions 200
[debug] [2025-05-17T21:51:58.161Z] <<< [apiv2][body] POST https://cloudresourcemanager.googleapis.com/v1/projects/tranzitti-90210:testIamPermissions {"permissions":["firebase.projects.get","firebaseextensions.instances.list"]}
[debug] [2025-05-17T21:51:58.161Z] Checked if tokens are valid: true, expires at: 1747521752274
[debug] [2025-05-17T21:51:58.162Z] Checked if tokens are valid: true, expires at: 1747521752274
[debug] [2025-05-17T21:51:58.162Z] >>> [apiv2][query] GET https://firebaseextensions.googleapis.com/v1beta/projects/tranzitti-90210/instances pageSize=100&pageToken=
[debug] [2025-05-17T21:51:58.618Z] <<< [apiv2][status] GET https://firebaseextensions.googleapis.com/v1beta/projects/tranzitti-90210/instances 200
[debug] [2025-05-17T21:51:58.618Z] <<< [apiv2][body] GET https://firebaseextensions.googleapis.com/v1beta/projects/tranzitti-90210/instances {}
[info] i  functions: preparing functions directory for uploading... 
[info] i  functions: packaged C:\Users\mrsha\Desktop\Tranzit.ioNew\functions (87.08 KB) for uploading 
[debug] [2025-05-17T21:51:58.661Z] Checked if tokens are valid: true, expires at: 1747521752274
[debug] [2025-05-17T21:51:58.661Z] Checked if tokens are valid: true, expires at: 1747521752274
[debug] [2025-05-17T21:51:58.661Z] >>> [apiv2][query] GET https://cloudfunctions.googleapis.com/v1/projects/tranzitti-90210/locations/-/functions [none]
[debug] [2025-05-17T21:51:59.384Z] <<< [apiv2][status] GET https://cloudfunctions.googleapis.com/v1/projects/tranzitti-90210/locations/-/functions 200
[debug] [2025-05-17T21:51:59.384Z] <<< [apiv2][body] GET https://cloudfunctions.googleapis.com/v1/projects/tranzitti-90210/locations/-/functions {}
[debug] [2025-05-17T21:51:59.385Z] Checked if tokens are valid: true, expires at: 1747521752274
[debug] [2025-05-17T21:51:59.385Z] Checked if tokens are valid: true, expires at: 1747521752274
[debug] [2025-05-17T21:51:59.385Z] >>> [apiv2][query] GET https://cloudfunctions.googleapis.com/v2/projects/tranzitti-90210/locations/-/functions filter=environment%3D%22GEN_2%22
[debug] [2025-05-17T21:51:59.931Z] <<< [apiv2][status] GET https://cloudfunctions.googleapis.com/v2/projects/tranzitti-90210/locations/-/functions 200
[debug] [2025-05-17T21:51:59.931Z] <<< [apiv2][body] GET https://cloudfunctions.googleapis.com/v2/projects/tranzitti-90210/locations/-/functions {"functions":[{"name":"projects/tranzitti-90210/locations/us-central1/functions/setUserRole","buildConfig":{"build":"projects/243323136379/locations/us-central1/builds/4cf1decc-885c-4e85-9087-fe41aa46811f","runtime":"nodejs22","entryPoint":"setUserRole","source":{"storageSource":{"bucket":"gcf-v2-sources-243323136379-us-central1","object":"setUserRole/function-source.zip","generation":"1747513027713761"}},"environmentVariables":{"GOOGLE_NODE_RUN_SCRIPTS":""},"dockerRepository":"projects/tranzitti-90210/locations/us-central1/repositories/gcf-artifacts","sourceProvenance":{"resolvedStorageSource":{"bucket":"gcf-v2-sources-243323136379-us-central1","object":"setUserRole/function-source.zip","generation":"1747513027713761"}},"dockerRegistry":"ARTIFACT_REGISTRY","serviceAccount":"projects/tranzitti-90210/serviceAccounts/243323136379-compute@developer.gserviceaccount.com","automaticUpdatePolicy":{}},"state":"FAILED","updateTime":"2025-05-17T20:17:28.567629582Z","labels":{"firebase-functions-hash":"36194583dc557d328f00fd9a3ccda0184a8005eb","deployment-tool":"cli-firebase","deployment-callable":"true","firebase-functions-codebase":"auth-functions"},"stateMessages":[{"severity":"ERROR","type":"CloudRunServiceNotFound","message":"Cloud Run service projects/tranzitti-90210/locations/us-central1/services/setuserrole for the function was not found. The function will not work correctly. Please redeploy."}],"environment":"GEN_2","url":"https://us-central1-tranzitti-90210.cloudfunctions.net/setUserRole","createTime":"2025-05-17T20:17:07.939636552Z","satisfiesPzi":true},{"name":"projects/tranzitti-90210/locations/us-central1/functions/getUserRole","buildConfig":{"build":"projects/243323136379/locations/us-central1/builds/6ec1635f-1cf6-4a8e-afbb-f40b90b22333","runtime":"nodejs22","entryPoint":"getUserRole","source":{"storageSource":{"bucket":"gcf-v2-sources-243323136379-us-central1","object":"getUserRole/function-source.zip","generation":"1747513055989719"}},"environmentVariables":{"GOOGLE_NODE_RUN_SCRIPTS":""},"dockerRepository":"projects/tranzitti-90210/locations/us-central1/repositories/gcf-artifacts","sourceProvenance":{"resolvedStorageSource":{"bucket":"gcf-v2-sources-243323136379-us-central1","object":"getUserRole/function-source.zip","generation":"1747513055989719"}},"dockerRegistry":"ARTIFACT_REGISTRY","serviceAccount":"projects/tranzitti-90210/serviceAccounts/243323136379-compute@developer.gserviceaccount.com","automaticUpdatePolicy":{}},"state":"FAILED","updateTime":"2025-05-17T20:17:54.427746349Z","labels":{"deployment-tool":"cli-firebase","deployment-callable":"true","firebase-functions-codebase":"auth-functions","firebase-functions-hash":"36194583dc557d328f00fd9a3ccda0184a8005eb"},"stateMessages":[{"severity":"ERROR","type":"CloudRunServiceNotFound","message":"Cloud Run service projects/tranzitti-90210/locations/us-central1/services/getuserrole for the function was not found. The function will not work correctly. Please redeploy."}],"environment":"GEN_2","url":"https://us-central1-tranzitti-90210.cloudfunctions.net/getUserRole","createTime":"2025-05-17T20:17:36.226669149Z","satisfiesPzi":true},{"name":"projects/tranzitti-90210/locations/us-central1/functions/helloWorld","buildConfig":{"build":"projects/243323136379/locations/us-central1/builds/9f2f36bb-ab84-4faf-a600-30943150ff8c","runtime":"nodejs22","entryPoint":"helloWorld","source":{"storageSource":{"bucket":"gcf-v2-sources-243323136379-us-central1","object":"helloWorld/function-source.zip","generation":"1747516046600200"}},"environmentVariables":{"GOOGLE_NODE_RUN_SCRIPTS":""},"dockerRepository":"projects/tranzitti-90210/locations/us-central1/repositories/gcf-artifacts","sourceProvenance":{"resolvedStorageSource":{"bucket":"gcf-v2-sources-243323136379-us-central1","object":"helloWorld/function-source.zip","generation":"1747516046600200"}},"dockerRegistry":"ARTIFACT_REGISTRY","serviceAccount":"projects/tranzitti-90210/serviceAccounts/243323136379-compute@developer.gserviceaccount.com","automaticUpdatePolicy":{}},"state":"FAILED","updateTime":"2025-05-17T21:07:45.750926154Z","labels":{"firebase-functions-hash":"be40d79d59befd9edc6366fadcad9551ef5668d5","deployment-tool":"cli-firebase"},"stateMessages":[{"severity":"ERROR","type":"CloudRunServiceNotFound","message":"Cloud Run service projects/tranzitti-90210/locations/us-central1/services/helloworld for the function was not found. The function will not work correctly. Please redeploy."}],"environment":"GEN_2","url":"https://us-central1-tranzitti-90210.cloudfunctions.net/helloWorld","createTime":"2025-05-17T21:07:26.831735916Z","satisfiesPzi":true}]}
[info] i  functions: ensuring required API run.googleapis.com is enabled... 
[debug] [2025-05-17T21:51:59.935Z] Checked if tokens are valid: true, expires at: 1747521752274
[debug] [2025-05-17T21:51:59.935Z] Checked if tokens are valid: true, expires at: 1747521752274
[info] i  functions: ensuring required API eventarc.googleapis.com is enabled... 
[debug] [2025-05-17T21:51:59.936Z] Checked if tokens are valid: true, expires at: 1747521752274
[debug] [2025-05-17T21:51:59.937Z] Checked if tokens are valid: true, expires at: 1747521752274
[info] i  functions: ensuring required API pubsub.googleapis.com is enabled... 
[debug] [2025-05-17T21:51:59.937Z] Checked if tokens are valid: true, expires at: 1747521752274
[debug] [2025-05-17T21:51:59.937Z] Checked if tokens are valid: true, expires at: 1747521752274
[info] i  functions: ensuring required API storage.googleapis.com is enabled... 
[debug] [2025-05-17T21:51:59.938Z] Checked if tokens are valid: true, expires at: 1747521752274
[debug] [2025-05-17T21:51:59.938Z] Checked if tokens are valid: true, expires at: 1747521752274
[debug] [2025-05-17T21:51:59.938Z] >>> [apiv2][query] GET https://serviceusage.googleapis.com/v1/projects/243323136379/services/run.googleapis.com [none]
[debug] [2025-05-17T21:51:59.938Z] >>> [apiv2][(partial)header] GET https://serviceusage.googleapis.com/v1/projects/243323136379/services/run.googleapis.com x-goog-quota-user=projects/243323136379
[debug] [2025-05-17T21:51:59.938Z] >>> [apiv2][query] GET https://serviceusage.googleapis.com/v1/projects/243323136379/services/eventarc.googleapis.com [none]
[debug] [2025-05-17T21:51:59.938Z] >>> [apiv2][(partial)header] GET https://serviceusage.googleapis.com/v1/projects/243323136379/services/eventarc.googleapis.com x-goog-quota-user=projects/243323136379
[debug] [2025-05-17T21:51:59.940Z] >>> [apiv2][query] GET https://serviceusage.googleapis.com/v1/projects/243323136379/services/pubsub.googleapis.com [none]
[debug] [2025-05-17T21:51:59.940Z] >>> [apiv2][(partial)header] GET https://serviceusage.googleapis.com/v1/projects/243323136379/services/pubsub.googleapis.com x-goog-quota-user=projects/243323136379
[debug] [2025-05-17T21:51:59.941Z] >>> [apiv2][query] GET https://serviceusage.googleapis.com/v1/projects/243323136379/services/storage.googleapis.com [none]
[debug] [2025-05-17T21:51:59.941Z] >>> [apiv2][(partial)header] GET https://serviceusage.googleapis.com/v1/projects/243323136379/services/storage.googleapis.com x-goog-quota-user=projects/243323136379
[debug] [2025-05-17T21:52:00.265Z] <<< [apiv2][status] GET https://serviceusage.googleapis.com/v1/projects/243323136379/services/run.googleapis.com 200
[debug] [2025-05-17T21:52:00.265Z] <<< [apiv2][body] GET https://serviceusage.googleapis.com/v1/projects/243323136379/services/run.googleapis.com [omitted]
[info] +  functions: required API run.googleapis.com is enabled 
[debug] [2025-05-17T21:52:00.396Z] <<< [apiv2][status] GET https://serviceusage.googleapis.com/v1/projects/243323136379/services/eventarc.googleapis.com 200
[debug] [2025-05-17T21:52:00.396Z] <<< [apiv2][body] GET https://serviceusage.googleapis.com/v1/projects/243323136379/services/eventarc.googleapis.com [omitted]
[info] +  functions: required API eventarc.googleapis.com is enabled 
[debug] [2025-05-17T21:52:00.446Z] <<< [apiv2][status] GET https://serviceusage.googleapis.com/v1/projects/243323136379/services/storage.googleapis.com 200
[debug] [2025-05-17T21:52:00.446Z] <<< [apiv2][body] GET https://serviceusage.googleapis.com/v1/projects/243323136379/services/storage.googleapis.com [omitted]
[info] +  functions: required API storage.googleapis.com is enabled 
[debug] [2025-05-17T21:52:00.717Z] <<< [apiv2][status] GET https://serviceusage.googleapis.com/v1/projects/243323136379/services/pubsub.googleapis.com 200
[debug] [2025-05-17T21:52:00.718Z] <<< [apiv2][body] GET https://serviceusage.googleapis.com/v1/projects/243323136379/services/pubsub.googleapis.com [omitted]
[info] +  functions: required API pubsub.googleapis.com is enabled 
[info] i  functions: generating the service identity for pubsub.googleapis.com... 
[debug] [2025-05-17T21:52:00.719Z] Checked if tokens are valid: true, expires at: 1747521752274
[debug] [2025-05-17T21:52:00.719Z] Checked if tokens are valid: true, expires at: 1747521752274
[info] i  functions: generating the service identity for eventarc.googleapis.com... 
[debug] [2025-05-17T21:52:00.720Z] Checked if tokens are valid: true, expires at: 1747521752274
[debug] [2025-05-17T21:52:00.720Z] Checked if tokens are valid: true, expires at: 1747521752274
[debug] [2025-05-17T21:52:00.720Z] >>> [apiv2][query] POST https://serviceusage.googleapis.com/v1beta1/projects/243323136379/services/pubsub.googleapis.com:generateServiceIdentity [none]
[debug] [2025-05-17T21:52:00.721Z] >>> [apiv2][query] POST https://serviceusage.googleapis.com/v1beta1/projects/243323136379/services/eventarc.googleapis.com:generateServiceIdentity [none]
[debug] [2025-05-17T21:52:01.054Z] <<< [apiv2][status] POST https://serviceusage.googleapis.com/v1beta1/projects/243323136379/services/pubsub.googleapis.com:generateServiceIdentity 200
[debug] [2025-05-17T21:52:01.055Z] <<< [apiv2][body] POST https://serviceusage.googleapis.com/v1beta1/projects/243323136379/services/pubsub.googleapis.com:generateServiceIdentity {"name":"operations/finished.DONE_OPERATION","done":true,"response":{"@type":"type.googleapis.com/google.api.serviceusage.v1beta1.ServiceIdentity","email":"service-243323136379@gcp-sa-pubsub.iam.gserviceaccount.com","uniqueId":"114267368831450114871"}}
[debug] [2025-05-17T21:52:01.085Z] <<< [apiv2][status] POST https://serviceusage.googleapis.com/v1beta1/projects/243323136379/services/eventarc.googleapis.com:generateServiceIdentity 200
[debug] [2025-05-17T21:52:01.085Z] <<< [apiv2][body] POST https://serviceusage.googleapis.com/v1beta1/projects/243323136379/services/eventarc.googleapis.com:generateServiceIdentity {"name":"operations/finished.DONE_OPERATION","done":true,"response":{"@type":"type.googleapis.com/google.api.serviceusage.v1beta1.ServiceIdentity","email":"service-243323136379@gcp-sa-eventarc.iam.gserviceaccount.com","uniqueId":"114225264947352681424"}}
[debug] [2025-05-17T21:52:01.088Z] Checked if tokens are valid: true, expires at: 1747521752274
[debug] [2025-05-17T21:52:01.089Z] Checked if tokens are valid: true, expires at: 1747521752274
[debug] [2025-05-17T21:52:01.089Z] >>> [apiv2][query] GET https://serviceusage.googleapis.com/v1/projects/tranzitti-90210/services/cloudresourcemanager.googleapis.com [none]
[debug] [2025-05-17T21:52:01.089Z] >>> [apiv2][(partial)header] GET https://serviceusage.googleapis.com/v1/projects/tranzitti-90210/services/cloudresourcemanager.googleapis.com x-goog-quota-user=projects/tranzitti-90210
[debug] [2025-05-17T21:52:01.470Z] <<< [apiv2][status] GET https://serviceusage.googleapis.com/v1/projects/tranzitti-90210/services/cloudresourcemanager.googleapis.com 200
[debug] [2025-05-17T21:52:01.470Z] <<< [apiv2][body] GET https://serviceusage.googleapis.com/v1/projects/tranzitti-90210/services/cloudresourcemanager.googleapis.com [omitted]
[debug] [2025-05-17T21:52:01.470Z] Checked if tokens are valid: true, expires at: 1747521752274
[debug] [2025-05-17T21:52:01.470Z] Checked if tokens are valid: true, expires at: 1747521752274
[debug] [2025-05-17T21:52:01.471Z] >>> [apiv2][query] GET https://cloudresourcemanager.googleapis.com/v1/projects/tranzitti-90210 [none]
[debug] [2025-05-17T21:52:01.631Z] <<< [apiv2][status] GET https://cloudresourcemanager.googleapis.com/v1/projects/tranzitti-90210 200
[debug] [2025-05-17T21:52:01.632Z] <<< [apiv2][body] GET https://cloudresourcemanager.googleapis.com/v1/projects/tranzitti-90210 {"projectNumber":"243323136379","projectId":"tranzitti-90210","lifecycleState":"ACTIVE","name":"Tranzitti","labels":{"firebase":"enabled","firebase-core":"disabled"},"createTime":"2025-05-17T01:54:36.787915Z","parent":{"type":"organization","id":"439686569459"}}
[debug] [2025-05-17T21:52:01.632Z] Checked if tokens are valid: true, expires at: 1747521752274
[debug] [2025-05-17T21:52:01.632Z] Checked if tokens are valid: true, expires at: 1747521752274
[debug] [2025-05-17T21:52:01.632Z] >>> [apiv2][query] GET https://compute.googleapis.com/compute/v1/projects/243323136379 [none]
[debug] [2025-05-17T21:52:01.969Z] <<< [apiv2][status] GET https://compute.googleapis.com/compute/v1/projects/243323136379 403
[debug] [2025-05-17T21:52:01.969Z] <<< [apiv2][body] GET https://compute.googleapis.com/compute/v1/projects/243323136379 {"error":{"code":403,"message":"Compute Engine API has not been used in project 243323136379 before or it is disabled. Enable it by visiting https://console.developers.google.com/apis/api/compute.googleapis.com/overview?project=243323136379 then retry. If you enabled this API recently, wait a few minutes for the action to propagate to our systems and retry.","errors":[{"message":"Compute Engine API has not been used in project 243323136379 before or it is disabled. Enable it by visiting https://console.developers.google.com/apis/api/compute.googleapis.com/overview?project=243323136379 then retry. If you enabled this API recently, wait a few minutes for the action to propagate to our systems and retry.","domain":"usageLimits","reason":"accessNotConfigured","extendedHelp":"https://console.developers.google.com"}],"status":"PERMISSION_DENIED","details":[{"@type":"type.googleapis.com/google.rpc.ErrorInfo","reason":"SERVICE_DISABLED","domain":"googleapis.com","metadata":{"containerInfo":"243323136379","activationUrl":"https://console.developers.google.com/apis/api/compute.googleapis.com/overview?project=243323136379","service":"compute.googleapis.com","serviceTitle":"Compute Engine API","consumer":"projects/243323136379"}},{"@type":"type.googleapis.com/google.rpc.LocalizedMessage","locale":"en-US","message":"Compute Engine API has not been used in project 243323136379 before or it is disabled. Enable it by visiting https://console.developers.google.com/apis/api/compute.googleapis.com/overview?project=243323136379 then retry. If you enabled this API recently, wait a few minutes for the action to propagate to our systems and retry."},{"@type":"type.googleapis.com/google.rpc.Help","links":[{"description":"Google developers console API activation","url":"https://console.developers.google.com/apis/api/compute.googleapis.com/overview?project=243323136379"}]}]}}
[debug] [2025-05-17T21:52:01.969Z] unable to look up default compute service account. Falling back to 243323136379-compute@developer.gserviceaccount.com. Error: {"name":"FirebaseError","children":[],"context":{"body":{"error":{"code":403,"message":"Compute Engine API has not been used in project 243323136379 before or it is disabled. Enable it by visiting https://console.developers.google.com/apis/api/compute.googleapis.com/overview?project=243323136379 then retry. If you enabled this API recently, wait a few minutes for the action to propagate to our systems and retry.","errors":[{"message":"Compute Engine API has not been used in project 243323136379 before or it is disabled. Enable it by visiting https://console.developers.google.com/apis/api/compute.googleapis.com/overview?project=243323136379 then retry. If you enabled this API recently, wait a few minutes for the action to propagate to our systems and retry.","domain":"usageLimits","reason":"accessNotConfigured","extendedHelp":"https://console.developers.google.com"}],"status":"PERMISSION_DENIED","details":[{"@type":"type.googleapis.com/google.rpc.ErrorInfo","reason":"SERVICE_DISABLED","domain":"googleapis.com","metadata":{"containerInfo":"243323136379","activationUrl":"https://console.developers.google.com/apis/api/compute.googleapis.com/overview?project=243323136379","service":"compute.googleapis.com","serviceTitle":"Compute Engine API","consumer":"projects/243323136379"}},{"@type":"type.googleapis.com/google.rpc.LocalizedMessage","locale":"en-US","message":"Compute Engine API has not been used in project 243323136379 before or it is disabled. Enable it by visiting https://console.developers.google.com/apis/api/compute.googleapis.com/overview?project=243323136379 then retry. If you enabled this API recently, wait a few minutes for the action to propagate to our systems and retry."},{"@type":"type.googleapis.com/google.rpc.Help","links":[{"description":"Google developers console API activation","url":"https://console.developers.google.com/apis/api/compute.googleapis.com/overview?project=243323136379"}]}]}},"response":{"statusCode":403}},"exit":1,"message":"Request to https://compute.googleapis.com/compute/v1/projects/243323136379 had HTTP Error: 403, Compute Engine API has not been used in project 243323136379 before or it is disabled. Enable it by visiting https://console.developers.google.com/apis/api/compute.googleapis.com/overview?project=243323136379 then retry. If you enabled this API recently, wait a few minutes for the action to propagate to our systems and retry.","status":403}
[debug] [2025-05-17T21:52:01.969Z] Checked if tokens are valid: true, expires at: 1747521752274
[debug] [2025-05-17T21:52:01.970Z] Checked if tokens are valid: true, expires at: 1747521752274
[debug] [2025-05-17T21:52:01.970Z] >>> [apiv2][query] GET https://compute.googleapis.com/compute/v1/projects/243323136379 [none]
[debug] [2025-05-17T21:52:02.090Z] <<< [apiv2][status] GET https://compute.googleapis.com/compute/v1/projects/243323136379 403
[debug] [2025-05-17T21:52:02.090Z] <<< [apiv2][body] GET https://compute.googleapis.com/compute/v1/projects/243323136379 {"error":{"code":403,"message":"Compute Engine API has not been used in project 243323136379 before or it is disabled. Enable it by visiting https://console.developers.google.com/apis/api/compute.googleapis.com/overview?project=243323136379 then retry. If you enabled this API recently, wait a few minutes for the action to propagate to our systems and retry.","errors":[{"message":"Compute Engine API has not been used in project 243323136379 before or it is disabled. Enable it by visiting https://console.developers.google.com/apis/api/compute.googleapis.com/overview?project=243323136379 then retry. If you enabled this API recently, wait a few minutes for the action to propagate to our systems and retry.","domain":"usageLimits","reason":"accessNotConfigured","extendedHelp":"https://console.developers.google.com"}],"status":"PERMISSION_DENIED","details":[{"@type":"type.googleapis.com/google.rpc.ErrorInfo","reason":"SERVICE_DISABLED","domain":"googleapis.com","metadata":{"activationUrl":"https://console.developers.google.com/apis/api/compute.googleapis.com/overview?project=243323136379","consumer":"projects/243323136379","service":"compute.googleapis.com","serviceTitle":"Compute Engine API","containerInfo":"243323136379"}},{"@type":"type.googleapis.com/google.rpc.LocalizedMessage","locale":"en-US","message":"Compute Engine API has not been used in project 243323136379 before or it is disabled. Enable it by visiting https://console.developers.google.com/apis/api/compute.googleapis.com/overview?project=243323136379 then retry. If you enabled this API recently, wait a few minutes for the action to propagate to our systems and retry."},{"@type":"type.googleapis.com/google.rpc.Help","links":[{"description":"Google developers console API activation","url":"https://console.developers.google.com/apis/api/compute.googleapis.com/overview?project=243323136379"}]}]}}
[debug] [2025-05-17T21:52:02.090Z] unable to look up default compute service account. Falling back to 243323136379-compute@developer.gserviceaccount.com. Error: {"name":"FirebaseError","children":[],"context":{"body":{"error":{"code":403,"message":"Compute Engine API has not been used in project 243323136379 before or it is disabled. Enable it by visiting https://console.developers.google.com/apis/api/compute.googleapis.com/overview?project=243323136379 then retry. If you enabled this API recently, wait a few minutes for the action to propagate to our systems and retry.","errors":[{"message":"Compute Engine API has not been used in project 243323136379 before or it is disabled. Enable it by visiting https://console.developers.google.com/apis/api/compute.googleapis.com/overview?project=243323136379 then retry. If you enabled this API recently, wait a few minutes for the action to propagate to our systems and retry.","domain":"usageLimits","reason":"accessNotConfigured","extendedHelp":"https://console.developers.google.com"}],"status":"PERMISSION_DENIED","details":[{"@type":"type.googleapis.com/google.rpc.ErrorInfo","reason":"SERVICE_DISABLED","domain":"googleapis.com","metadata":{"activationUrl":"https://console.developers.google.com/apis/api/compute.googleapis.com/overview?project=243323136379","consumer":"projects/243323136379","service":"compute.googleapis.com","serviceTitle":"Compute Engine API","containerInfo":"243323136379"}},{"@type":"type.googleapis.com/google.rpc.LocalizedMessage","locale":"en-US","message":"Compute Engine API has not been used in project 243323136379 before or it is disabled. Enable it by visiting https://console.developers.google.com/apis/api/compute.googleapis.com/overview?project=243323136379 then retry. If you enabled this API recently, wait a few minutes for the action to propagate to our systems and retry."},{"@type":"type.googleapis.com/google.rpc.Help","links":[{"description":"Google developers console API activation","url":"https://console.developers.google.com/apis/api/compute.googleapis.com/overview?project=243323136379"}]}]}},"response":{"statusCode":403}},"exit":1,"message":"Request to https://compute.googleapis.com/compute/v1/projects/243323136379 had HTTP Error: 403, Compute Engine API has not been used in project 243323136379 before or it is disabled. Enable it by visiting https://console.developers.google.com/apis/api/compute.googleapis.com/overview?project=243323136379 then retry. If you enabled this API recently, wait a few minutes for the action to propagate to our systems and retry.","status":403}
[debug] [2025-05-17T21:52:02.090Z] Checked if tokens are valid: true, expires at: 1747521752274
[debug] [2025-05-17T21:52:02.090Z] Checked if tokens are valid: true, expires at: 1747521752274
[debug] [2025-05-17T21:52:02.091Z] >>> [apiv2][query] GET https://compute.googleapis.com/compute/v1/projects/243323136379 [none]
[debug] [2025-05-17T21:52:02.213Z] <<< [apiv2][status] GET https://compute.googleapis.com/compute/v1/projects/243323136379 403
[debug] [2025-05-17T21:52:02.213Z] <<< [apiv2][body] GET https://compute.googleapis.com/compute/v1/projects/243323136379 {"error":{"code":403,"message":"Compute Engine API has not been used in project 243323136379 before or it is disabled. Enable it by visiting https://console.developers.google.com/apis/api/compute.googleapis.com/overview?project=243323136379 then retry. If you enabled this API recently, wait a few minutes for the action to propagate to our systems and retry.","errors":[{"message":"Compute Engine API has not been used in project 243323136379 before or it is disabled. Enable it by visiting https://console.developers.google.com/apis/api/compute.googleapis.com/overview?project=243323136379 then retry. If you enabled this API recently, wait a few minutes for the action to propagate to our systems and retry.","domain":"usageLimits","reason":"accessNotConfigured","extendedHelp":"https://console.developers.google.com"}],"status":"PERMISSION_DENIED","details":[{"@type":"type.googleapis.com/google.rpc.ErrorInfo","reason":"SERVICE_DISABLED","domain":"googleapis.com","metadata":{"containerInfo":"243323136379","serviceTitle":"Compute Engine API","activationUrl":"https://console.developers.google.com/apis/api/compute.googleapis.com/overview?project=243323136379","service":"compute.googleapis.com","consumer":"projects/243323136379"}},{"@type":"type.googleapis.com/google.rpc.LocalizedMessage","locale":"en-US","message":"Compute Engine API has not been used in project 243323136379 before or it is disabled. Enable it by visiting https://console.developers.google.com/apis/api/compute.googleapis.com/overview?project=243323136379 then retry. If you enabled this API recently, wait a few minutes for the action to propagate to our systems and retry."},{"@type":"type.googleapis.com/google.rpc.Help","links":[{"description":"Google developers console API activation","url":"https://console.developers.google.com/apis/api/compute.googleapis.com/overview?project=243323136379"}]}]}}
[debug] [2025-05-17T21:52:02.214Z] unable to look up default compute service account. Falling back to 243323136379-compute@developer.gserviceaccount.com. Error: {"name":"FirebaseError","children":[],"context":{"body":{"error":{"code":403,"message":"Compute Engine API has not been used in project 243323136379 before or it is disabled. Enable it by visiting https://console.developers.google.com/apis/api/compute.googleapis.com/overview?project=243323136379 then retry. If you enabled this API recently, wait a few minutes for the action to propagate to our systems and retry.","errors":[{"message":"Compute Engine API has not been used in project 243323136379 before or it is disabled. Enable it by visiting https://console.developers.google.com/apis/api/compute.googleapis.com/overview?project=243323136379 then retry. If you enabled this API recently, wait a few minutes for the action to propagate to our systems and retry.","domain":"usageLimits","reason":"accessNotConfigured","extendedHelp":"https://console.developers.google.com"}],"status":"PERMISSION_DENIED","details":[{"@type":"type.googleapis.com/google.rpc.ErrorInfo","reason":"SERVICE_DISABLED","domain":"googleapis.com","metadata":{"containerInfo":"243323136379","serviceTitle":"Compute Engine API","activationUrl":"https://console.developers.google.com/apis/api/compute.googleapis.com/overview?project=243323136379","service":"compute.googleapis.com","consumer":"projects/243323136379"}},{"@type":"type.googleapis.com/google.rpc.LocalizedMessage","locale":"en-US","message":"Compute Engine API has not been used in project 243323136379 before or it is disabled. Enable it by visiting https://console.developers.google.com/apis/api/compute.googleapis.com/overview?project=243323136379 then retry. If you enabled this API recently, wait a few minutes for the action to propagate to our systems and retry."},{"@type":"type.googleapis.com/google.rpc.Help","links":[{"description":"Google developers console API activation","url":"https://console.developers.google.com/apis/api/compute.googleapis.com/overview?project=243323136379"}]}]}},"response":{"statusCode":403}},"exit":1,"message":"Request to https://compute.googleapis.com/compute/v1/projects/243323136379 had HTTP Error: 403, Compute Engine API has not been used in project 243323136379 before or it is disabled. Enable it by visiting https://console.developers.google.com/apis/api/compute.googleapis.com/overview?project=243323136379 then retry. If you enabled this API recently, wait a few minutes for the action to propagate to our systems and retry.","status":403}
[debug] [2025-05-17T21:52:02.214Z] Checked if tokens are valid: true, expires at: 1747521752274
[debug] [2025-05-17T21:52:02.214Z] Checked if tokens are valid: true, expires at: 1747521752274
[debug] [2025-05-17T21:52:02.214Z] >>> [apiv2][query] GET https://compute.googleapis.com/compute/v1/projects/243323136379 [none]
[debug] [2025-05-17T21:52:02.313Z] <<< [apiv2][status] GET https://compute.googleapis.com/compute/v1/projects/243323136379 403
[debug] [2025-05-17T21:52:02.314Z] <<< [apiv2][body] GET https://compute.googleapis.com/compute/v1/projects/243323136379 {"error":{"code":403,"message":"Compute Engine API has not been used in project 243323136379 before or it is disabled. Enable it by visiting https://console.developers.google.com/apis/api/compute.googleapis.com/overview?project=243323136379 then retry. If you enabled this API recently, wait a few minutes for the action to propagate to our systems and retry.","errors":[{"message":"Compute Engine API has not been used in project 243323136379 before or it is disabled. Enable it by visiting https://console.developers.google.com/apis/api/compute.googleapis.com/overview?project=243323136379 then retry. If you enabled this API recently, wait a few minutes for the action to propagate to our systems and retry.","domain":"usageLimits","reason":"accessNotConfigured","extendedHelp":"https://console.developers.google.com"}],"status":"PERMISSION_DENIED","details":[{"@type":"type.googleapis.com/google.rpc.ErrorInfo","reason":"SERVICE_DISABLED","domain":"googleapis.com","metadata":{"serviceTitle":"Compute Engine API","activationUrl":"https://console.developers.google.com/apis/api/compute.googleapis.com/overview?project=243323136379","service":"compute.googleapis.com","containerInfo":"243323136379","consumer":"projects/243323136379"}},{"@type":"type.googleapis.com/google.rpc.LocalizedMessage","locale":"en-US","message":"Compute Engine API has not been used in project 243323136379 before or it is disabled. Enable it by visiting https://console.developers.google.com/apis/api/compute.googleapis.com/overview?project=243323136379 then retry. If you enabled this API recently, wait a few minutes for the action to propagate to our systems and retry."},{"@type":"type.googleapis.com/google.rpc.Help","links":[{"description":"Google developers console API activation","url":"https://console.developers.google.com/apis/api/compute.googleapis.com/overview?project=243323136379"}]}]}}
[debug] [2025-05-17T21:52:02.314Z] unable to look up default compute service account. Falling back to 243323136379-compute@developer.gserviceaccount.com. Error: {"name":"FirebaseError","children":[],"context":{"body":{"error":{"code":403,"message":"Compute Engine API has not been used in project 243323136379 before or it is disabled. Enable it by visiting https://console.developers.google.com/apis/api/compute.googleapis.com/overview?project=243323136379 then retry. If you enabled this API recently, wait a few minutes for the action to propagate to our systems and retry.","errors":[{"message":"Compute Engine API has not been used in project 243323136379 before or it is disabled. Enable it by visiting https://console.developers.google.com/apis/api/compute.googleapis.com/overview?project=243323136379 then retry. If you enabled this API recently, wait a few minutes for the action to propagate to our systems and retry.","domain":"usageLimits","reason":"accessNotConfigured","extendedHelp":"https://console.developers.google.com"}],"status":"PERMISSION_DENIED","details":[{"@type":"type.googleapis.com/google.rpc.ErrorInfo","reason":"SERVICE_DISABLED","domain":"googleapis.com","metadata":{"serviceTitle":"Compute Engine API","activationUrl":"https://console.developers.google.com/apis/api/compute.googleapis.com/overview?project=243323136379","service":"compute.googleapis.com","containerInfo":"243323136379","consumer":"projects/243323136379"}},{"@type":"type.googleapis.com/google.rpc.LocalizedMessage","locale":"en-US","message":"Compute Engine API has not been used in project 243323136379 before or it is disabled. Enable it by visiting https://console.developers.google.com/apis/api/compute.googleapis.com/overview?project=243323136379 then retry. If you enabled this API recently, wait a few minutes for the action to propagate to our systems and retry."},{"@type":"type.googleapis.com/google.rpc.Help","links":[{"description":"Google developers console API activation","url":"https://console.developers.google.com/apis/api/compute.googleapis.com/overview?project=243323136379"}]}]}},"response":{"statusCode":403}},"exit":1,"message":"Request to https://compute.googleapis.com/compute/v1/projects/243323136379 had HTTP Error: 403, Compute Engine API has not been used in project 243323136379 before or it is disabled. Enable it by visiting https://console.developers.google.com/apis/api/compute.googleapis.com/overview?project=243323136379 then retry. If you enabled this API recently, wait a few minutes for the action to propagate to our systems and retry.","status":403}
[debug] [2025-05-17T21:52:02.315Z] Checked if tokens are valid: true, expires at: 1747521752274
[debug] [2025-05-17T21:52:02.315Z] Checked if tokens are valid: true, expires at: 1747521752274
[debug] [2025-05-17T21:52:02.315Z] >>> [apiv2][query] GET https://cloudbilling.googleapis.com/v1/projects/tranzitti-90210/billingInfo [none]
[debug] [2025-05-17T21:52:02.783Z] <<< [apiv2][status] GET https://cloudbilling.googleapis.com/v1/projects/tranzitti-90210/billingInfo 200
[debug] [2025-05-17T21:52:02.783Z] <<< [apiv2][body] GET https://cloudbilling.googleapis.com/v1/projects/tranzitti-90210/billingInfo {"name":"projects/tranzitti-90210/billingInfo","projectId":"tranzitti-90210","billingAccountName":"billingAccounts/0114C6-7CDE84-227FD4","billingEnabled":true}
[debug] [2025-05-17T21:52:02.785Z] [functions] found 1 new HTTP functions, testing setIamPolicy permission...
[debug] [2025-05-17T21:52:02.785Z] Checked if tokens are valid: true, expires at: 1747521752274
[debug] [2025-05-17T21:52:02.785Z] Checked if tokens are valid: true, expires at: 1747521752274
[debug] [2025-05-17T21:52:02.785Z] >>> [apiv2][query] POST https://cloudresourcemanager.googleapis.com/v1/projects/tranzitti-90210:testIamPermissions [none]
[debug] [2025-05-17T21:52:02.785Z] >>> [apiv2][(partial)header] POST https://cloudresourcemanager.googleapis.com/v1/projects/tranzitti-90210:testIamPermissions x-goog-quota-user=projects/tranzitti-90210
[debug] [2025-05-17T21:52:02.785Z] >>> [apiv2][body] POST https://cloudresourcemanager.googleapis.com/v1/projects/tranzitti-90210:testIamPermissions {"permissions":["cloudfunctions.functions.setIamPolicy"]}
[debug] [2025-05-17T21:52:02.912Z] <<< [apiv2][status] POST https://cloudresourcemanager.googleapis.com/v1/projects/tranzitti-90210:testIamPermissions 200
[debug] [2025-05-17T21:52:02.912Z] <<< [apiv2][body] POST https://cloudresourcemanager.googleapis.com/v1/projects/tranzitti-90210:testIamPermissions {"permissions":["cloudfunctions.functions.setIamPolicy"]}
[debug] [2025-05-17T21:52:02.912Z] [functions] found setIamPolicy permission, proceeding with deploy
[debug] [2025-05-17T21:52:02.913Z] Checked if tokens are valid: true, expires at: 1747521752274
[debug] [2025-05-17T21:52:02.913Z] Checked if tokens are valid: true, expires at: 1747521752274
[debug] [2025-05-17T21:52:02.913Z] >>> [apiv2][query] POST https://cloudfunctions.googleapis.com/v2/projects/tranzitti-90210/locations/us-central1/functions:generateUploadUrl [none]
[debug] [2025-05-17T21:52:03.296Z] <<< [apiv2][status] POST https://cloudfunctions.googleapis.com/v2/projects/tranzitti-90210/locations/us-central1/functions:generateUploadUrl 200
[debug] [2025-05-17T21:52:03.296Z] <<< [apiv2][body] POST https://cloudfunctions.googleapis.com/v2/projects/tranzitti-90210/locations/us-central1/functions:generateUploadUrl {"uploadUrl":"https://storage.googleapis.com/gcf-v2-uploads-243323136379.us-central1.cloudfunctions.appspot.com/854369cd-2297-419c-a80a-a939ec1d01d7.zip?GoogleAccessId=service-243323136379@gcf-admin-robot.iam.gserviceaccount.com&Expires=1747520523&Signature=VZLiGN1mXkD4289EIooH488fuB9iSKve9DYePnkiM56xyDnf1axZUh0njp2YBlrRWWX9Uy%2FTEW4cb8ywoEbSaqFdymPNSmj1pHKd%2B4%2Be95f%2FkaYCXg3uAmTkaJ7imizEZtFPDQhBk5dAXgt%2BW1Xzv%2BqNQeUXcppK3nKVrQ%2Bsh3B2jMTECGnO2ct7urFLF0dmCJxAeBa%2BIzYjxx4PR4W4yUNAyktYYSxfR9yS1tRQR%2FGKlCfDPokx6WWWaeDjZrACwKixlzbP0Z9Dp%2BqiAUgE2nYnj5jtJwpDGZuGtr%2FHgNuJD5hv9yE%2F1lGD2084U4PIwXNN1WaOZurpDGnxccDeGA%3D%3D","storageSource":{"bucket":"gcf-v2-uploads-243323136379.us-central1.cloudfunctions.appspot.com","object":"854369cd-2297-419c-a80a-a939ec1d01d7.zip"}}
[debug] [2025-05-17T21:52:03.298Z] >>> [apiv2][query] PUT https://storage.googleapis.com/gcf-v2-uploads-243323136379.us-central1.cloudfunctions.appspot.com/854369cd-2297-419c-a80a-a939ec1d01d7.zip GoogleAccessId=service-243323136379%40gcf-admin-robot.iam.gserviceaccount.com&Expires=1747520523&Signature=VZLiGN1mXkD4289EIooH488fuB9iSKve9DYePnkiM56xyDnf1axZUh0njp2YBlrRWWX9Uy%2FTEW4cb8ywoEbSaqFdymPNSmj1pHKd%2B4%2Be95f%2FkaYCXg3uAmTkaJ7imizEZtFPDQhBk5dAXgt%2BW1Xzv%2BqNQeUXcppK3nKVrQ%2Bsh3B2jMTECGnO2ct7urFLF0dmCJxAeBa%2BIzYjxx4PR4W4yUNAyktYYSxfR9yS1tRQR%2FGKlCfDPokx6WWWaeDjZrACwKixlzbP0Z9Dp%2BqiAUgE2nYnj5jtJwpDGZuGtr%2FHgNuJD5hv9yE%2F1lGD2084U4PIwXNN1WaOZurpDGnxccDeGA%3D%3D
[debug] [2025-05-17T21:52:03.298Z] >>> [apiv2][body] PUT https://storage.googleapis.com/gcf-v2-uploads-243323136379.us-central1.cloudfunctions.appspot.com/854369cd-2297-419c-a80a-a939ec1d01d7.zip [stream]
[debug] [2025-05-17T21:52:03.998Z] <<< [apiv2][status] PUT https://storage.googleapis.com/gcf-v2-uploads-243323136379.us-central1.cloudfunctions.appspot.com/854369cd-2297-419c-a80a-a939ec1d01d7.zip 200
[debug] [2025-05-17T21:52:03.998Z] <<< [apiv2][body] PUT https://storage.googleapis.com/gcf-v2-uploads-243323136379.us-central1.cloudfunctions.appspot.com/854369cd-2297-419c-a80a-a939ec1d01d7.zip [omitted]
[info] +  functions: functions folder uploaded successfully 
[info] i  functions: creating Node.js 22 (2nd Gen) function testFunction(us-central1)... 
[debug] [2025-05-17T21:52:04.001Z] Checked if tokens are valid: true, expires at: 1747521752274
[debug] [2025-05-17T21:52:04.001Z] Checked if tokens are valid: true, expires at: 1747521752274
[debug] [2025-05-17T21:52:04.001Z] >>> [apiv2][query] POST https://cloudfunctions.googleapis.com/v2/projects/tranzitti-90210/locations/us-central1/functions functionId=testFunction
[debug] [2025-05-17T21:52:04.001Z] >>> [apiv2][body] POST https://cloudfunctions.googleapis.com/v2/projects/tranzitti-90210/locations/us-central1/functions {"name":"projects/tranzitti-90210/locations/us-central1/functions/testFunction","buildConfig":{"runtime":"nodejs22","entryPoint":"testFunction","source":{"storageSource":{"bucket":"gcf-v2-uploads-243323136379.us-central1.cloudfunctions.appspot.com","object":"854369cd-2297-419c-a80a-a939ec1d01d7.zip"}},"environmentVariables":{"GOOGLE_NODE_RUN_SCRIPTS":""}},"serviceConfig":{"environmentVariables":{"FIREBASE_CONFIG":"{\"projectId\":\"tranzitti-90210\",\"storageBucket\":\"tranzitti-90210.firebasestorage.app\"}","GCLOUD_PROJECT":"tranzitti-90210","EVENTARC_CLOUD_EVENT_SOURCE":"projects/tranzitti-90210/locations/us-central1/services/testFunction","FUNCTION_TARGET":"testFunction","LOG_EXECUTION_ID":"true"},"ingressSettings":null,"timeoutSeconds":null,"serviceAccountEmail":null,"availableMemory":"256Mi","minInstanceCount":null,"maxInstanceCount":null,"maxInstanceRequestConcurrency":80,"availableCpu":"1","vpcConnector":null,"vpcConnectorEgressSettings":null},"labels":{"deployment-tool":"cli-firebase","firebase-functions-hash":"6d9f7c2ec602aa7a730fa748601db618bf121367"}}
[debug] [2025-05-17T21:52:04.862Z] <<< [apiv2][status] POST https://cloudfunctions.googleapis.com/v2/projects/tranzitti-90210/locations/us-central1/functions 200
[debug] [2025-05-17T21:52:04.862Z] <<< [apiv2][body] POST https://cloudfunctions.googleapis.com/v2/projects/tranzitti-90210/locations/us-central1/functions {"name":"projects/tranzitti-90210/locations/us-central1/operations/operation-1747518724278-6355be8cc871a-0862ed30-f5d97f84","metadata":{"@type":"type.googleapis.com/google.cloud.functions.v2.OperationMetadata","createTime":"2025-05-17T21:52:04.829778412Z","target":"projects/tranzitti-90210/locations/us-central1/functions/testFunction","verb":"create","cancelRequested":false,"apiVersion":"v2"},"done":false}
[debug] [2025-05-17T21:52:04.863Z] Checked if tokens are valid: true, expires at: 1747521752274
[debug] [2025-05-17T21:52:04.863Z] Checked if tokens are valid: true, expires at: 1747521752274
[debug] [2025-05-17T21:52:04.864Z] >>> [apiv2][query] GET https://cloudfunctions.googleapis.com/v2/projects/tranzitti-90210/locations/us-central1/operations/operation-1747518724278-6355be8cc871a-0862ed30-f5d97f84 [none]
[debug] [2025-05-17T21:52:05.110Z] <<< [apiv2][status] GET https://cloudfunctions.googleapis.com/v2/projects/tranzitti-90210/locations/us-central1/operations/operation-1747518724278-6355be8cc871a-0862ed30-f5d97f84 200
[debug] [2025-05-17T21:52:05.110Z] <<< [apiv2][body] GET https://cloudfunctions.googleapis.com/v2/projects/tranzitti-90210/locations/us-central1/operations/operation-1747518724278-6355be8cc871a-0862ed30-f5d97f84 {"name":"projects/tranzitti-90210/locations/us-central1/operations/operation-1747518724278-6355be8cc871a-0862ed30-f5d97f84","metadata":{"@type":"type.googleapis.com/google.cloud.functions.v2.OperationMetadata","createTime":"2025-05-17T21:52:04.829778412Z","target":"projects/tranzitti-90210/locations/us-central1/functions/testFunction","verb":"create","cancelRequested":false,"apiVersion":"v2","requestResource":{"@type":"type.googleapis.com/google.cloud.functions.v2.Function","name":"projects/tranzitti-90210/locations/us-central1/functions/testFunction","buildConfig":{"runtime":"nodejs22","entryPoint":"testFunction","source":{"storageSource":{"bucket":"gcf-v2-sources-243323136379-us-central1","object":"testFunction/function-source.zip","generation":"1747518724559019"}},"environmentVariables":{"GOOGLE_NODE_RUN_SCRIPTS":""},"serviceAccount":"projects/tranzitti-90210/serviceAccounts/243323136379-compute@developer.gserviceaccount.com","automaticUpdatePolicy":{}},"serviceConfig":{"service":"projects/tranzitti-90210/locations/us-central1/services/testfunction","timeoutSeconds":60,"environmentVariables":{"FIREBASE_CONFIG":"{\"projectId\":\"tranzitti-90210\",\"storageBucket\":\"tranzitti-90210.firebasestorage.app\"}","GCLOUD_PROJECT":"tranzitti-90210","EVENTARC_CLOUD_EVENT_SOURCE":"projects/tranzitti-90210/locations/us-central1/services/testFunction","FUNCTION_TARGET":"testFunction","LOG_EXECUTION_ID":"true"},"ingressSettings":"ALLOW_ALL","serviceAccountEmail":"243323136379-compute@developer.gserviceaccount.com","availableMemory":"256Mi","maxInstanceRequestConcurrency":80,"availableCpu":"1"},"labels":{"deployment-tool":"cli-firebase","firebase-functions-hash":"6d9f7c2ec602aa7a730fa748601db618bf121367"},"environment":"GEN_2"},"stages":[{"name":"BUILD","state":"NOT_STARTED"},{"name":"SERVICE","state":"NOT_STARTED"}],"operationType":"CREATE_FUNCTION"},"done":false}
[debug] [2025-05-17T21:52:05.622Z] [create-default-us-central1-testFunction] Retrying task index 0
[debug] [2025-05-17T21:52:05.623Z] Checked if tokens are valid: true, expires at: 1747521752274
[debug] [2025-05-17T21:52:05.623Z] Checked if tokens are valid: true, expires at: 1747521752274
[debug] [2025-05-17T21:52:05.623Z] >>> [apiv2][query] GET https://cloudfunctions.googleapis.com/v2/projects/tranzitti-90210/locations/us-central1/operations/operation-1747518724278-6355be8cc871a-0862ed30-f5d97f84 [none]
[debug] [2025-05-17T21:52:05.883Z] <<< [apiv2][status] GET https://cloudfunctions.googleapis.com/v2/projects/tranzitti-90210/locations/us-central1/operations/operation-1747518724278-6355be8cc871a-0862ed30-f5d97f84 200
[debug] [2025-05-17T21:52:05.884Z] <<< [apiv2][body] GET https://cloudfunctions.googleapis.com/v2/projects/tranzitti-90210/locations/us-central1/operations/operation-1747518724278-6355be8cc871a-0862ed30-f5d97f84 {"name":"projects/tranzitti-90210/locations/us-central1/operations/operation-1747518724278-6355be8cc871a-0862ed30-f5d97f84","metadata":{"@type":"type.googleapis.com/google.cloud.functions.v2.OperationMetadata","createTime":"2025-05-17T21:52:04.829778412Z","target":"projects/tranzitti-90210/locations/us-central1/functions/testFunction","verb":"create","cancelRequested":false,"apiVersion":"v2","requestResource":{"@type":"type.googleapis.com/google.cloud.functions.v2.Function","name":"projects/tranzitti-90210/locations/us-central1/functions/testFunction","buildConfig":{"runtime":"nodejs22","entryPoint":"testFunction","source":{"storageSource":{"bucket":"gcf-v2-sources-243323136379-us-central1","object":"testFunction/function-source.zip","generation":"1747518724559019"}},"environmentVariables":{"GOOGLE_NODE_RUN_SCRIPTS":""},"serviceAccount":"projects/tranzitti-90210/serviceAccounts/243323136379-compute@developer.gserviceaccount.com","automaticUpdatePolicy":{}},"serviceConfig":{"service":"projects/tranzitti-90210/locations/us-central1/services/testfunction","timeoutSeconds":60,"environmentVariables":{"FIREBASE_CONFIG":"{\"projectId\":\"tranzitti-90210\",\"storageBucket\":\"tranzitti-90210.firebasestorage.app\"}","GCLOUD_PROJECT":"tranzitti-90210","EVENTARC_CLOUD_EVENT_SOURCE":"projects/tranzitti-90210/locations/us-central1/services/testFunction","FUNCTION_TARGET":"testFunction","LOG_EXECUTION_ID":"true"},"ingressSettings":"ALLOW_ALL","serviceAccountEmail":"243323136379-compute@developer.gserviceaccount.com","availableMemory":"256Mi","maxInstanceRequestConcurrency":80,"availableCpu":"1"},"labels":{"deployment-tool":"cli-firebase","firebase-functions-hash":"6d9f7c2ec602aa7a730fa748601db618bf121367"},"environment":"GEN_2"},"stages":[{"name":"BUILD","message":"Build in progress","state":"IN_PROGRESS","resource":"projects/243323136379/locations/us-central1/builds/e86b2aad-f961-4911-a27d-e5fed9e234f6","resourceUri":"https://console.cloud.google.com/cloud-build/builds;region=us-central1/e86b2aad-f961-4911-a27d-e5fed9e234f6?project=243323136379"},{"name":"SERVICE","state":"NOT_STARTED"}],"operationType":"CREATE_FUNCTION","buildName":"projects/243323136379/locations/us-central1/builds/e86b2aad-f961-4911-a27d-e5fed9e234f6"},"done":false}
[debug] [2025-05-17T21:52:06.893Z] [create-default-us-central1-testFunction] Retrying task index 0
[debug] [2025-05-17T21:52:06.894Z] Checked if tokens are valid: true, expires at: 1747521752274
[debug] [2025-05-17T21:52:06.894Z] Checked if tokens are valid: true, expires at: 1747521752274
[debug] [2025-05-17T21:52:06.894Z] >>> [apiv2][query] GET https://cloudfunctions.googleapis.com/v2/projects/tranzitti-90210/locations/us-central1/operations/operation-1747518724278-6355be8cc871a-0862ed30-f5d97f84 [none]
[debug] [2025-05-17T21:52:07.089Z] <<< [apiv2][status] GET https://cloudfunctions.googleapis.com/v2/projects/tranzitti-90210/locations/us-central1/operations/operation-1747518724278-6355be8cc871a-0862ed30-f5d97f84 200
[debug] [2025-05-17T21:52:07.089Z] <<< [apiv2][body] GET https://cloudfunctions.googleapis.com/v2/projects/tranzitti-90210/locations/us-central1/operations/operation-1747518724278-6355be8cc871a-0862ed30-f5d97f84 {"name":"projects/tranzitti-90210/locations/us-central1/operations/operation-1747518724278-6355be8cc871a-0862ed30-f5d97f84","metadata":{"@type":"type.googleapis.com/google.cloud.functions.v2.OperationMetadata","createTime":"2025-05-17T21:52:04.829778412Z","target":"projects/tranzitti-90210/locations/us-central1/functions/testFunction","verb":"create","cancelRequested":false,"apiVersion":"v2","requestResource":{"@type":"type.googleapis.com/google.cloud.functions.v2.Function","name":"projects/tranzitti-90210/locations/us-central1/functions/testFunction","buildConfig":{"runtime":"nodejs22","entryPoint":"testFunction","source":{"storageSource":{"bucket":"gcf-v2-sources-243323136379-us-central1","object":"testFunction/function-source.zip","generation":"1747518724559019"}},"environmentVariables":{"GOOGLE_NODE_RUN_SCRIPTS":""},"serviceAccount":"projects/tranzitti-90210/serviceAccounts/243323136379-compute@developer.gserviceaccount.com","automaticUpdatePolicy":{}},"serviceConfig":{"service":"projects/tranzitti-90210/locations/us-central1/services/testfunction","timeoutSeconds":60,"environmentVariables":{"FIREBASE_CONFIG":"{\"projectId\":\"tranzitti-90210\",\"storageBucket\":\"tranzitti-90210.firebasestorage.app\"}","GCLOUD_PROJECT":"tranzitti-90210","EVENTARC_CLOUD_EVENT_SOURCE":"projects/tranzitti-90210/locations/us-central1/services/testFunction","FUNCTION_TARGET":"testFunction","LOG_EXECUTION_ID":"true"},"ingressSettings":"ALLOW_ALL","serviceAccountEmail":"243323136379-compute@developer.gserviceaccount.com","availableMemory":"256Mi","maxInstanceRequestConcurrency":80,"availableCpu":"1"},"labels":{"deployment-tool":"cli-firebase","firebase-functions-hash":"6d9f7c2ec602aa7a730fa748601db618bf121367"},"environment":"GEN_2"},"stages":[{"name":"BUILD","message":"Build in progress","state":"IN_PROGRESS","resource":"projects/243323136379/locations/us-central1/builds/e86b2aad-f961-4911-a27d-e5fed9e234f6","resourceUri":"https://console.cloud.google.com/cloud-build/builds;region=us-central1/e86b2aad-f961-4911-a27d-e5fed9e234f6?project=243323136379"},{"name":"SERVICE","state":"NOT_STARTED"}],"operationType":"CREATE_FUNCTION","buildName":"projects/243323136379/locations/us-central1/builds/e86b2aad-f961-4911-a27d-e5fed9e234f6"},"done":false}
[debug] [2025-05-17T21:52:09.092Z] [create-default-us-central1-testFunction] Retrying task index 0
[debug] [2025-05-17T21:52:09.092Z] Checked if tokens are valid: true, expires at: 1747521752274
[debug] [2025-05-17T21:52:09.092Z] Checked if tokens are valid: true, expires at: 1747521752274
[debug] [2025-05-17T21:52:09.092Z] >>> [apiv2][query] GET https://cloudfunctions.googleapis.com/v2/projects/tranzitti-90210/locations/us-central1/operations/operation-1747518724278-6355be8cc871a-0862ed30-f5d97f84 [none]
[debug] [2025-05-17T21:52:09.312Z] <<< [apiv2][status] GET https://cloudfunctions.googleapis.com/v2/projects/tranzitti-90210/locations/us-central1/operations/operation-1747518724278-6355be8cc871a-0862ed30-f5d97f84 200
[debug] [2025-05-17T21:52:09.312Z] <<< [apiv2][body] GET https://cloudfunctions.googleapis.com/v2/projects/tranzitti-90210/locations/us-central1/operations/operation-1747518724278-6355be8cc871a-0862ed30-f5d97f84 {"name":"projects/tranzitti-90210/locations/us-central1/operations/operation-1747518724278-6355be8cc871a-0862ed30-f5d97f84","metadata":{"@type":"type.googleapis.com/google.cloud.functions.v2.OperationMetadata","createTime":"2025-05-17T21:52:04.829778412Z","target":"projects/tranzitti-90210/locations/us-central1/functions/testFunction","verb":"create","cancelRequested":false,"apiVersion":"v2","requestResource":{"@type":"type.googleapis.com/google.cloud.functions.v2.Function","name":"projects/tranzitti-90210/locations/us-central1/functions/testFunction","buildConfig":{"runtime":"nodejs22","entryPoint":"testFunction","source":{"storageSource":{"bucket":"gcf-v2-sources-243323136379-us-central1","object":"testFunction/function-source.zip","generation":"1747518724559019"}},"environmentVariables":{"GOOGLE_NODE_RUN_SCRIPTS":""},"serviceAccount":"projects/tranzitti-90210/serviceAccounts/243323136379-compute@developer.gserviceaccount.com","automaticUpdatePolicy":{}},"serviceConfig":{"service":"projects/tranzitti-90210/locations/us-central1/services/testfunction","timeoutSeconds":60,"environmentVariables":{"FIREBASE_CONFIG":"{\"projectId\":\"tranzitti-90210\",\"storageBucket\":\"tranzitti-90210.firebasestorage.app\"}","GCLOUD_PROJECT":"tranzitti-90210","EVENTARC_CLOUD_EVENT_SOURCE":"projects/tranzitti-90210/locations/us-central1/services/testFunction","FUNCTION_TARGET":"testFunction","LOG_EXECUTION_ID":"true"},"ingressSettings":"ALLOW_ALL","serviceAccountEmail":"243323136379-compute@developer.gserviceaccount.com","availableMemory":"256Mi","maxInstanceRequestConcurrency":80,"availableCpu":"1"},"labels":{"deployment-tool":"cli-firebase","firebase-functions-hash":"6d9f7c2ec602aa7a730fa748601db618bf121367"},"environment":"GEN_2"},"stages":[{"name":"BUILD","message":"Build in progress","state":"IN_PROGRESS","resource":"projects/243323136379/locations/us-central1/builds/e86b2aad-f961-4911-a27d-e5fed9e234f6","resourceUri":"https://console.cloud.google.com/cloud-build/builds;region=us-central1/e86b2aad-f961-4911-a27d-e5fed9e234f6?project=243323136379"},{"name":"SERVICE","state":"NOT_STARTED"}],"operationType":"CREATE_FUNCTION","buildName":"projects/243323136379/locations/us-central1/builds/e86b2aad-f961-4911-a27d-e5fed9e234f6"},"done":false}
[debug] [2025-05-17T21:52:13.322Z] [create-default-us-central1-testFunction] Retrying task index 0
[debug] [2025-05-17T21:52:13.323Z] Checked if tokens are valid: true, expires at: 1747521752274
[debug] [2025-05-17T21:52:13.323Z] Checked if tokens are valid: true, expires at: 1747521752274
[debug] [2025-05-17T21:52:13.323Z] >>> [apiv2][query] GET https://cloudfunctions.googleapis.com/v2/projects/tranzitti-90210/locations/us-central1/operations/operation-1747518724278-6355be8cc871a-0862ed30-f5d97f84 [none]
[debug] [2025-05-17T21:52:13.452Z] <<< [apiv2][status] GET https://cloudfunctions.googleapis.com/v2/projects/tranzitti-90210/locations/us-central1/operations/operation-1747518724278-6355be8cc871a-0862ed30-f5d97f84 200
[debug] [2025-05-17T21:52:13.452Z] <<< [apiv2][body] GET https://cloudfunctions.googleapis.com/v2/projects/tranzitti-90210/locations/us-central1/operations/operation-1747518724278-6355be8cc871a-0862ed30-f5d97f84 {"name":"projects/tranzitti-90210/locations/us-central1/operations/operation-1747518724278-6355be8cc871a-0862ed30-f5d97f84","metadata":{"@type":"type.googleapis.com/google.cloud.functions.v2.OperationMetadata","createTime":"2025-05-17T21:52:04.829778412Z","target":"projects/tranzitti-90210/locations/us-central1/functions/testFunction","verb":"create","cancelRequested":false,"apiVersion":"v2","requestResource":{"@type":"type.googleapis.com/google.cloud.functions.v2.Function","name":"projects/tranzitti-90210/locations/us-central1/functions/testFunction","buildConfig":{"runtime":"nodejs22","entryPoint":"testFunction","source":{"storageSource":{"bucket":"gcf-v2-sources-243323136379-us-central1","object":"testFunction/function-source.zip","generation":"1747518724559019"}},"environmentVariables":{"GOOGLE_NODE_RUN_SCRIPTS":""},"serviceAccount":"projects/tranzitti-90210/serviceAccounts/243323136379-compute@developer.gserviceaccount.com","automaticUpdatePolicy":{}},"serviceConfig":{"service":"projects/tranzitti-90210/locations/us-central1/services/testfunction","timeoutSeconds":60,"environmentVariables":{"FIREBASE_CONFIG":"{\"projectId\":\"tranzitti-90210\",\"storageBucket\":\"tranzitti-90210.firebasestorage.app\"}","GCLOUD_PROJECT":"tranzitti-90210","EVENTARC_CLOUD_EVENT_SOURCE":"projects/tranzitti-90210/locations/us-central1/services/testFunction","FUNCTION_TARGET":"testFunction","LOG_EXECUTION_ID":"true"},"ingressSettings":"ALLOW_ALL","serviceAccountEmail":"243323136379-compute@developer.gserviceaccount.com","availableMemory":"256Mi","maxInstanceRequestConcurrency":80,"availableCpu":"1"},"labels":{"deployment-tool":"cli-firebase","firebase-functions-hash":"6d9f7c2ec602aa7a730fa748601db618bf121367"},"environment":"GEN_2"},"stages":[{"name":"BUILD","message":"Build in progress","state":"IN_PROGRESS","resource":"projects/243323136379/locations/us-central1/builds/e86b2aad-f961-4911-a27d-e5fed9e234f6","resourceUri":"https://console.cloud.google.com/cloud-build/builds;region=us-central1/e86b2aad-f961-4911-a27d-e5fed9e234f6?project=243323136379"},{"name":"SERVICE","state":"NOT_STARTED"}],"operationType":"CREATE_FUNCTION","buildName":"projects/243323136379/locations/us-central1/builds/e86b2aad-f961-4911-a27d-e5fed9e234f6"},"done":false}
[debug] [2025-05-17T21:52:21.453Z] [create-default-us-central1-testFunction] Retrying task index 0
[debug] [2025-05-17T21:52:21.454Z] Checked if tokens are valid: true, expires at: 1747521752274
[debug] [2025-05-17T21:52:21.454Z] Checked if tokens are valid: true, expires at: 1747521752274
[debug] [2025-05-17T21:52:21.454Z] >>> [apiv2][query] GET https://cloudfunctions.googleapis.com/v2/projects/tranzitti-90210/locations/us-central1/operations/operation-1747518724278-6355be8cc871a-0862ed30-f5d97f84 [none]
[debug] [2025-05-17T21:52:21.831Z] <<< [apiv2][status] GET https://cloudfunctions.googleapis.com/v2/projects/tranzitti-90210/locations/us-central1/operations/operation-1747518724278-6355be8cc871a-0862ed30-f5d97f84 200
[debug] [2025-05-17T21:52:21.831Z] <<< [apiv2][body] GET https://cloudfunctions.googleapis.com/v2/projects/tranzitti-90210/locations/us-central1/operations/operation-1747518724278-6355be8cc871a-0862ed30-f5d97f84 {"name":"projects/tranzitti-90210/locations/us-central1/operations/operation-1747518724278-6355be8cc871a-0862ed30-f5d97f84","metadata":{"@type":"type.googleapis.com/google.cloud.functions.v2.OperationMetadata","createTime":"2025-05-17T21:52:04.829778412Z","target":"projects/tranzitti-90210/locations/us-central1/functions/testFunction","verb":"create","cancelRequested":false,"apiVersion":"v2","requestResource":{"@type":"type.googleapis.com/google.cloud.functions.v2.Function","name":"projects/tranzitti-90210/locations/us-central1/functions/testFunction","buildConfig":{"runtime":"nodejs22","entryPoint":"testFunction","source":{"storageSource":{"bucket":"gcf-v2-sources-243323136379-us-central1","object":"testFunction/function-source.zip","generation":"1747518724559019"}},"environmentVariables":{"GOOGLE_NODE_RUN_SCRIPTS":""},"serviceAccount":"projects/tranzitti-90210/serviceAccounts/243323136379-compute@developer.gserviceaccount.com","automaticUpdatePolicy":{}},"serviceConfig":{"service":"projects/tranzitti-90210/locations/us-central1/services/testfunction","timeoutSeconds":60,"environmentVariables":{"FIREBASE_CONFIG":"{\"projectId\":\"tranzitti-90210\",\"storageBucket\":\"tranzitti-90210.firebasestorage.app\"}","GCLOUD_PROJECT":"tranzitti-90210","EVENTARC_CLOUD_EVENT_SOURCE":"projects/tranzitti-90210/locations/us-central1/services/testFunction","FUNCTION_TARGET":"testFunction","LOG_EXECUTION_ID":"true"},"ingressSettings":"ALLOW_ALL","serviceAccountEmail":"243323136379-compute@developer.gserviceaccount.com","availableMemory":"256Mi","maxInstanceRequestConcurrency":80,"availableCpu":"1"},"labels":{"deployment-tool":"cli-firebase","firebase-functions-hash":"6d9f7c2ec602aa7a730fa748601db618bf121367"},"environment":"GEN_2"},"stages":[{"name":"BUILD","message":"Build in progress","state":"IN_PROGRESS","resource":"projects/243323136379/locations/us-central1/builds/e86b2aad-f961-4911-a27d-e5fed9e234f6","resourceUri":"https://console.cloud.google.com/cloud-build/builds;region=us-central1/e86b2aad-f961-4911-a27d-e5fed9e234f6?project=243323136379"},{"name":"SERVICE","state":"NOT_STARTED"}],"operationType":"CREATE_FUNCTION","buildName":"projects/243323136379/locations/us-central1/builds/e86b2aad-f961-4911-a27d-e5fed9e234f6"},"done":false}
[debug] [2025-05-17T21:52:31.838Z] [create-default-us-central1-testFunction] Retrying task index 0
[debug] [2025-05-17T21:52:31.838Z] Checked if tokens are valid: true, expires at: 1747521752274
[debug] [2025-05-17T21:52:31.838Z] Checked if tokens are valid: true, expires at: 1747521752274
[debug] [2025-05-17T21:52:31.838Z] >>> [apiv2][query] GET https://cloudfunctions.googleapis.com/v2/projects/tranzitti-90210/locations/us-central1/operations/operation-1747518724278-6355be8cc871a-0862ed30-f5d97f84 [none]
[debug] [2025-05-17T21:52:32.301Z] <<< [apiv2][status] GET https://cloudfunctions.googleapis.com/v2/projects/tranzitti-90210/locations/us-central1/operations/operation-1747518724278-6355be8cc871a-0862ed30-f5d97f84 200
[debug] [2025-05-17T21:52:32.301Z] <<< [apiv2][body] GET https://cloudfunctions.googleapis.com/v2/projects/tranzitti-90210/locations/us-central1/operations/operation-1747518724278-6355be8cc871a-0862ed30-f5d97f84 {"name":"projects/tranzitti-90210/locations/us-central1/operations/operation-1747518724278-6355be8cc871a-0862ed30-f5d97f84","metadata":{"@type":"type.googleapis.com/google.cloud.functions.v2.OperationMetadata","createTime":"2025-05-17T21:52:04.829778412Z","endTime":"2025-05-17T21:52:22.771111573Z","target":"projects/tranzitti-90210/locations/us-central1/functions/testFunction","verb":"create","cancelRequested":false,"apiVersion":"v2","requestResource":{"@type":"type.googleapis.com/google.cloud.functions.v2.Function","name":"projects/tranzitti-90210/locations/us-central1/functions/testFunction","buildConfig":{"runtime":"nodejs22","entryPoint":"testFunction","source":{"storageSource":{"bucket":"gcf-v2-sources-243323136379-us-central1","object":"testFunction/function-source.zip","generation":"1747518724559019"}},"environmentVariables":{"GOOGLE_NODE_RUN_SCRIPTS":""},"serviceAccount":"projects/tranzitti-90210/serviceAccounts/243323136379-compute@developer.gserviceaccount.com","automaticUpdatePolicy":{}},"serviceConfig":{"service":"projects/tranzitti-90210/locations/us-central1/services/testfunction","timeoutSeconds":60,"environmentVariables":{"FIREBASE_CONFIG":"{\"projectId\":\"tranzitti-90210\",\"storageBucket\":\"tranzitti-90210.firebasestorage.app\"}","GCLOUD_PROJECT":"tranzitti-90210","EVENTARC_CLOUD_EVENT_SOURCE":"projects/tranzitti-90210/locations/us-central1/services/testFunction","FUNCTION_TARGET":"testFunction","LOG_EXECUTION_ID":"true"},"ingressSettings":"ALLOW_ALL","serviceAccountEmail":"243323136379-compute@developer.gserviceaccount.com","availableMemory":"256Mi","maxInstanceRequestConcurrency":80,"availableCpu":"1"},"labels":{"deployment-tool":"cli-firebase","firebase-functions-hash":"6d9f7c2ec602aa7a730fa748601db618bf121367"},"environment":"GEN_2"},"stages":[{"name":"ARTIFACT_REGISTRY","message":"Deleting function artifacts in Artifact Registry","state":"COMPLETE"},{"name":"SERVICE","message":"Deleting Cloud Run service","state":"COMPLETE","resource":"projects/tranzitti-90210/locations/us-central1/services/testfunction"}],"operationType":"CREATE_FUNCTION"},"done":true,"error":{"code":3,"message":"Build failed with status: FAILURE. Could not build the function due to a missing permission on the build service account. If you didn't revoke that permission explicitly, this could be caused by a change in the organization policies. Please refer to the following documentation for more details and resolution: https://cloud.google.com/functions/docs/troubleshooting#build-service-account\n You can also view the logs at https://console.cloud.google.com/cloud-build/builds;region=us-central1/e86b2aad-f961-4911-a27d-e5fed9e234f6?project=243323136379.\n"}}
[debug] [2025-05-17T21:52:32.301Z] Got source token undefined for region us-central1
[error] Build failed with status: FAILURE. Could not build the function due to a missing permission on the build service account. If you didn't revoke that permission explicitly, this could be caused by a change in the organization policies. Please refer to the following documentation for more details and resolution: https://cloud.google.com/functions/docs/troubleshooting#build-service-account
 You can also view the logs at https://console.cloud.google.com/cloud-build/builds;region=us-central1/e86b2aad-f961-4911-a27d-e5fed9e234f6?project=243323136379.

[debug] [2025-05-17T21:52:32.310Z] Total Function Deployment time: 28302
[debug] [2025-05-17T21:52:32.310Z] 1 Functions Deployed
[debug] [2025-05-17T21:52:32.310Z] 1 Functions Errored
[debug] [2025-05-17T21:52:32.310Z] 0 Function Deployments Aborted
[debug] [2025-05-17T21:52:32.310Z] Average Function Deployment time: 28301
[info] 
[info] Functions deploy had errors with the following functions:
	testFunction(us-central1)
[debug] [2025-05-17T21:52:32.566Z] Not printing URL for HTTPS function. Typically this means it didn't match a filter or we failed deployment
[debug] [2025-05-17T21:52:32.566Z] Checked if tokens are valid: true, expires at: 1747521752274
[debug] [2025-05-17T21:52:32.566Z] Checked if tokens are valid: true, expires at: 1747521752274
[debug] [2025-05-17T21:52:32.566Z] >>> [apiv2][query] GET https://artifactregistry.googleapis.com/v1/projects/tranzitti-90210/locations/us-central1/repositories/gcf-artifacts [none]
[debug] [2025-05-17T21:52:33.003Z] <<< [apiv2][status] GET https://artifactregistry.googleapis.com/v1/projects/tranzitti-90210/locations/us-central1/repositories/gcf-artifacts 200
[debug] [2025-05-17T21:52:33.004Z] <<< [apiv2][body] GET https://artifactregistry.googleapis.com/v1/projects/tranzitti-90210/locations/us-central1/repositories/gcf-artifacts {"name":"projects/tranzitti-90210/locations/us-central1/repositories/gcf-artifacts","format":"DOCKER","description":"This repository is created and used by Cloud Functions for storing function docker images.","labels":{"goog-managed-by":"cloudfunctions"},"createTime":"2025-05-17T20:17:16.736892Z","updateTime":"2025-05-17T20:18:35.241558Z","mode":"STANDARD_REPOSITORY","cleanupPolicies":{"firebase-functions-cleanup":{"id":"firebase-functions-cleanup","action":"DELETE","condition":{"tagState":"ANY","olderThan":"86400s"}}},"vulnerabilityScanningConfig":{"lastEnableTime":"2025-05-17T20:17:08.042608601Z","enablementState":"SCANNING_DISABLED","enablementStateReason":"API containerscanning.googleapis.com is not enabled."},"satisfiesPzi":true,"registryUri":"us-central1-docker.pkg.dev/tranzitti-90210/gcf-artifacts"}
[debug] [2025-05-17T21:52:33.004Z] Functions deploy failed.
[debug] [2025-05-17T21:52:33.004Z] {
  "endpoint": {
    "id": "testFunction",
    "project": "tranzitti-90210",
    "region": "us-central1",
    "entryPoint": "testFunction",
    "platform": "gcfv2",
    "runtime": "nodejs22",
    "httpsTrigger": {},
    "labels": {
      "deployment-tool": "cli-firebase"
    },
    "serviceAccount": null,
    "ingressSettings": null,
    "availableMemoryMb": null,
    "timeoutSeconds": null,
    "maxInstances": null,
    "minInstances": null,
    "concurrency": 80,
    "vpc": null,
    "environmentVariables": {
      "FIREBASE_CONFIG": "{\"projectId\":\"tranzitti-90210\",\"storageBucket\":\"tranzitti-90210.firebasestorage.app\"}",
      "GCLOUD_PROJECT": "tranzitti-90210",
      "EVENTARC_CLOUD_EVENT_SOURCE": "projects/tranzitti-90210/locations/us-central1/services/testFunction"
    },
    "codebase": "default",
    "cpu": 1,
    "targetedByOnly": false,
    "hash": "6d9f7c2ec602aa7a730fa748601db618bf121367"
  },
  "op": "create",
  "original": {
    "name": "FirebaseError",
    "children": [],
    "exit": 1,
    "message": "Build failed with status: FAILURE. Could not build the function due to a missing permission on the build service account. If you didn't revoke that permission explicitly, this could be caused by a change in the organization policies. Please refer to the following documentation for more details and resolution: https://cloud.google.com/functions/docs/troubleshooting#build-service-account\n You can also view the logs at https://console.cloud.google.com/cloud-build/builds;region=us-central1/e86b2aad-f961-4911-a27d-e5fed9e234f6?project=243323136379.\n",
    "original": {
      "code": 3,
      "message": "Build failed with status: FAILURE. Could not build the function due to a missing permission on the build service account. If you didn't revoke that permission explicitly, this could be caused by a change in the organization policies. Please refer to the following documentation for more details and resolution: https://cloud.google.com/functions/docs/troubleshooting#build-service-account\n You can also view the logs at https://console.cloud.google.com/cloud-build/builds;region=us-central1/e86b2aad-f961-4911-a27d-e5fed9e234f6?project=243323136379.\n"
    },
    "status": 3,
    "code": 3
  }
}
[debug] [2025-05-17T21:52:33.068Z] Error: Failed to create function testFunction in region us-central1
    at C:\Users\mrsha\AppData\Roaming\npm\node_modules\firebase-tools\lib\deploy\functions\release\fabricator.js:294:27
    at process.processTicksAndRejections (node:internal/process/task_queues:105:5)
    at async Fabricator.createV2Function (C:\Users\mrsha\AppData\Roaming\npm\node_modules\firebase-tools\lib\deploy\functions\release\fabricator.js:278:30)
    at async Fabricator.createEndpoint (C:\Users\mrsha\AppData\Roaming\npm\node_modules\firebase-tools\lib\deploy\functions\release\fabricator.js:137:13)
    at async handle (C:\Users\mrsha\AppData\Roaming\npm\node_modules\firebase-tools\lib\deploy\functions\release\fabricator.js:89:17)
[error] 
[error] Error: There was an error deploying functions
